episode_id,sample_index,control_index,phase,wrapper_time_s,api_time_argument_s,solver_step_s,return_code,solver_done,throttle_command,brake_pressure_command_mpa,steering_wheel_command_deg,quality_flags,Xo,Yo,Yaw,AVz,Lat_Veh,Lat_Targ,Vx,Station,Vy,AVy_L1,AVy_R1,AVy_L2,AVy_R2,Steer_L1,Steer_R1,Ax,Ay,My_Dr_L1,My_Dr_R1,My_Dr_L2,My_Dr_R2,My_Bk_L1,My_Bk_R1,My_Bk_L2,My_Bk_R2
1,0,0,initial,0.0,,0.001,0,0,0.0,0.0,0.0,initial_snapshot_not_transition|low_speed_outside_initial_validation_domain,0.0,0.0,0.0,0.0,0.0,0.0,0.0,0.0,0.0,0.0,0.0,0.0,0.0,0.0,0.0,-1.2828572653540328e-06,4.684735034277937e-21,0.0,0.0,0.0,0.0,0.5,0.5,0.5,0.5
1,1,1,after_integrate,0.001,0.0,0.001,0,0,0.1,0.0,0.0,first_integrate_call_timing_pending|low_speed_outside_initial_validation_domain,0.0,0.0,0.0,2.27795466026195e-20,0.0,0.0,-2.264492130498817e-08,0.0,1.4228536424598463e-23,0.00068642727591842,0.0006864272759184168,0.000614285127758858,0.0006142851277588582,3.9978691111758055e-05,-3.997869112436427e-05,-1.2076333699970437e-06,-1.7102986636685448e-18,11.554963421296094,11.554963421296094,11.555396775188692,11.555396775188692,-0.5,-0.5,-0.5,-0.5
1,2,1,after_integrate,0.002,0.001,0.001,0,0,0.1,0.0,0.0,low_speed_outside_initial_validation_domain,1.2773848809122882e-09,3.288613840920527e-23,-2.6873855072033403e-22,-5.986613504672573e-19,0.0,0.0,2.034622556445341e-07,0.0,-4.186946530602162e-20,0.06381583110670722,0.0638158311067072,0.06385139921657136,0.06385139921657136,4.0008961432031577e-05,-4.0008961432031577e-05,0.00031204378827058625,3.311015835153026e-19,32.469475067443916,32.469475067443916,32.46926141177583,32.46926141177583,-0.5,-0.5,-0.5,-0.5
1,3,1,after_integrate,0.003,0.002,0.001,0,0,0.1,0.0,0.0,low_speed_outside_initial_validation_domain,2.5862858407744322e-08,1.1399224146104747e-22,-7.8904351239644255e-22,-2.7108534528084976e-19,0.0,0.0,3.4673636047983235e-05,0.0,-6.85673936665749e-20,0.1682578502976118,0.1682578502976118,0.16909631213303958,0.16909631213303955,3.744726007804e-05,-3.744726007804e-05,0.002168138407384794,4.63670598881672e-19,51.90794709159917,51.90794709159917,51.90291049774409,51.90291049774409,-0.5,-0.5,-0.5,-0.5
1,4,1,after_integrate,0.004,0.003,0.001,0,0,0.1,0.0,0.0,low_speed_outside_initial_validation_domain,1.0319075381322166e-07,3.5717821668697144e-22,-1.0676472465053961e-21,-3.400349329145719e-19,0.0,0.0,0.00016841784890276178,0.0,-4.114062785044001e-20,0.30654064422366384,0.3065406442236639,0.31006881024078825,0.31006881024078825,3.065999186358761e-05,-3.065999186358761e-05,0.006082308495557289,-4.89922929520547e-20,69.81649457192374,69.81649457192374,69.79530107392858,69.79530107392858,-0.5,-0.5,-0.5,-0.5
1,5,1,after_integrate,0.005,0.004,0.001,0,0,0.1,0.0,0.0,low_speed_outside_initial_validation_domain,2.8584371856635763e-07,7.468171705806118e-22,-1.4558828537115976e-21,-5.7847832543002375e-19,0.0,0.0,0.0004835234316280944,0.0,-2.8725423127634515e-20,0.4634517083077514,0.4634517083077515,0.47284925190279753,0.4728492519027977,1.8292553277022518e-05,-1.8292553264416303e-05,0.01249523480100558,9.70370077033805e-20,86.40955752802343,86.40955752802343,86.35310700485924,86.35310700485924,-0.5,-0.5,-0.5,-0.5
1,6,1,after_integrate,0.006,0.005,0.001,0,0,0.1,0.0,0.0,low_speed_outside_initial_validation_domain,6.523122898991357e-07,1.5468468300474945e-21,-1.4730266147938889e-21,6.524900941650785e-19,0.0,0.0,0.0010727181181209378,0.0,-5.860538273442012e-20,0.6225457398420967,0.6225457398420967,0.6422195959113919,0.642219595911392,-3.8573148968829903e-07,3.857315022945083e-07,0.021590864207086023,1.4835101419769622e-18,101.89956925458117,101.89956925458117,101.78138950136322,101.78138950136322,-0.5,-0.5,-0.5,-0.5
1,7,1,after_integrate,0.007,0.006,0.001,0,0,0.1,0.0,0.0,low_speed_outside_initial_validation_domain,1.3086288920733133e-06,1.9677781648233885e-21,4.638354237742658e-22,2.4594931652670732e-18,0.0,0.0,0.0020305022218813106,0.0,-4.876212820508337e-21,0.7678138781799071,0.7678138781799071,0.8030200021074129,0.8030200021074129,-2.544604800481778e-05,2.5446048004817776e-05,0.033294280568603535,-1.0270482165811805e-18,116.48450609486751,116.48450609486751,116.27302492331408,116.27302492331408,-0.5,-0.5,-0.5,-0.5
1,8,1,after_integrate,0.008,0.007,0.001,0,0,0.1,0.0,0.0,low_speed_outside_initial_validation_domain,2.387636447015325e-06,2.7539277216953882e-21,2.783967654087077e-21,4.0469049989043595e-18,0.0,0.0,0.0034443153300131603,0.0,1.0106293996038061e-19,0.8849735352927838,0.8849735352927837,0.9411588663161273,0.9411588663161273,-5.633623445435212e-05,5.633623445435211e-05,0.047269019176514056,-2.814129698407232e-18,130.3390728494751,130.3390728494751,130.00157094704605,130.00157094704605,-0.5,-0.5,-0.5,-0.5
1,9,1,after_integrate,0.009000000000000001,0.008,0.001,0,0,0.1,0.0,0.0,low_speed_outside_initial_validation_domain,4.045572463972227e-06,3.337172906741153e-21,7.7943342697703e-21,5.1296757459082875e-18,0.0,0.0,0.005384440572687233,0.0,-1.9013388889053094e-19,0.9628143966754815,0.9628143966754813,1.0448775581894774,1.0448775581894774,-9.183276505615944e-05,9.183276505615943e-05,0.06291996812662834,-1.0728355340017649e-18,143.60563579628462,143.60563579628462,143.11268777434526,143.11268777434526,-0.5,-0.5,-0.5,-0.5
1,10,1,after_integrate,0.010000000000000002,0.009000000000000001,0.001,0,0,0.1,0.0,0.0,low_speed_outside_initial_validation_domain,6.455626840421774e-06,3.1395014716730477e-21,1.4108970172519047e-20,7.026401083277568e-18,0.0,0.0,0.007898440757510353,0.0,-3.417582203107844e-19,0.9940520256251038,0.9940520256251035,1.1052514883385278,1.1052514883385274,-0.0001303558622513661,0.00013035586225136609,0.07957784282802875,5.548476465425268e-19,156.38967814431936,156.38967814431936,155.7217112364407,155.7217112364407,-0.5,-0.5,-0.5,-0.5
1,11,1,after_integrate,0.011000000000000003,0.010000000000000002,0.001,0,0,0.1,0.0,0.0,low_speed_outside_initial_validation_domain,9.801039969908847e-06,3.0206508552807637e-21,2.1042240110361988e-20,6.928846117868751e-18,0.0,0.0,0.011008187010152371,0.0,-5.913433012831377e-20,0.975594421331668,0.9755944213316677,1.1165888925937055,1.1165888925937053,-0.00017007568237470982,0.0001700756823621036,0.09644586933331445,-7.09410641853173e-18,168.75933048625217,168.75933048625217,167.91238880401303,167.91238880401303,-0.5,-0.5,-0.5,-0.5
1,12,1,after_integrate,0.012000000000000004,0.011000000000000003,0.001,0,0,0.1,0.0,0.0,low_speed_outside_initial_validation_domain,1.4266693943360744e-05,2.8918824513290747e-21,2.6769164044892905e-20,6.729634162532354e-18,0.0,0.0,0.014706022691823861,0.0,-4.97124196753642e-19,0.9089094569608277,0.9089094569608275,1.0769581663868162,1.076958166386816,-0.0002090215482137966,0.00020902154822640277,0.11266347085659337,8.19014962691927e-18,180.7441972412188,180.7441972412188,179.73474523182225,179.73474523182225,-0.5,-0.5,-0.5,-0.5
1,13,1,after_integrate,0.013000000000000005,0.012000000000000004,0.001,0,0,0.1,0.0,0.0,low_speed_outside_initial_validation_domain,2.0030032858810677e-05,2.6975613131353454e-21,3.3818782068913844e-20,6.2830545777869176e-18,0.0,0.0,0.01895334816131208,0.0,4.337800351833464e-20,0.7999521698362203,0.7999521698362203,0.9885097911472099,0.9885097911472096,-0.00024522404650320086,0.0002452240464905947,0.12732977029197806,-1.3944442992195066e-17,192.33736847519688,192.33736847519688,191.20472357504863,191.20472357504863,-0.5,-0.5,-0.5,-0.5
1,14,1,after_integrate,0.014000000000000005,0.013000000000000005,0.001,0,0,0.1,0.0,0.0,low_speed_outside_initial_validation_domain,2.7251620735117414e-05,2.470872273335867e-21,3.938058061193409e-20,4.3696582892978855e-18,0.0,0.0,0.023677884982556564,0.0,-7.540879936752781e-19,0.6596758065655576,0.6596758065655579,0.8575779921333255,0.8575779921333253,-0.0002763843044899348,0.0002763843044899348,0.1394466822011202,-7.864058308552327e-18,203.49349904920044,203.49349904920044,202.30472347686575,202.30472347686575,-0.5,-0.5,-0.5,-0.5
1,15,1,after_integrate,0.015000000000000006,0.014000000000000005,0.001,0,0,0.1,0.0,0.0,low_speed_outside_initial_validation_domain,3.6064446236557314e-05,2.305063143058924e-21,4.558904639416879e-20,6.656866818135922e-18,0.0,0.0,0.028771885410406216,0.0,-1.2278046816076039e-18,0.5034005607236495,0.5034005607236497,0.6956563826533482,0.6956563826533481,-0.00030074036933880837,0.00030074036933880837,0.14802338191944828,-7.846087911436318e-18,214.13408764822844,214.13408764822844,212.9792284795087,212.9792284795087,-0.5,-0.5,-0.5,-0.5
1,16,1,after_integrate,0.016000000000000007,0.015000000000000006,0.001,0,0,0.1,0.0,0.0,low_speed_outside_initial_validation_domain,4.6563404833677094e-05,2.095698983828748e-21,5.365135732393621e-20,8.143386630368388e-18,0.0,0.0,0.03409792604477714,0.0,-1.2107804318944044e-18,0.34835524456129624,0.34835524456129663,0.5201468990350777,0.5201468990350774,-0.0003172968458794854,0.0003172968458920916,0.15258039600593606,1.4666901355210551e-18,224.16541158237445,224.16541158237445,223.13347640723677,223.13347640723677,-0.5,-0.5,-0.5,-0.5
1,17,1,after_integrate,0.017000000000000008,0.016000000000000007,0.001,0,0,0.1,0.0,0.0,low_speed_outside_initial_validation_domain,5.879975642139085e-05,1.9389807962719287e-21,6.370570155727293e-20,1.658736533576707e-17,0.0,0.0,0.03951059442932481,0.0,-1.0645909425962038e-18,0.21212750571136801,0.21212750571136837,0.3499615571292984,0.34996155712929816,-0.00032592688998616006,0.00032592688997355377,0.15301863070889493,-8.978710532648716e-18,233.49309202763803,233.49309202763803,232.6651345294384,232.6651345294384,-0.5,-0.5,-0.5,-0.5
1,18,1,after_integrate,0.01800000000000001,0.017000000000000008,0.001,0,0,0.1,0.0,0.0,low_speed_outside_initial_validation_domain,7.278057704003155e-05,1.6298575071926537e-21,7.831851150380212e-20,1.1799988512370042e-17,0.0,0.0,0.044869309543383716,0.0,-1.3767191826313022e-18,0.11049953631528299,0.11049953631528316,0.20418317583161336,0.20418317583161313,-0.0003274454958212679,0.0003274454958212678,0.1497394550459899,4.431426573612781e-19,242.0383682501384,242.0383682501384,241.4756170739018,241.4756170739018,-0.5,-0.5,-0.5,-0.5
1,19,1,after_integrate,0.01900000000000001,0.01800000000000001,0.001,0,0,0.1,0.0,0.0,low_speed_outside_initial_validation_domain,8.847304391381278e-05,1.0945151351478624e-21,9.087141603686357e-20,1.5896996064243088e-17,0.0,0.0,0.05005567221788905,0.0,-1.3413932693287431e-18,0.05560600992960161,0.055606009929601866,0.09925011286541374,0.09925011286541355,-0.00032350088794358346,0.00032350088794358336,0.14355386848964438,-8.962427464591308e-19,249.7533218274014,249.7533218274014,249.49115424346724,249.49115424346724,-0.5,-0.5,-0.5,-0.5
1,20,1,after_integrate,0.02000000000000001,0.01900000000000001,0.001,0,0,0.1,0.0,0.0,low_speed_outside_initial_validation_domain,0.00010581319077588291,1.0160507036987847e-21,1.0717506708473792e-19,1.268621006470322e-17,0.0,0.0,0.05498560872275959,0.0,-1.6175188966253037e-18,0.05470791696828516,0.05470791696828486,0.04699525795149724,0.04699525795149698,-0.00031631386697624056,0.00031631386697624056,0.13554453040898998,-1.2126151939474053e-20,256.62891520033423,256.62891520033423,256.6752447156263,256.6752447156263,-0.5,-0.5,-0.5,-0.5
1,21,1,after_integrate,0.02100000000000001,0.02000000000000001,0.001,0,0,0.1,0.0,0.0,low_speed_outside_initial_validation_domain,0.0001247175331183655,3.719775906963774e-22,1.203042852090121e-19,1.3969612308172198e-17,0.0,0.0,0.059615938001153536,0.0,-1.2382635336394825e-18,0.10963643620139622,0.10963643620139608,0.053577555598426786,0.05357755559842663,-0.0003083802715049325,0.0003083802715049324,0.12689909290535478,-7.792679172484846e-19,262.69787648726987,262.69787648726987,263.03461881085536,263.03461881085536,-0.5,-0.5,-0.5,-0.5
1,22,1,after_integrate,0.022000000000000013,0.02100000000000001,0.001,0,0,0.1,0.0,0.0,low_speed_outside_initial_validation_domain,0.00014509574700597003,4.7994327207070365e-22,1.3466595543017993e-19,1.501847643881176e-17,0.0,0.0,0.06394523729204815,0.0,-1.4720384642502172e-18,0.2168882787588083,0.21688827875880792,0.1193201290308791,0.11932012903087891,-0.00030218427230467316,0.00030218427230467305,0.11876462157888155,-6.926559928751047e-18,268.0321140814666,268.0321140814666,268.6181991318992,268.6181991318992,-0.5,-0.5,-0.5,-0.5
1,23,1,after_integrate,0.023000000000000013,0.022000000000000013,0.001,0,0,0.1,0.0,0.0,low_speed_outside_initial_validation_domain,0.00016686286095041853,-1.125758713283902e-22,1.5167819850036672e-19,1.8025707480962136e-17,0.0,0.0,0.06801031393310579,0.0,-1.706841032957923e-18,0.3681760751063204,0.3681760751063195,0.2390901385079607,0.23909013850796082,-0.000299945964888408,0.00029994596490101415,0.11214339405497899,7.28790080922224e-18,272.7367328520648,272.7367328520648,273.512141626916,273.512141626916,-0.5,-0.5,-0.5,-0.5
1,24,1,after_integrate,0.024000000000000014,0.023000000000000013,0.001,0,0,0.1,0.0,0.0,low_speed_outside_initial_validation_domain,0.0001899498845368726,-2.9526169825601836e-22,1.71921379824121e-19,2.332662741347793e-17,0.0,0.0,0.07187976606340625,0.0,-1.355544065671996e-18,0.5512537576310919,0.5512537576310909,0.4034301528844679,0.40343015288446804,-0.00030345203503599343,0.00030345203504859956,0.10782703717720767,6.1394341758693515e-18,276.94184383722666,276.94184383722666,277.82980709001123,277.82980709001123,-0.5,-0.5,-0.5,-0.5
1,25,1,after_integrate,0.025000000000000015,0.024000000000000014,0.001,0,0,0.1,0.0,0.0,low_speed_outside_initial_validation_domain,0.00021431219808251605,-1.0760189057457887e-21,1.9694409751522659e-19,2.631258395041417e-17,0.0,0.0,0.07564583363987812,0.0,-1.4196535831948758e-18,0.7514374199728693,0.7514374199728681,0.5996624675275815,0.5996624675275818,-0.00031399883218702514,0.0003139988321996312,0.10636228092173058,1.5855965621346335e-18,280.7901510841559,280.7901510841559,281.7018494552888,281.7018494552888,-0.5,-0.5,-0.5,-0.5
1,26,1,after_integrate,0.026000000000000016,0.025000000000000015,0.001,0,0,0.1,0.0,0.0,low_speed_outside_initial_validation_domain,0.00023993534819408054,-1.7830565104810256e-21,2.2594923973667173e-19,3.336709367955472e-17,0.0,0.0,0.07941546582872205,0.0,-1.16380872365405e-18,0.9528600273780088,0.9528600273780078,0.8130234830219413,0.8130234830219415,-0.00033228248714602565,0.0003322824871460256,0.10803615442244863,-5.458466882225053e-18,284.4268975721705,284.4268975721705,285.26688375676747,285.26688375676747,-0.5,-0.5,-0.5,-0.5
1,27,1,after_integrate,0.027000000000000017,0.026000000000000016,0.001,0,0,0.1,0.0,0.0,low_speed_outside_initial_validation_domain,0.0002668381013886839,-1.8836685205204346e-21,2.5951955790359864e-19,3.2571466982961044e-17,0.0,0.0,0.08330106039717461,0.0,-1.3950953778928168e-18,1.1398561457066754,1.1398561457066745,1.027806331049445,1.027806331049445,-0.00035836984112262363,0.0003583698411226236,0.11287260373135544,1.158879990433176e-18,287.9893793340242,287.9893793340242,288.66245421015105,288.66245421015105,-0.5,-0.5,-0.5,-0.5
1,28,1,after_integrate,0.028000000000000018,0.027000000000000017,0.001,0,0,0.1,0.0,0.0,low_speed_outside_initial_validation_domain,0.0002950727071242474,-1.9746308189840806e-21,2.9220822273838806e-19,3.192351482560731e-17,0.0,0.0,0.08741109201680278,0.0,-1.6339015993733982e-18,1.2982878879924,1.2982878879923996,1.2285216743858725,1.2285216743858725,-0.000391707869048525,0.0003917078690611312,0.12061435426084112,1.6463782853683252e-18,291.5973141063567,291.5973141063567,292.01639536988654,292.01639536988654,-0.5,-0.5,-0.5,-0.5
1,29,1,after_integrate,0.02900000000000002,0.028000000000000018,0.001,0,0,0.1,0.0,0.0,low_speed_outside_initial_validation_domain,0.00032472221984319074,-2.2580917525550423e-21,3.2615685409515424e-19,3.1844964535647354e-17,0.0,0.0,0.09183990147741757,0.0,-1.3828051653480997e-18,1.416802617985691,1.416802617985691,1.4013047443896092,1.4013047443896092,-0.0004311333653699802,0.0004311333653825863,0.13074111087716953,2.917825600326287e-19,295.3438969884751,295.3438969884751,295.4369918520003,295.4369918520003,-0.5,-0.5,-0.5,-0.5
1,30,1,after_integrate,0.03000000000000002,0.02900000000000002,0.001,0,0,0.1,0.0,0.0,low_speed_outside_initial_validation_domain,0.000355894890885434,-2.7371308670131342e-21,3.6093566891378413e-19,4.0624088430561135e-17,0.0,0.0,0.09665964172886853,0.0,-1.2220344763497246e-18,1.4881656193503938,1.4881656193503938,1.5346197892205387,1.5346197892205382,-0.0004748794359433597,0.0004748794359559657,0.14253171927645955,2.2906643370335817e-18,299.28737994373057,299.28737994373057,299.00833246948486,299.00833246948486,-0.5,-0.5,-0.5,-0.5
1,31,1,after_integrate,0.03100000000000002,0.03000000000000002,0.001,0,0,0.1,0.0,0.0,low_speed_outside_initial_validation_domain,0.0003887165275447601,-3.097142569076611e-21,4.0670101958544963e-19,5.0558599967013894e-17,0.0,0.0,0.1019138600220945,0.0,-1.326526700136605e-18,1.5097810860428378,1.509781086042838,1.620308538503793,1.6203085385037925,-0.0005208682873508038,0.0005208682873508036,0.15508354423102014,-2.2032579134707265e-19,303.4481676361914,303.4481676361914,302.7842374186539,302.7842374186539,-0.5,-0.5,-0.5,-0.5
1,32,1,after_integrate,0.03200000000000002,0.03100000000000002,0.001,0,0,0.1,0.0,0.0,low_speed_outside_initial_validation_domain,0.00042332094907454907,-3.334169143560421e-21,4.536783315036223e-19,4.481614001949895e-17,0.0,0.0,0.10761136639150241,0.0,-1.4038260214259678e-18,1.484178754425346,1.4841787544253466,1.6545728517572524,1.654572851757252,-0.0005667654910347026,0.0005667654910347025,0.1673518905879726,4.1608995471016e-19,307.8063780675423,307.8063780675423,306.78283775229056,306.78283775229056,-0.5,-0.5,-0.5,-0.5
1,33,1,after_integrate,0.03300000000000002,0.03200000000000002,0.001,0,0,0.1,0.0,0.0,low_speed_outside_initial_validation_domain,0.00045983883220658295,-4.0274267104666614e-21,4.971711065164027e-19,3.1396001224953655e-17,0.0,0.0,0.113722623544686,0.0,-1.1716164441629285e-18,1.4190208614320017,1.4190208614320035,1.6387406006880572,1.6387406006880565,-0.0006102066200547424,0.0006102066200547423,0.1782397139201467,-1.033408012655177e-17,312.3030258639446,312.3030258639446,310.98319784185566,310.98319784185566,-0.5,-0.5,-0.5,-0.5
1,34,1,after_integrate,0.03400000000000002,0.03300000000000002,0.001,0,0,0.1,0.0,0.0,low_speed_outside_initial_validation_domain,0.0004983859935826603,-4.5314461693918145e-21,5.265653522087546e-19,4.213914672818267e-17,0.0,0.0,0.12017991901337748,0.0,-1.9391674966496197e-18,1.3264724031343087,1.3264724031343094,1.5796502903453447,1.5796502903453449,-0.0006490763618158898,0.0006490763618158897,0.18672232581989204,-9.777282359558797e-19,316.84587705488906,316.84587705488906,315.3250764244123,315.3250764244123,-0.5,-0.5,-0.5,-0.5
1,35,1,after_integrate,0.035000000000000024,0.03400000000000002,0.001,0,0,0.1,0.0,0.0,low_speed_outside_initial_validation_domain,0.0005390524203321693,-5.620855438316619e-21,5.65416019615274e-19,3.185194007761731e-17,0.0,0.0,0.12687538965816184,0.0,-2.0881818503457586e-18,1.2219191311714666,1.2219191311714679,1.491295138081681,1.4912951380816815,-0.0006818142132636379,0.0006818142132636377,0.19102290670105881,-8.675209533247892e-18,321.3183584869351,321.3183584869351,319.7002617453866,319.7002617453866,-0.5,-0.5,-0.5,-0.5
1,36,1,after_integrate,0.036000000000000025,0.035000000000000024,0.001,0,0,0.1,0.0,0.0,low_speed_outside_initial_validation_domain,0.0005818849360901108,-7.058884767601687e-21,5.996103060507157e-19,3.9329055272082946e-17,0.0,0.0,0.13364366025377244,0.0,-1.8205619207546933e-18,1.122103964336974,1.1221039643369752,1.4011059374943762,1.4011059374943764,-0.0007076813004536104,0.000707681300441004,0.1920226229585304,-1.3155722658610038e-17,325.589156475097,325.589156475097,323.9132404223945,323.9132404223945,-0.5,-0.5,-0.5,-0.5
1,37,1,after_integrate,0.037000000000000026,0.036000000000000025,0.001,0,0,0.1,0.0,0.0,low_speed_outside_initial_validation_domain,0.000626888607984089,-8.331396928767002e-21,6.365625638841193e-19,3.171945160103035e-17,0.0,0.0,0.14040455221646916,0.0,-2.0788174105525884e-18,1.0430260825388107,1.0430260825388116,1.313557145384811,1.3135571453848112,-0.0007269048673309757,0.0007269048673309756,0.19034897883308438,-1.9163322249979496e-19,329.55927494579333,329.55927494579333,327.9342402350767,327.9342402350767,-0.5,-0.5,-0.5,-0.5
1,38,1,after_integrate,0.03800000000000003,0.037000000000000026,0.001,0,0,0.1,0.0,0.0,low_speed_outside_initial_validation_domain,0.0006740473996092041,-1.0246853509141574e-20,6.723825130817094e-19,4.0700195141862634e-17,0.0,0.0,0.1470630918237007,0.0,-2.199241803347776e-18,0.9980327415732337,0.9980327415732341,1.2395018642427975,1.2395018642427977,-0.0007406161802759564,0.0007406161802633502,0.1863972421501904,-1.1002186109114093e-17,333.14438729701845,333.14438729701845,331.69391726593943,331.69391726593943,-0.5,-0.5,-0.5,-0.5
1,39,1,after_integrate,0.03900000000000003,0.03800000000000003,0.001,0,0,0.1,0.0,0.0,low_speed_outside_initial_validation_domain,0.0007233183346548467,-1.2103288471631843e-20,7.122014226187466e-19,3.6419727041606396e-17,0.0,0.0,0.15354930928807117,0.0,-2.9130738506332855e-18,0.9963348971697816,0.9963348971697816,1.1868176298680904,1.1868176298680906,-0.0007506578482217668,0.0007506578482343728,0.18079000788876834,1.0967556372918752e-17,336.2944087133318,336.2944087133318,335.1502000942629,335.1502000942629,-0.5,-0.5,-0.5,-0.5
1,40,1,after_integrate,0.04000000000000003,0.03900000000000003,0.001,0,0,0.1,0.0,0.0,low_speed_outside_initial_validation_domain,0.0007746408402370257,-1.467273306287952e-20,7.520934418498395e-19,6.65443834002556e-17,0.0,0.0,0.15980137458078214,0.0,-2.3513120081766965e-18,1.0422080829211324,1.042208082921132,1.1659503425308322,1.1659503425308297,-0.0007592867162220583,0.0007592867162220582,0.1726915967745014,-4.1790529479351365e-19,338.9921001843906,338.9921001843906,338.2487901879478,338.2487901879478,-0.5,-0.5,-0.5,-0.5
1,41,1,after_integrate,0.04100000000000003,0.04000000000000003,0.001,0,0,0.1,0.0,0.0,low_speed_outside_initial_validation_domain,0.000827928964219603,-1.6720029625033414e-20,8.213596686964767e-19,4.995062923606224e-17,0.0,0.0,0.16574409401318757,0.0,-2.4529167097634494e-18,1.134824952237399,1.1348249522373979,1.1957650378671743,1.1957650378671747,-0.0007688683069950329,0.0007688683070076391,0.16433876421867538,8.414038625942458e-18,341.25004916050943,341.25004916050943,340.8839857854191,340.8839857854191,-0.5,-0.5,-0.5,-0.5
1,42,1,after_integrate,0.04200000000000003,0.04100000000000003,0.001,0,0,0.1,0.0,0.0,low_speed_outside_initial_validation_domain,0.0008830898456161335,-1.9442667615949315e-20,8.71483510800163e-19,5.064667229684838e-17,0.0,0.0,0.171404689496632,0.0,-2.4597176266175055e-18,1.2686906679192114,1.2686906679192103,1.2721654358358525,1.272165435835853,-0.000781617430910858,0.0007816174309108579,0.1567816248261552,-5.830376701011601e-18,343.133096197101,343.133096197101,343.1122234585381,343.1122234585381,-0.5,-0.5,-0.5,-0.5
1,43,1,after_integrate,0.04300000000000003,0.04200000000000003,0.001,0,0,0.1,0.0,0.0,low_speed_outside_initial_validation_domain,0.0009400427047498427,-2.181208004758968e-20,9.263066451015553e-19,5.622583874578259e-17,0.0,0.0,0.17682528787531343,0.0,-2.0706397102345135e-18,1.4345213638446315,1.4345213638446306,1.3911868098790876,1.391186809879088,-0.0007993851952225185,0.0007993851952225184,0.15092174375634845,1.5220120701332583e-18,344.7280918198655,344.7280918198655,344.9883999629598,344.9883999629598,-0.5,-0.5,-0.5,-0.5
1,44,1,after_integrate,0.04400000000000003,0.04300000000000003,0.001,0,0,0.1,0.0,0.0,low_speed_outside_initial_validation_domain,0.000998723896969336,-2.398985561973058e-20,9.819649412240748e-19,6.134435085975139e-17,0.0,0.0,0.1820780210230004,0.0,-2.2290251080444152e-18,1.6202267787267186,1.6202267787267177,1.5439977881195692,1.5439977881195697,-0.0008236188978372387,0.0008236188978372386,0.14737118773919364,-7.027942150486028e-18,346.1411501575611,346.1411501575611,346.59905280615277,346.59905280615277,-0.5,-0.5,-0.5,-0.5
1,45,1,after_integrate,0.04500000000000003,0.04400000000000003,0.001,0,0,0.1,0.0,0.0,low_speed_outside_initial_validation_domain,0.0010590942429757788,-2.5477650727859902e-20,1.0448201094830153e-18,5.866735661811535e-17,0.0,0.0,0.18725209420107067,0.0010286962860961107,-2.475202480096076e-18,1.8118575983112584,1.8118575983112575,1.7195445634736048,1.7195445634736053,-0.0008552248163336575,0.0008552248163336573,0.1464819777466218,-7.40277769703282e-18,347.4878766749132,347.4878766749132,348.04239475930785,348.04239475930785,-0.5,-0.5,-0.5,-0.5
1,46,1,after_integrate,0.046000000000000034,0.04500000000000003,0.001,0,0,0.1,0.0,0.0,low_speed_outside_initial_validation_domain,0.0011211428494402166,-2.6945473941263247e-20,1.1039025219540432e-18,6.027397202251537e-17,0.0,0.0,0.19244422791488616,0.0010286962860961107,-2.905606636609698e-18,1.9955274184766503,1.9955274184766503,1.905241878755669,1.9052418787556697,-0.0008944095065627011,0.0008944095065500945,0.1483587830569178,-1.9201010736741866e-17,348.8792833567491,348.8792833567491,349.4216224680438,349.4216224680438,-0.5,-0.5,-0.5,-0.5
1,47,1,after_integrate,0.047000000000000035,0.046000000000000034,0.001,0,0,0.1,0.0,0.0,low_speed_outside_initial_validation_domain,0.0011848880980188047,-2.792832641721021e-20,1.1572021032960018e-18,5.1851286161229886e-17,0.0,0.0,0.19775069042724672,0.0010286962860961107,-3.77756509541952e-18,2.158367838781531,2.158367838781533,2.0881500968884,2.0881500968884006,-0.0009408121348181684,0.0009408121348055621,0.15286600184640192,-1.815951942319386e-17,350.4144464095193,350.4144464095193,350.8362399682908,350.8362399682908,-0.5,-0.5,-0.5,-0.5
1,48,1,after_integrate,0.048000000000000036,0.047000000000000035,0.001,0,0,0.1,0.0,0.0,low_speed_outside_initial_validation_domain,0.0012503762637316,-2.9200437674209286e-20,1.212987699064555e-18,5.705166448872443e-17,0.0,0.0,0.2032589206768953,0.0010286962860961107,-3.6655841823238174e-18,2.289713323620029,2.2897133236200307,2.2559928095519473,2.2559928095519477,-0.0009935397409703928,0.0009935397409703928,0.15964438719247714,-8.033885831577504e-18,352.17208584743383,352.17208584743383,352.3746430508889,352.3746430508889,-0.5,-0.5,-0.5,-0.5
1,49,1,after_integrate,0.04900000000000004,0.048000000000000036,0.001,0,0,0.1,0.0,0.0,low_speed_outside_initial_validation_domain,0.0013176777123400168,-2.9787885564189045e-20,1.272782443237601e-18,6.154299568891534e-17,0.0,0.0,0.20903999823621439,0.0010286962860961107,-4.195926272368307e-18,2.382075629886007,2.382075629886008,2.398118455297801,2.3981184552978014,-0.001051230407709992,0.0010512304077225985,0.1681341297515418,1.2407823065151004e-17,354.20399312904055,354.20399312904055,354.10762477073354,354.10762477073354,-0.5,-0.5,-0.5,-0.5
1,50,1,after_integrate,0.05000000000000004,0.04900000000000004,0.001,0,0,0.1,0.0,0.0,low_speed_outside_initial_validation_domain,0.0013868809582658981,-2.9919591120672536e-20,1.3402104698608824e-18,7.837719691637626e-17,0.0,0.0,0.2151420903401243,0.0010286962860961107,-3.712009440895578e-18,2.431893923462439,2.4318939234624395,2.506391471562966,2.506391471562966,-0.0011121492328129716,0.0011121492328129716,0.17760820473884475,-7.614545043578046e-18,356.5303370311842,356.5303370311842,356.08283501661145,356.08283501661145,-0.5,-0.5,-0.5,-0.5
1,51,2,after_integrate,0.05100000000000004,0.05000000000000004,0.001,0,0,0.20000000149011612,0.0,0.0,low_speed_outside_initial_validation_domain,0.0014580849352425888,-2.89646327916782e-20,1.4240378844057591e-18,8.37140794328383e-17,0.0,0.0,0.22158532563596217,0.0010286962860961107,-4.063519007373697e-18,2.439981760613221,2.439981760613221,2.5759786410005803,2.5759786410005803,-0.0011743239240570797,0.0011743239240444737,0.18722176646626978,-9.188656776322532e-18,359.1373409158749,359.1373409158749,358.32041904368975,358.32041904368975,-0.5,-0.5,-0.5,-0.5
1,52,2,after_integrate,0.05200000000000004,0.05100000000000004,0.001,0,0,0.20000000149011612,0.0,0.0,low_speed_outside_initial_validation_domain,0.001531389999256867,-2.8351328234416e-20,1.510729540012859e-18,9.246938431297501e-17,0.0,0.0,0.2283587755065213,0.0010286962860961107,-4.884810310711163e-18,2.411785968549517,2.411785968549516,2.6061697301811724,2.606169730181172,-0.001235727568424729,0.001235727568412123,0.19599739425787874,-1.2920741397550651e-17,362.2328278040887,362.2328278040887,361.06518658582564,361.06518658582564,-0.5,-0.5,-0.5,-0.5
1,53,2,after_integrate,0.05300000000000004,0.05200000000000004,0.001,0,0,0.20000000149011612,0.0,0.0,low_speed_outside_initial_validation_domain,0.0016068879894062893,-2.739851954767895e-20,1.6032250135796552e-18,9.472804480700076e-17,0.0,0.0,0.23539680372156888,0.0010286962860961107,-4.961898640847752e-18,2.357161668256546,2.3571616682565444,2.607308200433479,2.607308200433478,-0.0012945165006872802,0.001294516500674674,0.2016322080636601,-1.0859752252119719e-17,365.6081388862958,365.6081388862958,364.1055465529788,364.1055465529788,-0.5,-0.5,-0.5,-0.5
1,54,2,after_integrate,0.05400000000000004,0.05300000000000004,0.001,0,0,0.20000000149011612,0.0,0.0,low_speed_outside_initial_validation_domain,0.0016846368290037877,-2.6454322095965015e-20,1.6999729533373678e-18,9.545188627015791e-17,0.0,0.0,0.24258927571432695,0.0010286962860961107,-5.7698602577883684e-18,2.2884884504117142,2.2884884504117124,2.597932896039934,2.5979328960399335,-0.0013493011916568957,0.0013493011916442896,0.2055005322816574,-1.1766988452096322e-17,369.20210273581444,369.20210273581444,367.3433325913989,367.3433325913989,-0.5,-0.5,-0.5,-0.5
1,55,2,after_integrate,0.05500000000000004,0.05400000000000004,0.001,0,0,0.20000000149011612,0.0,0.0,low_speed_outside_initial_validation_domain,0.0017646736073361783,-2.6560332449921954e-20,1.7992209133950085e-18,1.026091195532566e-16,0.0,0.0,0.24988777661121367,0.0010286962860961107,-5.253259213133045e-18,2.2196485184301658,2.2196485184301626,2.5781370659233285,2.578137065923328,-0.0013993452459156257,0.0013993452459156262,0.20742318869033594,-1.1665683179233063e-17,372.909521818428,372.909521818428,370.7561717225311,370.7561717225311,-0.5,-0.5,-0.5,-0.5
1,56,2,after_integrate,0.05600000000000004,0.05500000000000004,0.001,0,0,0.20000000149011612,0.0,0.0,low_speed_outside_initial_validation_domain,0.0018470179777846918,-2.5589167855391637e-20,1.9039525692518965e-18,9.796620583189065e-17,0.0,0.0,0.25721906958558344,0.0010286962860961107,-6.6330211077173225e-18,2.1642822207360255,2.164282220736023,2.5546087832711817,2.554608783271181,-0.001444669349207742,0.0014446693492203486,0.20741938939968493,-1.103167250804199e-18,376.6242444243378,376.6242444243378,374.2796657148057,374.2796657148057,-0.5,-0.5,-0.5,-0.5
1,57,2,after_integrate,0.057000000000000044,0.05600000000000004,0.001,0,0,0.20000000149011612,0.0,0.0,low_speed_outside_initial_validation_domain,0.001931667979108143,-2.4720716395048166e-20,2.0048899382788016e-18,1.129495520075609e-16,0.0,0.0,0.2645184750907712,0.0010286962860961107,-6.43623531040789e-18,2.134155152982953,2.1341551529829506,2.5331778507144143,2.5331778507144143,-0.0014860488162507124,0.0014860488162507129,0.2057247743393963,-1.1105633239470748e-17,380.25792701215664,380.25792701215664,377.8611173426781,377.8611173426781,-0.5,-0.5,-0.5,-0.5
1,58,2,after_integrate,0.058000000000000045,0.057000000000000044,0.001,0,0,0.20000000149011612,0.0,0.0,low_speed_outside_initial_validation_domain,0.002018603753522275,-2.341583215438409e-20,2.1219516030721465e-18,1.1467050319903154e-16,0.0,0.0,0.27173286619325293,0.0010286962860961107,-6.7807098675831776e-18,2.1378705471291406,2.137870547129138,2.5193875339442613,2.5193875339442613,-0.001524879415850284,0.0015248794158502846,0.20274239334066949,7.372416345024254e-20,383.7474337743253,383.7474337743253,381.4557676516418,381.4557676516418,-0.5,-0.5,-0.5,-0.5
1,59,2,after_integrate,0.059000000000000045,0.058000000000000045,0.001,0,0,0.20000000149011612,0.0,0.0,low_speed_outside_initial_validation_domain,0.0021077917981425923,-2.223896371123299e-20,2.2303470752544882e-18,1.0599517281804425e-16,0.0,0.0,0.27882557407455927,0.0020629169769592727,-6.806646018258119e-18,2.18007466207675,2.180074662076748,2.5180611720308455,2.5180611720308455,-0.0015629590418905672,0.0015629590418905677,0.19898214225690952,-1.1680037404449952e-17,387.0597264707193,387.0597264707193,385.02951951833387,385.02951951833387,-0.5,-0.5,-0.5,-0.5
1,60,2,after_integrate,0.060000000000000046,0.059000000000000045,0.001,0,0,0.20000000149011612,0.0,0.0,low_speed_outside_initial_validation_domain,0.002199190360197989,-2.1022958032426293e-20,2.3362640390193903e-18,9.971954417993396e-17,0.0,0.0,0.2857789641655831,0.0020629169769592727,-7.487909526908e-18,2.2612050524223286,2.2612050524223277,2.532968420421479,2.532968420421479,-0.001602240820351685,0.0016022408203390794,0.19499512636548283,-2.4045270589814402e-17,390.1928118424271,390.1928118424271,388.5603751603804,388.5603751603804,-0.5,-0.5,-0.5,-0.5
1,61,2,after_integrate,0.06100000000000005,0.060000000000000046,0.001,0,0,0.20000000149011612,0.0,0.0,low_speed_outside_initial_validation_domain,0.0022927552616802973,-2.060214641720932e-20,2.4313685240232428e-18,9.648731630979449e-17,0.0,0.0,0.29259477020852226,0.0020629169769592727,-7.608421796340913e-18,2.3777221576707457,2.377722157670745,2.5666138643643315,2.5666138643643315,-0.0016446068607162843,0.0016446068607036785,0.19131431177409053,-2.5264549776287133e-17,393.17326542183514,393.17326542183514,392.03861374411645,392.03861374411645,-0.5,-0.5,-0.5,-0.5
1,62,2,after_integrate,0.06200000000000005,0.06100000000000005,0.001,0,0,0.20000000149011612,0.0,0.0,low_speed_outside_initial_validation_domain,0.002388445530176945,-1.997992021961775e-20,2.5255021014620034e-18,8.400225812514753e-17,0.0,0.0,0.299292544856276,0.0020629169769592727,-8.895785812973759e-18,2.522710582634194,2.522710582634193,2.6201538339939714,2.620153833993972,-0.0016916902786245375,0.0016916902786245382,0.18840743467213236,-1.2762220420603462e-17,396.05121423041766,396.05121423041766,395.46587943209977,395.46587943209977,-0.5,-0.5,-0.5,-0.5
1,63,2,after_integrate,0.06300000000000004,0.06200000000000005,0.001,0,0,0.20000000149011612,0.0,0.0,low_speed_outside_initial_validation_domain,0.00248622834324456,-2.0514838845097897e-20,2.6063114549211698e-18,7.684404934827917e-17,0.0,0.0,0.30590670128842784,0.0020629169769592727,-9.205576506269464e-18,2.6867285645629373,2.686728564562938,2.6934268831032693,2.6934268831032706,-0.0017447518110278281,0.0017447518110404352,0.18664357898385933,9.336934077612262e-18,398.8937024338662,398.8937024338662,398.8534660054529,398.8534660054529,-0.5,-0.5,-0.5,-0.5
1,64,2,after_integrate,0.06400000000000004,0.06300000000000004,0.001,0,0,0.20000000149011612,0.0,0.0,low_speed_outside_initial_validation_domain,0.002586082936408797,-2.0911881674997488e-20,2.6808593987279193e-18,8.777459625584047e-17,0.0,0.0,0.3124826110531084,0.0020629169769592727,-8.452219279229057e-18,2.8588011213209206,2.8588011213209206,2.7850719033780384,2.7850719033780393,-0.0018046047684542267,0.0018046047684542271,0.18627224874297568,-7.619379905712185e-18,401.77722026270635,401.77722026270635,402.2201069799814,402.2201069799814,-0.5,-0.5,-0.5,-0.5
1,65,2,after_integrate,0.06500000000000004,0.06400000000000004,0.001,0,0,0.20000000149011612,0.0,0.0,low_speed_outside_initial_validation_domain,0.0026880032540773954,-2.1203556834018588e-20,2.776705840180934e-18,8.100355371929529e-17,0.0,0.0,0.3190721602292761,0.0020629169769592727,-8.516103149287644e-18,3.0274746277230276,3.0274746277230293,2.8927052967253104,2.8927052967253113,-0.0018715785482651696,0.0018715785482651699,0.18731655959763813,2.0510964532773548e-19,404.78001882277306,404.78001882277306,405.58956697738313,405.58956697738313,-0.5,-0.5,-0.5,-0.5
1,66,2,after_integrate,0.06600000000000004,0.06500000000000004,0.001,0,0,0.20000000149011612,0.0,0.0,low_speed_outside_initial_validation_domain,0.0027919985832012685,-2.2080436196478865e-20,2.854425635312714e-18,9.240330819229044e-17,0.0,0.0,0.3257201896339753,0.0020629169769592727,-9.6418435683683e-18,3.1818647728026597,3.18186477280266,3.0155314344601925,3.0155314344601933,-0.0019455125626882813,0.0019455125627008882,0.18971914371163842,4.798067014740175e-19,407.97259506938394,407.97259506938394,408.9717431605725,408.9717431605725,-0.5,-0.5,-0.5,-0.5
1,67,2,after_integrate,0.06700000000000005,0.06600000000000004,0.001,0,0,0.20000000149011612,0.0,0.0,low_speed_outside_initial_validation_domain,0.0028980912052128053,-2.3977949124348004e-20,2.949337535661429e-18,9.366849270376441e-17,0.0,0.0,0.3324831883007149,0.0020629169769592727,-9.467223700511737e-18,3.312644157658169,3.3126441576581707,3.1482434758581626,3.148243475858163,-0.002025778088703006,0.002025778088715613,0.1938175323562122,1.1877013255478302e-17,411.41709140611283,411.41709140611283,412.4046303799531,412.4046303799531,-0.5,-0.5,-0.5,-0.5
1,68,2,after_integrate,0.06800000000000005,0.06700000000000005,0.001,0,0,0.20000000149011612,0.0,0.0,low_speed_outside_initial_validation_domain,0.003006322783130414,-2.5887915658380602e-20,3.0401368415288256e-18,8.211041650245539e-17,0.0,0.0,0.33941885969063307,0.0020629169769592727,-8.855763396714502e-18,3.4129391133540716,3.4129391133540747,3.28304579541606,3.2830457954160597,-0.0021113220055634257,0.0021113220055760324,0.19924209330054263,1.1412116367553699e-17,415.15835623151725,415.15835623151725,415.93861483901463,415.93861483901463,-0.5,-0.5,-0.5,-0.5
1,69,2,after_integrate,0.06900000000000005,0.06800000000000005,0.001,0,0,0.20000000149011612,0.0,0.0,low_speed_outside_initial_validation_domain,0.0031167495152531247,-2.798638131795676e-20,3.123989781540124e-18,7.879733662078912e-17,0.0,0.0,0.34655740287887093,0.0031167495152531247,-8.141638900744981e-18,3.4790398217235814,3.4790398217235867,3.416600512128816,3.416600512128815,-0.002200739474702268,0.0022007394746896614,0.20515164531424374,-1.1830060901128936e-17,419.21373411631276,419.21373411631276,419.58880322051755,419.58880322051755,-0.5,-0.5,-0.5,-0.5
1,70,2,after_integrate,0.07000000000000005,0.06900000000000005,0.001,0,0,0.20000000149011612,0.0,0.0,low_speed_outside_initial_validation_domain,0.0032294316140716347,-3.0389963598261515e-20,3.2019647033027107e-18,9.785191051313123e-17,0.0,0.0,0.35391076621202505,0.0031167495152531247,-8.938481451452554e-18,3.5108450583924036,3.5108450583924062,3.5468847170225875,3.546884717022586,-0.00229238844598893,0.0022923884459889305,0.2114090677689346,-1.0297830899015658e-17,423.57477772026255,423.57477772026255,423.358289556742,423.358289556742,-0.5,-0.5,-0.5,-0.5
1,71,2,after_integrate,0.07100000000000005,0.07000000000000005,0.001,0,0,0.20000000149011612,0.0,0.0,low_speed_outside_initial_validation_domain,0.0033444332204951885,-3.250389842341469e-20,3.303480330827557e-18,1.1515044721597504e-16,0.0,0.0,0.3614860936541388,0.0031167495152531247,-8.301153589751935e-18,3.5119895068695577,3.5119895068695617,3.669429665876317,3.6694296658763133,-0.0023845448099863525,0.002384544809986353,0.21758408340612062,-1.0735716677060102e-17,428.2097961133102,428.2097961133102,427.26406778396654,427.26406778396654,-0.5,-0.5,-0.5,-0.5
1,72,2,after_integrate,0.07200000000000005,0.07100000000000005,0.001,0,0,0.20000000149011612,0.0,0.0,low_speed_outside_initial_validation_domain,0.003461818110111585,-3.4663222361569084e-20,3.4268548855159917e-18,1.118827523655067e-16,0.0,0.0,0.36927245283313215,0.0031167495152531247,-9.444511101629553e-18,3.4895583950860125,3.4895583950860147,3.7811172527820553,3.7811172527820553,-0.0024755904554396527,0.0024755904554396527,0.2232693336800353,-1.0780323793752914e-17,433.0630625671572,433.0630625671572,431.3117227143,431.3117227143,-0.5,-0.5,-0.5,-0.5
1,73,2,after_integrate,0.07300000000000005,0.07200000000000005,0.001,0,0,0.20000000149011612,0.0,0.0,low_speed_outside_initial_validation_domain,0.0035816448051705797,-3.802109794296511e-20,3.546530759275993e-18,1.1374265042763658e-16,0.0,0.0,0.37724616321341503,0.0031167495152531247,-9.869419413816493e-18,3.453348085579647,3.4533480855796497,3.879400568638498,3.879400568638498,-0.002564224308200804,0.0025642243082008042,0.22813280778051445,-1.069908780862402e-17,438.06136408424084,438.06136408424084,435.50220919775813,435.50220919775813,-0.5,-0.5,-0.5,-0.5
1,74,2,after_integrate,0.07400000000000005,0.07300000000000005,0.001,0,0,0.20000000149011612,0.0,0.0,low_speed_outside_initial_validation_domain,0.0037039632159115497,-4.183911040506992e-20,3.665371104683315e-18,1.4606665546039146e-16,0.0,0.0,0.3853737103331083,0.0031167495152531247,-1.045288771094735e-17,3.4147276739830286,3.4147276739830277,3.962606697838057,3.962606697838058,-0.002649653445546438,0.002649653445546438,0.23195743397957042,-1.1083095043413105e-17,443.1220088480742,443.1220088480742,439.8311825071357,439.8311825071357,-0.5,-0.5,-0.5,-0.5
1,75,2,after_integrate,0.07500000000000005,0.07400000000000005,0.001,0,0,0.20000000149011612,0.0,0.0,low_speed_outside_initial_validation_domain,0.003828812326712238,-4.5489009146809366e-20,3.819612040110266e-18,1.4815557339394002e-16,0.0,0.0,0.39361632499401084,0.0031167495152531247,-1.0982159649739359e-17,3.38524759808496,3.3852475980849586,4.030066824375082,4.030066824375083,-0.002731719101186052,0.002731719101173446,0.23466347933371237,-2.5708216895721592e-17,448.162518767701,448.162518767701,444.28953722775947,444.28953722775947,-0.5,-0.5,-0.5,-0.5
1,76,2,after_integrate,0.07600000000000005,0.07500000000000005,0.001,0,0,0.20000000149011612,0.0,0.0,low_speed_outside_initial_validation_domain,0.003956219321301515,-5.0379670975420367e-20,3.9678819441224774e-18,1.5212001197104736e-16,0.0,0.0,0.4019349357559732,0.0031167495152531247,-1.1900368426274894e-17,3.375221764648046,3.375221764648044,4.082196483444843,4.082196483444844,-0.0028109217579563865,0.0028109217579437803,0.23630793870725608,-1.4360971935511404e-17,453.1102762375142,453.1102762375142,448.86406104758856,448.86406104758856,-0.5,-0.5,-0.5,-0.5
1,77,2,after_integrate,0.07700000000000005,0.07600000000000005,0.001,0,0,0.20000000149011612,0.0,0.0,low_speed_outside_initial_validation_domain,0.004086200169615185,-5.565338044215921e-20,4.119589364699203e-18,1.527542631972625e-16,0.0,0.0,0.4102946973795205,0.0031167495152531247,-1.1787604359836036e-17,3.3925184530689494,3.392518453068946,4.120508304768853,4.120508304768855,-0.0028883373591532956,0.0028883373591532956,0.2370629938984234,-1.1913031114222599e-17,457.9105405383692,457.9105405383692,453.5381384686793,453.5381384686793,-0.5,-0.5,-0.5,-0.5
1,78,2,after_integrate,0.07800000000000006,0.07700000000000005,0.001,0,0,0.20000000149011612,0.0,0.0,low_speed_outside_initial_validation_domain,0.0042187614191296526,-6.084172795595035e-20,4.275869310433683e-18,1.5874355944921657e-16,0.0,0.0,0.4186684672757025,0.004152158776212713,-1.2715885590888574e-17,3.441738964949578,3.4417389649495758,4.147540284592874,4.147540284592875,-0.0029654480688101137,0.0029654480688101137,0.23718120380524832,5.157491169133338e-19,462.5316821277417,462.5316821277417,458.29251278320686,458.29251278320686,-0.5,-0.5,-0.5,-0.5
1,79,2,after_integrate,0.07900000000000006,0.07800000000000006,0.001,0,0,0.20000000149011612,0.0,0.0,low_speed_outside_initial_validation_domain,0.004353902831562419,-6.641291034446447e-20,4.432464404089869e-18,1.5268112362521376e-16,0.0,0.0,0.42703893954940164,0.004152158776212713,-1.2319428386136661e-17,3.5238632188245336,3.523863218824531,4.166691427715949,4.166691427715951,-0.003043930957333864,0.0030439309573338635,0.23695690522718976,-1.2056793791894347e-17,466.96718522385703,466.96718522385703,463.10615981176977,463.10615981176977,-0.5,-0.5,-0.5,-0.5
1,80,2,after_integrate,0.08000000000000006,0.07900000000000006,0.001,0,0,0.20000000149011612,0.0,0.0,low_speed_outside_initial_validation_domain,0.004491620459510601,-7.216612205643502e-20,4.590025636868e-18,1.6084317097521612e-16,0.0,0.0,0.4353994555203133,0.004152158776212713,-1.3358999483334094e-17,3.636344429991258,3.6363444299912557,4.181969500601127,4.181969500601128,-0.0031254491689199815,0.003125449168907375,0.23669105743757576,-2.6399252402369727e-17,471.2346211317146,471.2346211317146,467.95733105793573,467.95733105793573,-0.5,-0.5,-0.5,-0.5
1,81,2,after_integrate,0.08100000000000006,0.08000000000000006,0.001,0,0,0.20000000149011612,0.0,0.0,low_speed_outside_initial_validation_domain,0.004631909798636152,-7.833023393113248e-20,4.74694018922224e-18,1.503126505982191e-16,0.0,0.0,0.44375369294102057,0.004152158776212713,-1.3656061186414183e-17,3.7735710072939876,3.7735710072939863,4.1976714439044684,4.197671443904469,-0.0032114766315999464,0.0032114766315999464,0.236662750677327,3.025399984996144e-19,475.37219908272516,475.37219908272516,472.82476840571064,472.82476840571064,-0.5,-0.5,-0.5,-0.5
1,82,2,after_integrate,0.08200000000000006,0.08100000000000006,0.001,0,0,0.20000000149011612,0.0,0.0,low_speed_outside_initial_validation_domain,0.004774768721396222,-8.421590248565577e-20,4.894307346760919e-18,1.7375464759572676e-16,0.0,0.0,0.4521144788076234,0.004152158776212713,-1.3303104919711515e-17,3.9275902083267207,3.9275902083267207,4.218030781910165,4.218030781910163,-0.003303169397725604,0.00330316939773821,0.23710729492115032,1.523275754133579e-17,479.43362824013093,479.43362824013093,477.68900542163925,477.68900542163925,-0.5,-0.5,-0.5,-0.5
1,83,2,after_integrate,0.08300000000000006,0.08200000000000006,0.001,0,0,0.20000000149011612,0.0,0.0,low_speed_outside_initial_validation_domain,0.004920199964868184,-8.881717853508544e-20,5.06598953998166e-18,1.3454883201746421e-16,0.0,0.0,0.460501930583879,0.004152158776212713,-1.394467020988267e-17,4.088993248770389,4.08899324877039,4.24687357954443,4.246873579544431,-0.0034012829556206597,0.0034012829556332664,0.23819943425270618,1.6493781457753812e-18,483.4819689172124,483.4819689172124,482.5335965508405,482.5335965508405,-0.5,-0.5,-0.5,-0.5
1,84,2,after_integrate,0.08400000000000006,0.08300000000000006,0.001,0,0,0.20000000149011612,0.0,0.0,low_speed_outside_initial_validation_domain,0.005068212995300874,-9.51507557188265e-20,5.203080588549307e-18,1.4133153587650228e-16,0.0,0.0,0.46894107876195984,0.004152158776212713,-1.3334484546124404e-17,4.247878560171867,4.247878560171869,4.287322653843675,4.287322653843676,-0.0035061285082924575,0.0035061285082798508,0.24004056176166316,-1.3724725987988801e-17,487.5830311529519,487.5830311529519,487.3460927588575,487.3460927588575,-0.5,-0.5,-0.5,-0.5
1,85,2,after_integrate,0.08500000000000006,0.08400000000000006,0.001,0,0,0.20000000149011612,0.0,0.0,low_speed_outside_initial_validation_domain,0.005218825110961836,-1.0193429404050957e-19,5.33538699479965e-18,1.3033463987606048e-16,0.0,0.0,0.47745910403901204,0.005218825110961836,-1.3672609201423638e-17,4.394826113340983,4.394826113340986,4.341579675507005,4.341579675507006,-0.0036175609736192192,0.0036175609736192184,0.2426499473698183,-1.0551821690694324e-17,491.7987734359193,491.7987734359193,492.11862161011874,492.11862161011874,-0.5,-0.5,-0.5,-0.5
1,86,2,after_integrate,0.08600000000000006,0.08500000000000006,0.001,0,0,0.20000000149011612,0.0,0.0,low_speed_outside_initial_validation_domain,0.005372061685465297,-1.0883136875580677e-19,5.470217658003147e-18,1.3205690335920285e-16,0.0,0.0,0.4860823465752242,0.005218825110961836,-1.375601876552348e-17,4.52182467857286,4.521824678572863,4.410800109668664,4.410800109668664,-0.0037349946547651646,0.0037349946547525575,0.2459611775708699,-8.254193751361628e-18,496.1810982148924,496.1810982148924,496.8480145552864,496.8480145552864,-0.5,-0.5,-0.5,-0.5
1,87,2,after_integrate,0.08700000000000006,0.08600000000000006,0.001,0,0,0.20000000149011612,0.0,0.0,low_speed_outside_initial_validation_domain,0.00552795550840383,-1.1569408114515125e-19,5.599085141753967e-18,1.309908857496509e-16,0.0,0.0,0.49483330531819636,0.005218825110961836,-1.476209860806133e-17,4.623093239347988,4.623093239347992,4.49506123399419,4.49506123399419,-0.003857447035972975,0.003857447035985581,0.24982585964035647,5.835208500616668e-18,500.76644421254804,500.76644421254804,501.5355221610014,501.5355221610014,-0.5,-0.5,-0.5,-0.5
1,88,2,after_integrate,0.08800000000000006,0.08700000000000006,0.001,0,0,0.20000000149011612,0.0,0.0,low_speed_outside_initial_validation_domain,0.005686545257267637,-1.2327751819960982e-19,5.742201255696837e-18,1.4861046157218756e-16,0.0,0.0,0.5037279265938465,0.005218825110961836,-1.445350752189724e-17,4.695728245989831,4.695728245989834,4.593412372439979,4.593412372439979,-0.003983615326588194,0.003983615326588194,0.2540269251669347,1.493836551990585e-17,505.5716333542521,505.5716333542521,506.1862375004128,506.1862375004128,-0.5,-0.5,-0.5,-0.5
1,89,2,after_integrate,0.08900000000000007,0.08800000000000006,0.001,0,0,0.20000000149011612,0.0,0.0,low_speed_outside_initial_validation_domain,0.005847873237045758,-1.299166530674852e-19,5.911949143360238e-18,1.9352511383696795e-16,0.0,0.0,0.5127735575612687,0.005218825110961836,-1.301048401766249e-17,4.740095306733318,4.740095306733321,4.7039906039777994,4.703990603977793,-0.004111992007987775,0.004111992008000381,0.25830317531839103,5.22168604639851e-18,510.5915088697004,510.5915088697004,510.80838774929316,510.80838774929316,-0.5,-0.5,-0.5,-0.5
1,90,2,after_integrate,0.09000000000000007,0.08900000000000007,0.001,0,0,0.20000000149011612,0.0,0.0,low_speed_outside_initial_validation_domain,0.006011982644375744,-1.360120946286088e-19,6.1137425371223445e-18,2.0832315498643342e-16,0.0,0.0,0.5219622348247682,0.005218825110961836,-1.2922194355713325e-17,4.761430906287021,4.761430906287023,4.824182224732775,4.82418222473277,-0.0042398729611534906,0.0042398729611534906,0.26134285723220574,4.27531339465487e-18,515.788172521001,515.788172521001,515.4112292025249,515.4112292025249,-0.5,-0.5,-0.5,-0.5
1,91,2,after_integrate,0.09100000000000007,0.09000000000000007,0.001,0,0,0.20000000149011612,0.0,0.0,low_speed_outside_initial_validation_domain,0.0061789061859187375,-1.4198893901933816e-19,6.321913825851204e-18,2.0003136420242804e-16,0.0,0.0,0.5312264028788187,0.005218825110961836,-1.3592849659760405e-17,4.781445101618732,4.781445101618733,4.950782902243867,4.950782902243862,-0.00436172925375066,0.004361729253738053,0.2637689372785724,-2.857905438757546e-17,521.0123828882128,521.0123828882128,519.99518754837,519.99518754837,-0.5,-0.5,-0.5,-0.5
1,92,2,after_integrate,0.09200000000000007,0.09100000000000007,0.001,0,0,0.20000000149011612,0.0,0.0,low_speed_outside_initial_validation_domain,0.00634866239723675,-1.497739800322662e-19,6.5172383648855065e-18,1.9998458276023793e-16,0.0,0.0,0.5405827432504468,0.006263429856612994,-1.4703606430719012e-17,4.799168587582869,4.799168587582869,5.08023552140904,5.080235521409035,-0.004484008898473879,0.004484008898473878,0.2661929982225325,3.811608116822665e-18,526.2748207845116,526.2748207845116,524.5865013736156,524.5865013736156,-0.5,-0.5,-0.5,-0.5
1,93,2,after_integrate,0.09300000000000007,0.09200000000000007,0.001,0,0,0.20000000149011612,0.0,0.0,low_speed_outside_initial_validation_domain,0.006521278092294393,-1.574417797098394e-19,6.71335198890769e-18,1.8503729314610337e-16,0.0,0.0,0.5500243516011831,0.006263429856612994,-1.4139700193226732e-17,4.820247510943877,4.820247510943877,5.2088904456677865,5.208890445667784,-0.004606649010276063,0.004606649010276063,0.2686020807335519,4.754138027223103e-18,531.5390076395178,531.5390076395178,529.2045412120285,529.2045412120285,-0.5,-0.5,-0.5,-0.5
1,94,2,after_integrate,0.09400000000000007,0.09300000000000007,0.001,0,0,0.20000000149011612,0.0,0.0,low_speed_outside_initial_validation_domain,0.006696777259245495,-1.6561242728387775e-19,6.8949997825036605e-18,1.7774152021916827e-16,0.0,0.0,0.5595509126728306,0.006263429856612994,-1.3627524360047477e-17,4.848350066104786,4.848350066104786,5.333236914327894,5.333236914327894,-0.004729672386919351,0.004729672386919351,0.27100602162676907,7.838193337217361e-18,536.7825926921039,536.7825926921039,533.8700793576562,533.8700793576562,-0.5,-0.5,-0.5,-0.5
1,95,2,after_integrate,0.09500000000000007,0.09400000000000007,0.001,0,0,0.20000000149011612,0.0,0.0,low_speed_outside_initial_validation_domain,0.006875183976244461,-1.742411747992399e-19,7.065981891321525e-18,1.6354831143354552e-16,0.0,0.0,0.5691624504203217,0.006263429856612994,-1.3250717717129311e-17,4.886667250004658,4.886667250004658,5.450147136177324,5.450147136177325,-0.004853282431594877,0.004853282431607482,0.273416207289507,6.960429086074783e-18,541.9862002360977,541.9862002360977,538.6016825807792,538.6016825807792,-0.5,-0.5,-0.5,-0.5
1,96,2,after_integrate,0.09600000000000007,0.09500000000000007,0.001,0,0,0.20000000149011612,0.0,0.0,low_speed_outside_initial_validation_domain,0.007056522473519385,-1.8254896246472263e-19,7.235652432513219e-18,1.7032076421441073e-16,0.0,0.0,0.5788593786379912,0.006263429856612994,-1.3805452858622542e-17,4.937674510709725,4.937674510709725,5.5571027321271345,5.557102732127138,-0.004977805937804074,0.004977805937791467,0.27584209477980226,-1.006294372023375e-17,547.1348500144982,547.1348500144982,543.4143440714606,543.4143440714606,-0.5,-0.5,-0.5,-0.5
1,97,2,after_integrate,0.09700000000000007,0.09600000000000007,0.001,0,0,0.20000000149011612,0.0,0.0,low_speed_outside_initial_validation_domain,0.007240817211525036,-1.9144073706422425e-19,7.402247167798368e-18,1.7771813293563238e-16,0.0,0.0,0.5886423604773452,0.006263429856612994,-1.3625306947344395e-17,5.002971296429905,5.002971296429903,5.652395013984634,5.652395013984637,-0.005103649547025513,0.005103649547025513,0.27828744321477383,6.30323406473286e-18,552.2188631996594,552.2188631996594,548.3182316219182,548.3182316219182,-0.5,-0.5,-0.5,-0.5
1,98,2,after_integrate,0.09800000000000007,0.09700000000000007,0.001,0,0,0.20000000149011612,0.0,0.0,low_speed_outside_initial_validation_domain,0.007428092893207508,-1.9987972357869606e-19,7.579361527353576e-18,1.4899480665321206e-16,0.0,0.0,0.5985120529317843,0.007334082420383771,-1.3513346207755788e-17,5.083194128475289,5.083194128475288,5.735281540096021,5.735281540096025,-0.005231260040687124,0.005231260040674518,0.2807479147754197,-2.242602323942967e-17,557.2343108576233,557.2343108576233,553.3176838157063,553.3176838157063,-0.5,-0.5,-0.5,-0.5
1,99,2,after_integrate,0.09900000000000007,0.09800000000000007,0.001,0,0,0.20000000149011612,0.0,0.0,low_speed_outside_initial_validation_domain,0.00761837438718474,-2.0965838832658803e-19,7.728143346199733e-18,1.614578154520812e-16,0.0,0.0,0.6084688070617553,0.007334082420383771,-1.49069400117283e-17,5.178003655308595,5.178003655308592,5.806079022778204,5.80607902277821,-0.005361104789776815,0.00536110478978942,0.28321115732556235,2.4693629993094232e-17,562.1830254796397,562.1830254796397,558.4105921139004,558.4105921139004,-0.5,-0.5,-0.5,-0.5
1,100,2,after_integrate,0.10000000000000007,0.09900000000000007,0.001,0,0,0.20000000149011612,0.0,0.0,low_speed_outside_initial_validation_domain,0.007811686565554508,-2.1962263392460986e-19,7.894176544132058e-18,1.7115131031576666e-16,0.0,0.0,0.6185124224509778,0.007334082420383771,-1.3083452264572626e-17,5.28613899976764,5.286138999767636,5.866171907935855,5.86617190793586,-0.005493632213734325,0.0054936322137469325,0.2856597088573232,7.941386309448183e-18,567.0722405862979,567.0722405862979,563.5883147841181,563.5883147841181,-0.5,-0.5,-0.5,-0.5
1,101,3,after_integrate,0.10100000000000008,0.10000000000000007,0.001,0,0,0.3000000029802322,0.0,0.0,low_speed_outside_initial_validation_domain,0.008008054102620425,-2.285496280242935e-19,8.077851914662099e-18,1.8645401955542224e-16,0.0,0.0,0.6286420579023084,0.007334082420383771,-1.3049276965845246e-17,5.405528054374171,5.405528054374169,5.917922868903839,5.917922868903843,-0.005629242454443366,0.005629242454443366,0.2880767599091031,8.338602658085521e-18,571.9139422306082,571.9139422306082,568.8362215941032,568.8362215941032,-0.5,-0.5,-0.5,-0.5
1,102,3,after_integrate,0.10200000000000008,0.10100000000000008,0.001,0,0,0.3000000029802322,0.0,0.0,low_speed_outside_initial_validation_domain,0.008207501257793312,-2.3738124534518375e-19,8.263635215628902e-18,1.9169998058552544e-16,0.0,0.0,0.6388563697058867,0.007334082420383771,-1.3089335152373393e-17,5.533459150702449,5.533459150702446,5.964501274957663,5.964501274957668,-0.005768265514440872,0.005768265514440871,0.2904523378746811,-8.39165205358823e-18,576.7458620654013,576.7458620654013,574.1567389035571,574.1567389035571,-0.5,-0.5,-0.5,-0.5
1,103,3,after_integrate,0.10300000000000008,0.10200000000000008,0.001,0,0,0.3000000029802322,0.0,0.0,low_speed_outside_initial_validation_domain,0.008410051764515248,-2.4578458155923447e-19,8.466313515494547e-18,2.0665506516310904e-16,0.0,0.0,0.6491538699209377,0.008410051764515248,-1.3455448401857356e-17,5.6667861746888395,5.666786174688839,6.009617202520998,6.009617202521,-0.0059109459267919755,0.0059109459267793684,0.29278999530896127,-2.6770571597169158e-17,581.5758000621711,581.5758000621711,579.5164949461466,579.5164949461466,-0.5,-0.5,-0.5,-0.5
1,104,3,after_integrate,0.10400000000000008,0.10300000000000008,0.001,0,0,0.3000000029802322,0.0,0.0,low_speed_outside_initial_validation_domain,0.00861572886001096,-2.5430757843977057e-19,8.683817414229114e-18,2.266502241983356e-16,0.0,0.0,0.6595334906856208,0.008410051764515248,-1.402533942952328e-17,5.8020627179539135,5.802062717953913,6.057104017359124,6.0571040173591255,-0.00605743316270832,0.006057433162695713,0.2951094499374469,-2.4390501472509364e-17,586.4278747603691,586.4278747603691,584.8958812704718,584.8958812704718,-0.5,-0.5,-0.5,-0.5
1,105,3,after_integrate,0.10500000000000008,0.10400000000000008,0.001,0,0,0.3000000029802322,0.0,0.0,low_speed_outside_initial_validation_domain,0.008824555505514824,-2.624763921751897e-19,8.918532873500542e-18,2.1639002173300738e-16,0.0,0.0,0.6699951474670003,0.008410051764515248,-1.4957822960466034e-17,5.9357919945794455,5.9357919945794455,6.1105858130202435,6.110585813020247,-0.006207774381874506,0.006207774381861899,0.2974458021648162,-2.7055823626747108e-17,591.3221148648778,591.3221148648778,590.2721462723993,590.2721462723993,-0.5,-0.5,-0.5,-0.5
1,106,3,after_integrate,0.10600000000000008,0.10500000000000008,0.001,0,0,0.3000000029802322,0.0,0.0,low_speed_outside_initial_validation_domain,0.009036554773650913,-2.7090546985137387e-19,9.14307452544942e-18,2.5626321950469905e-16,0.0,0.0,0.680540218321051,0.008410051764515248,-1.627809147809336e-17,6.064638421563909,6.064638421563909,6.173128549833222,6.173128549833217,-0.006361912174745911,0.006361912174733305,0.29984460898844567,-8.63250443247531e-18,596.2779520484307,596.2779520484307,595.626259811992,595.626259811992,-0.5,-0.5,-0.5,-0.5
1,107,3,after_integrate,0.10700000000000008,0.10600000000000008,0.001,0,0,0.3000000029802322,0.0,0.0,low_speed_outside_initial_validation_domain,0.009251750357892136,-2.7925831806643574e-19,9.403501075892872e-18,2.6045416154864934e-16,0.0,0.0,0.6911717832254006,0.008410051764515248,-1.6557700452515907e-17,6.185643075591299,6.1856430755913,6.246966801476568,6.246966801476564,-0.006519685893126483,0.006519685893126483,0.30235412550452484,-7.25967132180727e-18,601.3129270486004,601.3129270486004,600.9445591743283,600.9445591743283,-0.5,-0.5,-0.5,-0.5
1,108,3,after_integrate,0.10800000000000008,0.10700000000000008,0.001,0,0,0.3000000029802322,0.0,0.0,low_speed_outside_initial_validation_domain,0.00947016711468468,-2.875613752674359e-19,9.670969362544612e-18,2.694920303868311e-16,0.0,0.0,0.7018945584544054,0.00947016711468468,-1.6826779070577413e-17,6.296427227572557,6.29642722757256,6.333326753342013,6.333326753342009,-0.006680837239045317,0.006680837239045317,0.3050163336935984,7.317939963596147e-18,606.4413626319073,606.4413626319073,606.2197092993258,606.2197092993258,-0.5,-0.5,-0.5,-0.5
1,109,3,after_integrate,0.10900000000000008,0.10800000000000008,0.001,0,0,0.3000000029802322,0.0,0.0,low_speed_outside_initial_validation_domain,0.009691831540543192,-2.955582064477669e-19,9.935224160183904e-18,2.59728527219622e-16,0.0,0.0,0.7127145229357694,0.00947016711468468,-1.565970747981315e-17,6.395370740928788,6.395370740928791,6.43235582756502,6.432355827565016,-0.006845021803619624,0.006845021803607016,0.3078612701427146,-2.4347079651907612e-17,611.6731340629262,611.6731340629262,611.45096677149,611.45096677149,-0.5,-0.5,-0.5,-0.5
1,110,3,after_integrate,0.11000000000000008,0.10900000000000008,0.001,0,0,0.3000000029802322,0.0,0.0,low_speed_outside_initial_validation_domain,0.00991677211228398,-3.037321341853436e-19,1.0195208502631722e-17,2.576120221162946e-16,0.0,0.0,0.7236384632012588,0.00947016711468468,-1.6952950784698452e-17,6.481706872987446,6.48170687298745,6.54315505495889,6.543155054958887,-0.007011841816081825,0.007011841816081825,0.31089570641479397,-8.920918476807024e-18,617.0129539115168,617.0129539115168,616.6438384385823,616.6438384385823,-0.5,-0.5,-0.5,-0.5
1,111,3,after_integrate,0.11100000000000008,0.11000000000000008,0.001,0,0,0.3000000029802322,0.0,0.0,low_speed_outside_initial_validation_domain,0.010145019421680928,-3.1224546806914054e-19,1.0454864480925467e-17,2.544230377447861e-16,0.0,0.0,0.7346727829872127,0.00947016711468468,-1.689197714316145e-17,6.555724005093585,6.555724005093588,6.663899436027313,6.663899436027308,-0.007180817571930193,0.0071808175719428,0.31410206786291206,2.8946112823154464e-17,622.4588723807932,622.4588723807932,621.8090704968171,621.8090704968171,-0.5,-0.5,-0.5,-0.5
1,112,3,after_integrate,0.11200000000000009,0.11100000000000008,0.001,0,0,0.3000000029802322,0.0,0.0,low_speed_outside_initial_validation_domain,0.010376605957483149,-3.199787659474848e-19,1.0706129197188559e-17,2.3737648320886155e-16,0.0,0.0,0.7458230229904051,0.00947016711468468,-1.6799067224203342e-17,6.618701040346214,6.618701040346217,6.792026539646194,6.792026539646191,-0.007351476182647719,0.007351476182647719,0.317444516045655,-9.727797018395903e-18,628.0026161229466,628.0026161229466,626.9614674372908,626.9614674372908,-0.5,-0.5,-0.5,-0.5
1,113,3,after_integrate,0.11300000000000009,0.11200000000000009,0.001,0,0,0.3000000029802322,0.0,0.0,low_speed_outside_initial_validation_domain,0.010611565777944173,-3.2930336919256234e-19,1.0942793544060898e-17,2.412890069761331e-16,0.0,0.0,0.7570931222248769,0.01049366412085802,-1.5853265907283255e-17,6.672863297702773,6.672863297702774,6.9244730779358346,6.924473077935832,-0.007523371158640932,0.007523371158640932,0.32087124126584526,-9.818509274408797e-18,633.6297513761076,633.6297513761076,632.1183698171171,632.1183698171171,-0.5,-0.5,-0.5,-0.5
1,114,3,after_integrate,0.11400000000000009,0.11300000000000009,0.001,0,0,0.3000000029802322,0.0,0.0,low_speed_outside_initial_validation_domain,0.010849933961420692,-3.3806313888248895e-19,1.118706166924233e-17,2.4475466584391367e-16,0.0,0.0,0.7684849920513396,0.01049366412085802,-1.6776888267311146e-17,6.721221596369591,6.721221596369591,7.057940488558927,7.057940488558925,-0.007696124159869218,0.007696124159869218,0.32432129675965027,9.674409521060214e-18,639.3206577906236,639.3206577906236,637.2980646831558,637.2980646831558,-0.5,-0.5,-0.5,-0.5
1,115,3,after_integrate,0.11500000000000009,0.11400000000000009,0.001,0,0,0.3000000029802322,0.0,0.0,low_speed_outside_initial_validation_domain,0.011091745962331482,-3.473272832564386e-19,1.1424674318632835e-17,2.2612801362355294e-16,0.0,0.0,0.779998326064406,0.01049366412085802,-1.6677478735692675e-17,6.767334440424386,6.767334440424385,7.18917285381301,7.189172853813011,-0.007869464214244642,0.007869464214244642,0.32773188585828417,-6.640556914492718e-18,645.0520275274523,645.0520275274523,642.5181828337312,642.5181828337312,-0.5,-0.5,-0.5,-0.5
1,116,3,after_integrate,0.11600000000000009,0.11500000000000009,0.001,0,0,0.3000000029802322,0.0,0.0,low_speed_outside_initial_validation_domain,0.011337036939779546,-3.5713248406876165e-19,1.1653091934160289e-17,2.161381006905038e-16,0.0,0.0,0.7916306579110391,0.01049366412085802,-1.6759180418796696e-17,6.815007030942813,6.815007030942812,7.315231392189748,7.3152313921897525,-0.008043258520132388,0.008043258520132388,0.33104481006897607,-8.698214089654085e-18,650.7987963387407,650.7987963387407,647.7941685625635,647.7941685625635,-0.5,-0.5,-0.5,-0.5
1,117,3,after_integrate,0.11700000000000009,0.11600000000000009,0.001,0,0,0.3000000029802322,0.0,0.0,low_speed_outside_initial_validation_domain,0.011585841127242624,-3.678852984595338e-19,1.1865012555350372e-17,2.1670785437961123e-16,0.0,0.0,0.8033776181621766,0.011585841127242624,-1.701103571224454e-17,6.867957999254711,6.86795799925471,7.43374898886758,7.433748988867584,-0.008217529344487655,0.008217529344487655,0.3342112145120721,-7.773171913803184e-18,656.5362959014768,656.5362959014768,653.1378989713695,653.1378989713695,-0.5,-0.5,-0.5,-0.5
1,118,3,after_integrate,0.11800000000000009,0.11700000000000009,0.001,0,0,0.3000000029802322,0.0,0.0,low_speed_outside_initial_validation_domain,0.011838191293837544,-3.7836558111583373e-19,1.2083439314749573e-17,2.1326732994791583e-16,0.0,0.0,0.8152255417345878,0.011585841127242624,-1.748637447702091e-17,6.929489691577125,6.929489691577124,7.545251317370618,7.5452513173706235,-0.00839245369682518,0.00839245369682518,0.3362318004536177,1.2746577439156322e-17,662.2404472273455,662.2404472273455,658.5419598760151,658.5419598760151,-0.5,-0.5,-0.5,-0.5
1,119,3,after_integrate,0.11900000000000009,0.11800000000000009,0.001,0,0,0.3000000029802322,0.0,0.0,low_speed_outside_initial_validation_domain,0.012094109457603872,-3.891751811678849e-19,1.2298337430618772e-17,2.0883531821823132e-16,0.0,0.0,0.8271239762211495,0.011585841127242624,-1.6283859526411332e-17,7.0021750382910355,7.002175038291035,7.660738483096471,7.660738483096476,-0.008568342478470872,0.008568342478470872,0.337828465132693,1.0123945980116286e-17,667.8844504002597,667.8844504002597,663.9289350027333,663.9289350027333,-0.5,-0.5,-0.5,-0.5
1,120,3,after_integrate,0.12000000000000009,0.11900000000000009,0.001,0,0,0.3000000029802322,0.0,0.0,low_speed_outside_initial_validation_domain,0.012353608493037458,-4.0003267631526784e-19,1.2509099073673271e-17,2.160846870381103e-16,0.0,0.0,0.8390808865199212,0.011585841127242624,-1.6989567665865556e-17,7.0876449929978955,7.087644992997895,7.776212609137304,7.77621260913731,-0.008745619527068855,0.008745619527056249,0.3393635593385211,-9.345763080416893e-18,673.4631233564488,673.4631233564488,669.3274373079755,669.3274373079755,-0.5,-0.5,-0.5,-0.5
1,121,3,after_integrate,0.1210000000000001,0.12000000000000009,0.001,0,0,0.3000000029802322,0.0,0.0,low_speed_outside_initial_validation_domain,0.012616705211536853,-4.1172211236441643e-19,1.2721945210103951e-17,2.0728140784164533e-16,0.0,0.0,0.8510923258018867,0.012616705211536853,-1.707586126460116e-17,7.18649283910011,7.186492839100109,7.8920158167299395,7.892015816729943,-0.008924769641710836,0.008924769641710836,0.34094336064031877,-1.0260343251297043e-17,678.9735810547633,678.9735810547633,674.73608305653,674.73608305653,-0.5,-0.5,-0.5,-0.5
1,122,3,after_integrate,0.1220000000000001,0.1210000000000001,0.001,0,0,0.3000000029802322,0.0,0.0,low_speed_outside_initial_validation_domain,0.012883415445696982,-4.240195143557768e-19,1.2934221178317706e-17,2.019057362285401e-16,0.0,0.0,0.863161882021236,0.012616705211536853,-1.710549804847821e-17,7.298246384148964,7.298246384148964,8.007512687338922,8.007512687338927,-0.009106295001215233,0.009106295001227838,0.34267676561677407,1.3444495413827364e-17,684.4211716595721,684.4211716595721,680.1611963447026,680.1611963447026,-0.5,-0.5,-0.5,-0.5
1,123,3,after_integrate,0.1230000000000001,0.1220000000000001,0.001,0,0,0.3000000029802322,0.0,0.0,low_speed_outside_initial_validation_domain,0.01315375668540721,-4.358627228710138e-19,1.3149609253485317e-17,2.2907735870354147e-16,0.0,0.0,0.875296760734258,0.012616705211536853,-1.631257725114054e-17,7.421442696724949,7.421442696724949,8.122120068713224,8.122120068713226,-0.009290672567049902,0.009290672567049902,0.3446591384556515,-3.845751289710951e-18,689.8175910248408,689.8175910248408,685.6091892718703,685.6091892718703,-0.5,-0.5,-0.5,-0.5
1,124,3,after_integrate,0.1240000000000001,0.1230000000000001,0.001,0,0,0.3000000029802322,0.0,0.0,low_speed_outside_initial_validation_domain,0.013427749063458026,-4.469099206301598e-19,1.3385740921547414e-17,2.3246517263277e-16,0.0,0.0,0.8875071887178275,0.012616705211536853,-1.7686010842326056e-17,7.553775969086105,7.553775969086106,8.235334227613837,8.235334227613839,-0.009478317897336665,0.009478317897324059,0.3469647371593361,-2.8132273890706954e-17,695.1797163886199,695.1797163886199,691.0861200028802,691.0861200028802,-0.5,-0.5,-0.5,-0.5
1,125,3,after_integrate,0.12500000000000008,0.1240000000000001,0.001,0,0,0.3000000029802322,0.0,0.0,low_speed_outside_initial_validation_domain,0.013705416154601345,-4.593201799394303e-19,1.36246463856592e-17,2.524555088800941e-16,0.0,0.0,0.8998055678313361,0.013705416154601347,-1.783005074955102e-17,7.692303495095552,7.692303495095553,8.346761707163306,8.346761707163308,-0.009669556797464264,0.009669556797451658,0.34964207053311536,-3.239615944447642e-17,700.5280861423544,700.5280861423544,696.5972224962525,696.5972224962525,-0.5,-0.5,-0.5,-0.5
1,126,3,after_integrate,0.12600000000000008,0.12500000000000008,0.001,0,0,0.3000000029802322,0.0,0.0,low_speed_outside_initial_validation_domain,0.013986785472834733,-4.711078738063094e-19,1.3884868674896755e-17,2.564186676060115e-16,0.0,0.0,0.9122055020252372,0.013705416154601347,-1.8450181237428353e-17,7.833690619814542,7.833690619814543,8.456149676452002,8.456149676452004,-0.009864604993420113,0.00986460499343272,0.3527098999362635,8.283324418508124e-18,705.8851654777609,705.8851654777609,702.1464588609408,702.1464588609408,-0.5,-0.5,-0.5,-0.5
1,127,3,after_integrate,0.12700000000000009,0.12600000000000008,0.001,0,0,0.3000000029802322,0.0,0.0,low_speed_outside_initial_validation_domain,0.014271888654728795,-4.82824657182545e-19,1.415782232413717e-17,2.7843004147019525e-16,0.0,0.0,0.924720703184225,0.013705416154601347,-1.964833146364799e-17,7.974480474913846,7.974480474913847,8.563404541980788,8.563404541980788,-0.01006352227459297,0.010063522274605576,0.35615591504452676,8.035081159552558e-18,711.2735054190256,711.2735054190256,707.7361849156551,707.7361849156551,-0.5,-0.5,-0.5,-0.5
1,128,3,after_integrate,0.12800000000000009,0.12700000000000009,0.001,0,0,0.3000000029802322,0.0,0.0,low_speed_outside_initial_validation_domain,0.014560761335937865,-4.949399580014414e-19,1.445764658649387e-17,3.151814223069435e-16,0.0,0.0,0.9373638981258728,0.013705416154601347,-1.8355439192695202e-17,8.111370956827598,8.1113709568276,8.668605472017651,8.668605472017651,-0.01026614251803075,0.01026614251803075,0.35993712914325565,1.0181043903452753e-17,716.7139064766202,716.7139064766202,713.3668953813672,713.3668953813672,-0.5,-0.5,-0.5,-0.5
1,129,3,after_integrate,0.1290000000000001,0.12800000000000009,0.001,0,0,0.3000000029802322,0.0,0.0,low_speed_outside_initial_validation_domain,0.014853442695297639,-5.060650109283257e-19,1.4777924503337027e-17,3.3053168327558744e-16,0.0,0.0,0.9501457761098427,0.014706625725612037,-1.842078886738069e-17,8.241484200584186,8.241484200584187,8.77200694259062,8.77200694259062,-0.010472416288484847,0.010472416288484847,0.3639821268542073,-3.2124872146807956e-17,722.2236881139655,722.2236881139655,719.0370967399609,719.0370967399609,-0.5,-0.5,-0.5,-0.5
1,130,3,after_integrate,0.1300000000000001,0.1290000000000001,0.001,0,0,0.3000000029802322,0.0,0.0,low_speed_outside_initial_validation_domain,0.015149974699940599,-5.189620792235937e-19,1.5089503720291584e-17,2.9472307647726316e-16,0.0,0.0,0.9630740507354186,0.014706625725612037,-1.945456122908722e-17,8.36261255422168,8.36261255422168,8.874030120731362,8.874030120731367,-0.01068206815107512,0.010682068151087729,0.36819532308191094,3.216358444100759e-17,727.8151656883995,727.8151656883995,724.7433141464702,724.7433141464702,-0.5,-0.5,-0.5,-0.5
1,131,3,after_integrate,0.1310000000000001,0.1300000000000001,0.001,0,0,0.3000000029802322,0.0,0.0,low_speed_outside_initial_validation_domain,0.015450401095754627,-5.312776300387548e-19,1.5401548876002583e-17,3.1528825912915323e-16,0.0,0.0,0.9761527107870034,0.014706625725612037,-1.851800856503286e-17,8.473421435308815,8.473421435308818,8.975242709535184,8.97524270953519,-0.010894726513569826,0.010894726513582434,0.37246348942857543,1.0590993111775734e-17,733.4944595509517,733.4944595509517,730.4802410543023,730.4802410543023,-0.5,-0.5,-0.5,-0.5
1,132,3,after_integrate,0.1320000000000001,0.1310000000000001,0.001,0,0,0.3000000029802322,0.0,0.0,low_speed_outside_initial_validation_domain,0.015754766210524733,-5.427741157843266e-19,1.5737103398975517e-17,3.4903797658668807e-16,0.0,0.0,0.9893815437416156,0.015754766210524733,-1.7558660135590475e-17,8.573588311900156,8.573588311900158,9.0763270541238,9.076327054123803,-0.011109950890710166,0.011109950890722772,0.3766646305706092,9.631822202378507e-18,739.2607658520624,739.2607658520624,736.2410372426508,736.2410372426508,-0.5,-0.5,-0.5,-0.5
1,133,3,after_integrate,0.1330000000000001,0.1320000000000001,0.001,0,0,0.3000000029802322,0.0,0.0,low_speed_outside_initial_validation_domain,0.016063113663967312,-5.52767327722937e-19,1.6110576349540225e-17,3.9316918348769945e-16,0.0,0.0,1.0027560109630138,0.015754766210524733,-1.7907713767341625e-17,8.663856820665824,8.663856820665828,9.178037832651752,9.178037832651752,-0.011327269079260011,0.011327269079272617,0.3806788479046471,3.078493739125286e-17,745.1062162398365,745.1062162398365,742.0177681828706,742.0177681828706,-0.5,-0.5,-0.5,-0.5
1,134,3,after_integrate,0.1340000000000001,0.1330000000000001,0.001,0,0,0.3000000029802322,0.0,0.0,low_speed_outside_initial_validation_domain,0.016375485099553583,-5.613459619039728e-19,1.65199141758888e-17,4.198107430182473e-16,0.0,0.0,1.016267532949503,0.015754766210524733,-1.6666282978419893e-17,8.745989449604657,8.74598944960466,9.281152154785566,9.281152154785566,-0.01154622255738318,0.011546222557370573,0.38440037223838647,-3.413836169076273e-17,751.0164200916581,751.0164200916581,747.801962786992,747.801962786992,-0.5,-0.5,-0.5,-0.5
1,135,3,after_integrate,0.1350000000000001,0.1340000000000001,0.001,0,0,0.3000000029802322,0.0,0.0,low_speed_outside_initial_validation_domain,0.016691919065671964,-5.695932588637366e-19,1.695455994352899e-17,4.304291072084908e-16,0.0,0.0,1.0299042038400623,0.015754766210524733,-1.7524885632615183e-17,8.822612005020895,8.822612005020897,9.386415765464525,9.386415765464523,-0.011766415860039934,0.01176641586005254,0.3877492904983316,1.0910527162880034e-17,756.9717143952397,756.9717143952397,753.5852517192898,753.5852517192898,-0.5,-0.5,-0.5,-0.5
1,136,3,after_integrate,0.1360000000000001,0.1350000000000001,0.001,0,0,0.3000000029802322,0.0,0.0,low_speed_outside_initial_validation_domain,0.01701245017374971,-5.768661174219693e-19,1.7416000939609522e-17,4.849578880263217e-16,0.0,0.0,1.0436518892844167,0.01685167273448791,-1.7425135253110472e-17,8.896957987398299,8.896957987398299,9.49449051356088,9.494490513560876,-0.011987563319736267,0.011987563319748875,0.3906814160445224,1.19262890322541e-17,762.9490444686808,762.9490444686808,759.3600273899157,759.3600273899157,-0.5,-0.5,-0.5,-0.5
1,137,3,after_integrate,0.1370000000000001,0.1360000000000001,0.001,0,0,0.3000000029802322,0.0,0.0,low_speed_outside_initial_validation_domain,0.017337108641828088,-5.827089448727266e-19,1.793112899464723e-17,5.688571254975509e-16,0.0,0.0,1.0574956323466793,0.01685167273448791,-1.6551550046948305e-17,8.972536805361953,8.972536805361951,9.605904936321572,9.605904936321561,-0.01220952544829463,0.01220952544829463,0.3931946708373877,1.1089546747989583e-17,768.9242978083141,768.9242978083141,765.1200808087711,765.1200808087711,-0.5,-0.5,-0.5,-0.5
1,138,3,after_integrate,0.1380000000000001,0.1370000000000001,0.001,0,0,0.3000000029802322,0.0,0.0,low_speed_outside_initial_validation_domain,0.017665920255708924,-5.861665538447505e-19,1.8516656470821104e-17,5.66962481124891e-16,0.0,0.0,1.071421173553781,0.01685167273448791,-1.615959161938165e-17,9.052766014061406,9.052766014061405,9.721015484675723,9.721015484675718,-0.012432328100129607,0.012432328100117,0.39532974355435285,-2.872022512341872e-17,774.8748027641336,774.8748027641336,770.8611235920589,770.8611235920589,-0.5,-0.5,-0.5,-0.5
1,139,3,after_integrate,0.1390000000000001,0.1380000000000001,0.001,0,0,0.3000000029802322,0.0,0.0,low_speed_outside_initial_validation_domain,0.017998906805726016,-5.902090803404793e-19,1.9093515081245063e-17,5.708868980186047e-16,0.0,0.0,1.085416414455023,0.01799890680572602,-1.8436792237362325e-17,9.14061372108607,9.140613721086067,9.839980593065462,9.839980593065457,-0.012656160620517398,0.012656160620517398,0.3971660956265464,-1.035037651113704e-17,780.7816780850833,780.7816780850833,776.5811454735461,776.5811454735461,-0.5,-0.5,-0.5,-0.5
1,140,3,after_integrate,0.1400000000000001,0.1390000000000001,0.001,0,0,0.3000000029802322,0.0,0.0,low_speed_outside_initial_validation_domain,0.018336086928426646,-5.946235396771164e-19,1.967650462415889e-17,5.874563094916413e-16,0.0,0.0,1.0994705143485088,0.01799890680572602,-1.726627539312085e-17,9.238295857163532,9.23829585716353,9.963326475213053,9.96332647521305,-0.012881353221668453,0.012881353221655845,0.39845473549694205,-2.832075726616242e-17,786.6312047738942,786.6312047738942,782.2765714585875,782.2765714585875,-0.5,-0.5,-0.5,-0.5
1,141,3,after_integrate,0.1410000000000001,0.1400000000000001,0.001,0,0,0.3000000029802322,0.0,0.0,low_speed_outside_initial_validation_domain,0.018677474192197455,-5.987517098982745e-19,2.027138418214657e-17,5.929356928036449e-16,0.0,0.0,1.1135594373088993,0.01799890680572602,-1.9054865942378888e-17,9.347053686120043,9.34705368612004,10.096044251623903,10.096044251623896,-0.013108336669283375,0.013108336669270769,0.3995120854555576,-3.201713957136017e-17,792.4128729768386,792.4128729768386,787.9143735682608,787.9143735682608,-0.5,-0.5,-0.5,-0.5
1,142,3,after_integrate,0.1420000000000001,0.1410000000000001,0.001,0,0,0.3000000029802322,0.0,0.0,low_speed_outside_initial_validation_domain,0.019023077282780576,-6.033121977568701e-19,2.0873587889672973e-17,5.962976846226913e-16,0.0,0.0,1.1276884109703078,0.019023077282780576,-2.105052311887812e-17,9.467047139497133,9.467047139497131,10.236231000766894,10.236231000766889,-0.013337598439632545,0.013337598439619937,0.4006481114603087,-8.55066034872255e-18,798.1304348371837,798.1304348371837,793.5106890460461,793.5106890460461,-0.5,-0.5,-0.5,-0.5
1,143,3,after_integrate,0.1430000000000001,0.1420000000000001,0.001,0,0,0.3000000029802322,0.0,0.0,low_speed_outside_initial_validation_domain,0.019372908119893242,-6.084264957113635e-19,2.1434989102581177e-17,5.428304716167496e-16,0.0,0.0,1.1418607418015303,0.019023077282780576,-2.219540206795078e-17,9.597380343205907,9.59738034320591,10.383636869646983,10.383636869646974,-0.013569626417379866,0.013569626417379866,0.40199376983016133,-1.1571275081852036e-17,803.7925153279164,803.7925153279164,799.0702625743263,799.0702625743263,-0.5,-0.5,-0.5,-0.5
1,144,3,after_integrate,0.1440000000000001,0.1430000000000001,0.001,0,0,0.3000000029802322,0.0,0.0,low_speed_outside_initial_validation_domain,0.019726980043135903,-6.132711747301965e-19,2.199343031471147e-17,5.422788678991596e-16,0.0,0.0,1.1560846741315236,0.019023077282780576,-2.065139625064591e-17,9.736576559369944,9.736576559369945,10.537299761716762,10.537299761716758,-0.01380459468837998,0.01380459468837998,0.4033357059391272,8.02492019702494e-18,809.4118788413626,809.4118788413626,804.6027675455704,804.6027675455704,-0.5,-0.5,-0.5,-0.5
1,145,3,after_integrate,0.1450000000000001,0.1440000000000001,0.001,0,0,0.3000000029802322,0.0,0.0,low_speed_outside_initial_validation_domain,0.020085307292092368,-6.163306649902346e-19,2.2577815701396085e-17,6.366175706181329e-16,0.0,0.0,1.1703519205201456,0.020085307292092364,-2.0408085444538082e-17,9.887835647780514,9.887835647780514,10.696076783875991,10.696076783875979,-0.014040819825880298,0.014040819825880298,0.40476804858952287,1.0883220050162927e-17,814.9686998500512,814.9686998500512,810.1144511659592,810.1144511659592,-0.5,-0.5,-0.5,-0.5
1,146,3,after_integrate,0.1460000000000001,0.1450000000000001,0.001,0,0,0.3000000029802322,0.0,0.0,low_speed_outside_initial_validation_domain,0.020447902560494977,-6.1796034829308015e-19,2.321115760345043e-17,5.995204117832035e-16,0.0,0.0,1.1846773565940603,0.020085307292092364,-2.0700126167698325e-17,10.04822033505461,10.048220335054609,10.85868347193958,10.858683471939571,-0.014280241045196906,0.014280241045184295,0.40654372084061824,1.4787170005395713e-17,820.4856031834677,820.4856031834677,815.618013771583,815.618013771583,-0.5,-0.5,-0.5,-0.5
1,147,3,after_integrate,0.1470000000000001,0.1460000000000001,0.001,0,0,0.3000000029802322,0.0,0.0,low_speed_outside_initial_validation_domain,0.02081478453543962,-6.196034107723752e-19,2.3838023164256043e-17,6.563643461799436e-16,0.0,0.0,1.1990723283978781,0.020085307292092364,-1.8851093402051143e-17,10.215957126594095,10.215957126594091,11.023738228946765,11.02373822894675,-0.014523040225523655,0.014523040225523655,0.40871110638001223,-3.209539030247852e-18,825.9744850391774,825.9744850391774,821.1229983681262,821.1229983681262,-0.5,-0.5,-0.5,-0.5
1,148,3,after_integrate,0.1480000000000001,0.1470000000000001,0.001,0,0,0.3000000029802322,0.0,0.0,low_speed_outside_initial_validation_domain,0.021185975306641146,-6.196569716782911e-19,2.4487391289000115e-17,6.056899937797541e-16,0.0,0.0,1.213551395808559,0.021185975306641146,-2.0838674347386076e-17,10.388514710791952,10.388514710791949,11.1898013061096,11.18980130610959,-0.01476937214040175,0.01476937214040175,0.41130648080444704,2.354742110021069e-17,831.452339024975,831.452339024975,826.6398451247056,826.6398451247056,-0.5,-0.5,-0.5,-0.5
1,149,3,after_integrate,0.1490000000000001,0.1480000000000001,0.001,0,0,0.3000000029802322,0.0,0.0,low_speed_outside_initial_validation_domain,0.02156150153874332,-6.224617994570526e-19,2.5086452075174304e-17,5.866655395961054e-16,0.0,0.0,1.2281301036242467,0.021185975306641146,-1.9455360761469886e-17,10.56317273725778,10.563172737257778,11.355429536736256,11.35542953673625,-0.015019351371489085,0.015019351371489085,0.4143505195871166,2.5687427111280564e-17,836.9368666430378,836.9368666430378,832.1785878072718,832.1785878072718,-0.5,-0.5,-0.5,-0.5
1,150,3,after_integrate,0.1500000000000001,0.1490000000000001,0.001,0,0,0.3000000029802322,0.0,0.0,low_speed_outside_initial_validation_domain,0.02194139467236303,-6.2534391308535865e-19,2.565290971484915e-17,5.351228935053994e-16,0.0,0.0,1.2428244261809505,0.021185975306641146,-1.837254113274118e-17,10.737132164799633,10.73713216479963,11.519213629400511,11.519213629400506,-0.015272434929932287,0.015272434929932287,0.417845392023794,2.5423520858374268e-17,842.4456514634486,842.4456514634486,837.7484662433524,837.7484662433524,-0.5,-0.5,-0.5,-0.5
1,151,4,after_integrate,0.1510000000000001,0.1500000000000001,0.001,0,0,0.40000001192092893,0.0,0.0,low_speed_outside_initial_validation_domain,0.022325690939084042,-6.28576165913274e-19,2.61757359945122e-17,4.983629110205404e-16,0.0,0.0,1.2576500627017357,0.022325690939084042,-1.726937507729647e-17,10.90763799128569,10.907637991285686,11.679842520129183,11.679842520129181,-0.015528931978330713,0.015528931978318103,0.42177345075620115,5.31666913882407e-18,847.9953769686539,847.9953769686539,843.3574944633172,843.3574944633172,-0.5,-0.5,-0.5,-0.5
1,152,4,after_integrate,0.1520000000000001,0.1510000000000001,0.001,0,0,0.40000001192092893,0.0,0.0,low_speed_outside_initial_validation_domain,0.022714431178875505,-6.323171367727216e-19,2.665764699985514e-17,4.580188765911208e-16,0.0,0.0,1.2726217236704465,0.022325690939084042,-1.6050109018915607e-17,11.072132476146754,11.072132476146752,11.836181697346483,11.836181697346483,-0.01578901004740524,0.01578901004740524,0.426095978368638,2.3076760082837672e-17,853.6282976131608,853.6282976131608,849.0393814135535,849.0393814135535,-0.5,-0.5,-0.5,-0.5
1,153,4,after_integrate,0.1530000000000001,0.1520000000000001,0.001,0,0,0.40000001192092893,0.0,0.0,low_speed_outside_initial_validation_domain,0.023107660443482322,-6.364037965353884e-19,2.7104246769025586e-17,4.348758605827033e-16,0.0,0.0,1.2877503492767959,0.022325690939084042,-1.6508749733834077e-17,11.22841551624079,11.228415516240789,11.987903756644945,11.987903756644945,-0.016052602358518128,0.016052602358518128,0.43019658256111554,2.9470228617510087e-17,859.3418379185139,859.3418379185139,854.7803070804365,854.7803070804365,-0.5,-0.5,-0.5,-0.5
1,154,4,after_integrate,0.1540000000000001,0.1530000000000001,0.001,0,0,0.40000001192092893,0.0,0.0,low_speed_outside_initial_validation_domain,0.023505422984986573,-6.4058637054307695e-19,2.7534218935055576e-17,4.4023831352980805e-16,0.0,0.0,1.3030105959524771,0.023505422984986573,-1.510164317304867e-17,11.37467784108261,11.374677841082606,12.143987332544672,12.143987332544672,-0.01631958476071458,0.01631958476071458,0.4341665472547395,2.637147261726105e-17,865.141009364938,865.141009364938,860.5205092627957,860.5205092627957,-0.5,-0.5,-0.5,-0.5
1,155,4,after_integrate,0.1550000000000001,0.1540000000000001,0.001,0,0,0.40000001192092893,0.0,0.0,low_speed_outside_initial_validation_domain,0.023907756728678477,-6.440025090996699e-19,2.796379157121703e-17,3.6100321258576896e-16,0.0,0.0,1.3184181666068084,0.023505422984986573,-1.3565266098894499e-17,11.509669435489597,11.509669435489599,12.301634162429751,12.301634162429755,-0.016589775851630194,0.016589775851617587,0.4383158237937327,1.6301969417180697e-18,871.0332763190522,871.0332763190522,866.2767511022919,866.2767511022919,-0.5,-0.5,-0.5,-0.5
1,156,4,after_integrate,0.1560000000000001,0.1550000000000001,0.001,0,0,0.40000001192092893,0.0,0.0,low_speed_outside_initial_validation_domain,0.024314706336761863,-6.493483739047183e-19,2.830845905218373e-17,3.2806706162510963e-16,0.0,0.0,1.3339745351235945,0.023505422984986573,-1.4899386059922078e-17,11.632822230010188,11.632822230010193,12.461308586132722,12.461308586132729,-0.016862940877632543,0.016862940877632543,0.44256786225055417,2.5327688107321526e-17,877.0176168486191,877.0176168486191,872.0418187381161,872.0418187381161,-0.5,-0.5,-0.5,-0.5
1,157,4,after_integrate,0.1570000000000001,0.1560000000000001,0.001,0,0,0.40000001192092893,0.0,0.0,low_speed_outside_initial_validation_domain,0.024726315988916954,-6.551315941920466e-19,2.863008444185312e-17,3.04054364435161e-16,0.0,0.0,1.3496819061591345,0.02451992860768126,-1.389183130616826e-17,11.74432857091065,11.744328570910655,12.622480558953342,12.622480558953349,-0.01713850949175736,0.017138509491757364,0.4468391550781158,8.032256637147903e-19,883.0892000969371,883.0892000969371,877.8152299988301,877.8152299988301,-0.5,-0.5,-0.5,-0.5
1,158,4,after_integrate,0.1580000000000001,0.1570000000000001,0.001,0,0,0.40000001192092893,0.0,0.0,low_speed_outside_initial_validation_domain,0.025142630109744588,-6.607246509955623e-19,2.893496207355538e-17,2.928145008672685e-16,0.0,0.0,1.3655393891117285,0.02451992860768126,-1.3152549220038287e-17,11.845190014567196,11.845190014567201,12.784630265730838,12.784630265730845,-0.017415975148050145,0.01741597514803754,0.4510419850805655,-3.30010853503122e-17,889.2379622251151,889.2379622251151,883.5960702935834,883.5960702935834,-0.5,-0.5,-0.5,-0.5
1,159,4,after_integrate,0.1590000000000001,0.1580000000000001,0.001,0,0,0.40000001192092893,0.0,0.0,low_speed_outside_initial_validation_domain,0.02556369243991741,-6.661255345935404e-19,2.922277076787177e-17,2.726794480603083e-16,0.0,0.0,1.3815430463771117,0.025563692439917414,-1.5010525680549203e-17,11.937199197250358,11.937199197250369,12.947230200380627,12.947230200380636,-0.0176955482898917,0.0176955482898917,0.4550252496064341,-7.978247565661571e-18,895.4488634392635,895.4488634392635,889.3832459991205,889.3832459991205,-0.5,-0.5,-0.5,-0.5
1,160,4,after_integrate,0.16000000000000011,0.1590000000000001,0.001,0,0,0.40000001192092893,0.0,0.0,low_speed_outside_initial_validation_domain,0.025989544654172376,-6.731673955043809e-19,2.950420722532842e-17,2.8098462742347856e-16,0.0,0.0,1.3976754740449975,0.025563692439917414,-1.545175409462312e-17,12.022850959868014,12.022850959868022,13.112635581543007,13.112635581543016,-0.01797694961942803,0.01797694961942803,0.4578068679139552,1.3761511618707427e-17,901.7000018731086,901.7000018731086,895.1557142142559,895.1557142142559,-0.5,-0.5,-0.5,-0.5
1,161,4,after_integrate,0.16100000000000012,0.16000000000000011,0.001,0,0,0.40000001192092893,0.0,0.0,low_speed_outside_initial_validation_domain,0.02642021682475804,-6.795348742226202e-19,2.979131872070629e-17,2.6830638661665e-16,0.0,0.0,1.4138757420643202,0.025563692439917414,-1.365409400272622e-17,12.11501262875686,12.115012628756869,13.284373315464979,13.284373315464988,-0.018255577468944708,0.018255577468944708,0.4596343186501761,1.2869910582607603e-17,907.8987495055663,907.8987495055663,900.8769209549423,900.8769209549423,-0.5,-0.5,-0.5,-0.5
1,162,4,after_integrate,0.16200000000000012,0.16100000000000012,0.001,0,0,0.40000001192092893,0.0,0.0,low_speed_outside_initial_validation_domain,0.026855723792598405,-6.861564620629219e-19,3.0067284686267285e-17,2.780164237969612e-16,0.0,0.0,1.4301409669662115,0.02663736590934282,-1.386834959157446e-17,12.215918615174054,12.215918615174063,13.460644334255749,13.460644334255758,-0.01853569470121727,0.018535694701204666,0.4613871398438767,-4.3138653198563294e-17,914.0334766036134,914.0334766036134,906.5594406835628,906.5594406835628,-0.5,-0.5,-0.5,-0.5
1,163,4,after_integrate,0.16300000000000012,0.16200000000000012,0.001,0,0,0.40000001192092893,0.0,0.0,low_speed_outside_initial_validation_domain,0.027296084973299745,-6.924036932181489e-19,3.038820890087382e-17,3.3858470357347976e-16,0.0,0.0,1.4464680995467822,0.02663736590934282,-1.400115448220196e-17,12.326419816696852,12.326419816696854,13.641173944318124,13.641173944318131,-0.018818227599776843,0.018818227599776843,0.4630952910432783,-1.5878934798778266e-17,920.0996377240681,920.0996377240681,912.2054737176073,912.2054737176073,-0.5,-0.5,-0.5,-0.5
1,164,4,after_integrate,0.16400000000000012,0.16300000000000012,0.001,0,0,0.40000001192092893,0.0,0.0,low_speed_outside_initial_validation_domain,0.027741317874484958,-6.97771481352148e-19,3.0739335357986636e-17,3.734037404422355e-16,0.0,0.0,1.462855359676326,0.027741317874484955,-1.6799364274179934e-17,12.447325773598912,12.447325773598914,13.82536391403954,13.82536391403955,-0.019103269504095747,0.019103269504095747,0.4647618361535726,9.974090495893539e-18,926.0933964323731,926.0933964323731,917.8196176654275,917.8196176654275,-0.5,-0.5,-0.5,-0.5
1,165,4,after_integrate,0.16500000000000012,0.16400000000000012,0.001,0,0,0.40000001192092893,0.0,0.0,low_speed_outside_initial_validation_domain,0.02819143943587925,-7.033449831671908e-19,3.112212567097372e-17,3.7301378230213636e-16,0.0,0.0,1.47929643169035,0.027741317874484955,-1.654482941272893e-17,12.578883878703154,12.578883878703152,14.014406846833769,14.014406846833777,-0.019390927745508463,0.019390927745521067,0.4660514838929248,2.089327846531824e-18,932.0130300966434,932.0130300966434,923.3944675237858,923.3944675237858,-0.5,-0.5,-0.5,-0.5
1,166,4,after_integrate,0.16600000000000012,0.16500000000000012,0.001,0,0,0.40000001192092893,0.0,0.0,low_speed_outside_initial_validation_domain,0.02864646235868279,-7.085965004192562e-19,3.1518059404443823e-17,3.912514257235038e-16,0.0,0.0,1.4957809395014745,0.027741317874484955,-1.6506374525761524e-17,12.72098996052017,12.720989960520168,14.210876541761287,14.210876541761296,-0.01968125146960178,0.01968125146960178,0.4673920027963679,4.6211449277414785e-18,937.8584612246485,937.8584612246485,928.9138755359395,928.9138755359395,-0.5,-0.5,-0.5,-0.5
1,167,4,after_integrate,0.16700000000000012,0.16600000000000012,0.001,0,0,0.40000001192092893,0.0,0.0,low_speed_outside_initial_validation_domain,0.029106399458288874,-7.135172117714966e-19,3.1922712347275267e-17,4.2257477075766433e-16,0.0,0.0,1.5123151810280113,0.0288758165629706,-1.5803217200880112e-17,12.873203448594257,12.873203448594252,14.413198602439696,14.413198602439701,-0.019974370768642075,0.019974370768629464,0.4688259172498944,-5.1169823007676874e-17,943.6354475126825,943.6354475126825,934.3903924513805,934.3903924513805,-0.5,-0.5,-0.5,-0.5
1,168,4,after_integrate,0.16800000000000012,0.16700000000000012,0.001,0,0,0.40000001192092893,0.0,0.0,low_speed_outside_initial_validation_domain,0.02957126514946156,-7.183273658545567e-19,3.236476834347609e-17,4.320149703829293e-16,0.0,0.0,1.5289023892394085,0.0288758165629706,-1.7812894234451204e-17,13.03476167126099,13.034761671260986,14.62098751397477,14.620987513974779,-0.02027043251056611,0.020270432510578716,0.47032439912679525,-2.4917236691313518e-18,949.3503986179736,949.3503986179736,939.8281589803868,939.8281589803868,-0.5,-0.5,-0.5,-0.5
1,169,4,after_integrate,0.16900000000000012,0.16800000000000012,0.001,0,0,0.40000001192092893,0.0,0.0,low_speed_outside_initial_validation_domain,0.030041074515105876,-7.237613913758146e-19,3.2824144250538366e-17,4.696710216244533e-16,0.0,0.0,1.545540194627462,0.030041074515105872,-1.812977311594497e-17,13.20460293302173,13.204602933021727,14.835692971453222,14.835692971453229,-0.020569539645531085,0.020569539645518477,0.47171154185121267,-5.2628114217036334e-17,955.009796148536,955.009796148536,945.2185948632047,945.2185948632047,-0.5,-0.5,-0.5,-0.5
1,170,4,after_integrate,0.17000000000000012,0.16900000000000012,0.001,0,0,0.40000001192092893,0.0,0.0,low_speed_outside_initial_validation_domain,0.030515840701636775,-7.286528295110641e-19,3.331337182829404e-17,4.952615087321923e-16,0.0,0.0,1.5622289544493946,0.030041074515105872,-1.845518448021209e-17,13.381396372696496,13.381396372696493,15.058271758503807,15.058271758503814,-0.02087178859416645,0.020871788594166447,0.4732760894142647,-2.751747274443574e-17,960.6226057351815,960.6226057351815,950.5569516867517,950.5569516867517,-0.5,-0.5,-0.5,-0.5
1,171,4,after_integrate,0.17100000000000012,0.17000000000000012,0.001,0,0,0.40000001192092893,0.0,0.0,low_speed_outside_initial_validation_domain,0.03099557907489781,-7.330965841041264e-19,3.382737285131395e-17,5.177371583094506e-16,0.0,0.0,1.578977052748839,0.030041074515105872,-2.1165227554308778e-17,13.5635921306543,13.563592130654296,15.28777835121575,15.287778351215758,-0.021177270761766648,0.021177270761779252,0.47499262006326787,2.338689473169468e-17,966.2005162432009,966.2005162432009,955.8512991961368,955.8512991961368,-0.5,-0.5,-0.5,-0.5
1,172,4,after_integrate,0.17200000000000013,0.17100000000000012,0.001,0,0,0.40000001192092893,0.0,0.0,low_speed_outside_initial_validation_domain,0.031480306932257306,-7.376738861889621e-19,3.436220637934712e-17,5.283120098093133e-16,0.0,0.0,1.59578566050953,0.031237319313074653,-1.9622299434000905e-17,13.749466039609217,13.749466039609212,15.525431250734027,15.525431250734034,-0.021486070496942365,0.021486070496942365,0.4767103326866811,-2.866829661362383e-17,971.7540052587439,971.7540052587439,961.0944856060406,961.0944856060406,-0.5,-0.5,-0.5,-0.5
1,173,4,after_integrate,0.17300000000000013,0.17200000000000013,0.001,0,0,0.40000001192092893,0.0,0.0,low_speed_outside_initial_validation_domain,0.03197004085973012,-7.426236006126714e-19,3.4907978904746077e-17,5.479109237538032e-16,0.0,0.0,1.612657954610782,0.031237319313074653,-2.10311729433865e-17,13.937169781887427,13.937169781887421,15.772021212586049,15.772021212586058,-0.021798262027031792,0.021798262027019184,0.47864953417757455,-6.144438285092707e-17,977.2948584756839,977.2948584756839,966.2824972221921,966.2824972221921,-0.5,-0.5,-0.5,-0.5
1,174,4,after_integrate,0.17400000000000013,0.17300000000000013,0.001,0,0,0.40000001192092893,0.0,0.0,low_speed_outside_initial_validation_domain,0.03246480002620445,-7.487362746638482e-19,3.546812568094037e-17,5.575445545381833e-16,0.0,0.0,1.6296018963674705,0.03246480002620444,-2.3649388065115673e-17,14.124799185910714,14.124799185910712,16.02715095295655,16.027150952956557,-0.022113939625575407,0.022113939625575407,0.4806443108080241,-1.0821604778553679e-17,982.8358468003678,982.8358468003678,971.4191010891136,971.4191010891136,-0.5,-0.5,-0.5,-0.5
1,175,4,after_integrate,0.17500000000000013,0.17400000000000013,0.001,0,0,0.40000001192092893,0.0,0.0,low_speed_outside_initial_validation_domain,0.03296460453642743,-7.555619343239289e-19,3.6031395675176704e-17,5.567785874603148e-16,0.0,0.0,1.6466163697581542,0.03246480002620444,-2.393523716184075e-17,14.310665211677016,14.310665211677014,16.292677036868493,16.2926770368685,-0.022433067090916994,0.022433067090916994,0.4822696710849966,-1.0917073757623597e-17,988.3860127936691,988.3860127936691,976.4921385392989,976.4921385392989,-0.5,-0.5,-0.5,-0.5
1,176,4,after_integrate,0.17600000000000013,0.17500000000000013,0.001,0,0,0.40000001192092893,0.0,0.0,low_speed_outside_initial_validation_domain,0.033469471536627785,-7.620107486156445e-19,3.6601097320598515e-17,5.404851248889654e-16,0.0,0.0,1.6636699154056016,0.033469471536627785,-2.4561596692347646e-17,14.503674966481956,14.503674966481956,16.568010215345623,16.568010215345634,-0.02275132576734186,0.022751325767341856,0.4834331280143407,-9.779554614268436e-18,993.8838786065012,993.8838786065012,981.4970452888458,981.4970452888458,-0.5,-0.5,-0.5,-0.5
1,177,4,after_integrate,0.17700000000000013,0.17600000000000013,0.001,0,0,0.40000001192092893,0.0,0.0,low_speed_outside_initial_validation_domain,0.03397940870722338,-7.694366251067031e-19,3.7154130422449774e-17,5.587497255317546e-16,0.0,0.0,1.6807684258127527,0.033469471536627785,-2.406488017098508e-17,14.700251168393915,14.700251168393917,16.85477891300667,16.85477891300668,-0.02307278869604384,0.023072788696031233,0.48468772380283254,-3.6494241006059676e-17,999.3537779127522,999.3537779127522,986.4270131358586,986.4270131358586,-0.5,-0.5,-0.5,-0.5
1,178,4,after_integrate,0.17800000000000013,0.17700000000000013,0.001,0,0,0.40000001192092893,0.0,0.0,low_speed_outside_initial_validation_domain,0.03449442913363757,-7.765856622038541e-19,3.770637761842879e-17,5.407965298991351e-16,0.0,0.0,1.69791280163959,0.03449442913363757,-2.627839271526897e-17,14.900127043270276,14.900127043270281,17.15276316305828,17.15276316305829,-0.023397533938636632,0.023397533938636632,0.4859482000564881,-3.8016696680058495e-17,1004.7977044223704,1004.7977044223704,991.2838039541303,991.2838039541303,-0.5,-0.5,-0.5,-0.5
1,179,4,after_integrate,0.17900000000000013,0.17800000000000013,0.001,0,0,0.40000001192092893,0.0,0.0,low_speed_outside_initial_validation_domain,0.03501454482032438,-7.848037196198667e-19,3.826731388505373e-17,5.5341796050844235e-16,0.0,0.0,1.7151031784439401,0.03449442913363757,-2.726593796511404e-17,15.10186436848554,15.101864368485543,17.463104871895535,17.463104871895546,-0.02372596435021063,0.02372596435022324,0.4873063763172776,2.3958952252720234e-17,1010.2245655673089,1010.2245655673089,996.0609488190386,996.0609488190386,-0.5,-0.5,-0.5,-0.5
1,180,4,after_integrate,0.18000000000000013,0.17900000000000013,0.001,0,0,0.40000001192092893,0.0,0.0,low_speed_outside_initial_validation_domain,0.035539768461785845,-7.925149049489864e-19,3.8837575596354906e-17,5.689580507537382e-16,0.0,0.0,1.732342423646565,0.03553976846178584,-2.6814458089356426e-17,15.30397851570477,15.303978515704772,17.786275178445543,17.78627517844555,-0.0240578297273603,0.024057829727347695,0.4887447498041428,-3.579834827805374e-17,1015.6439661824035,1015.6439661824035,1000.7564445641959,1000.7564445641959,-0.5,-0.5,-0.5,-0.5
1,181,4,after_integrate,0.18100000000000013,0.18000000000000013,0.001,0,0,0.40000001192092893,0.0,0.0,low_speed_outside_initial_validation_domain,0.03607011329020674,-8.010115396186606e-19,3.940939947857918e-17,5.53832017460013e-16,0.0,0.0,1.7496317399166714,0.03553976846178584,-2.7027206965056388e-17,15.505720900613682,15.505720900613683,18.12247328025916,18.122473280259168,-0.02439263851692764,0.024392638516940245,0.48968587849852885,-2.540381635800294e-18,1021.0604904563642,1021.0604904563642,1005.3693295580316,1005.3693295580316,-0.5,-0.5,-0.5,-0.5
1,182,4,after_integrate,0.18200000000000013,0.18100000000000013,0.001,0,0,0.40000001192092893,0.0,0.0,low_speed_outside_initial_validation_domain,0.03660558907220812,-8.094562669786623e-19,3.998907611155879e-17,6.246150367034983e-16,0.0,0.0,1.7669396609567867,0.036605589072208115,-2.815005415387511e-17,15.714555860386241,15.71455586038624,18.472455802402916,18.472455802402926,-0.024727985722956897,0.024727985722956897,0.49036284649432427,-4.019380200052376e-18,1026.4219774010696,1026.4219774010696,1009.8876497203025,1009.8876497203025,-0.5,-0.5,-0.5,-0.5
1,183,4,after_integrate,0.18300000000000013,0.18200000000000013,0.001,0,0,0.40000001192092893,0.0,0.0,low_speed_outside_initial_validation_domain,0.03714619842095436,-8.178707431829417e-19,4.062195363548478e-17,5.680524372461805e-16,0.0,0.0,1.7842751359084743,0.036605589072208115,-2.820617169297995e-17,15.927251897222112,15.927251897222114,18.836632421103715,18.836632421103722,-0.025066647712624533,0.025066647712624533,0.49107856444218967,-4.148069380351885e-18,1031.7515185005811,1031.7515185005811,1014.3128622636569,1014.3128622636569,-0.5,-0.5,-0.5,-0.5
1,184,4,after_integrate,0.18400000000000014,0.18300000000000013,0.001,0,0,0.40000001192092893,0.0,0.0,low_speed_outside_initial_validation_domain,0.03769194820791546,-8.280854236315435e-19,4.12035688128091e-17,6.032152979532653e-16,0.0,0.0,1.8016368399487452,0.03769194820791546,-2.7061039405362936e-17,16.143513503926922,16.143513503926926,19.21534390571532,19.21534390571533,-0.025408916017463413,0.025408916017450805,0.4918404915518537,-5.1896508487692356e-17,1037.0510058006207,1037.0510058006207,1018.6432197291124,1018.6432197291124,-0.5,-0.5,-0.5,-0.5
1,185,4,after_integrate,0.18500000000000014,0.18400000000000014,0.001,0,0,0.40000001192092893,0.0,0.0,low_speed_outside_initial_validation_domain,0.03824284449552679,-8.372941802133976e-19,4.182446430335242e-17,6.039987374540615e-16,0.0,0.0,1.819022177196497,0.03769194820791546,-2.944161805548853e-17,16.363390062814194,16.363390062814194,19.608923999829646,19.608923999829656,-0.02575384400810077,0.02575384400810077,0.49212778467150425,-2.8781027787962287e-17,1042.3199218954742,1042.3199218954742,1022.876697518106,1022.876697518106,-0.5,-0.5,-0.5,-0.5
1,186,4,after_integrate,0.18600000000000014,0.18500000000000014,0.001,0,0,0.40000001192092893,0.0,0.0,low_speed_outside_initial_validation_domain,0.03879888907007732,-8.472847552631527e-19,4.245038672611945e-17,6.270072960514283e-16,0.0,0.0,1.8364096233209128,0.03879888907007733,-3.0585052954637856e-17,16.592071517665527,16.592071517665527,20.01761403043244,20.01761403043245,-0.02610035360119235,0.02610035360119235,0.49232606506713245,-9.0806117179674e-19,1047.5229430862041,1047.5229430862041,1027.0076493460795,1027.0076493460795,-0.5,-0.5,-0.5,-0.5
1,187,4,after_integrate,0.18700000000000014,0.18600000000000014,0.001,0,0,0.40000001192092893,0.0,0.0,low_speed_outside_initial_validation_domain,0.03936008044700471,-8.573996806193502e-19,4.308762947362174e-17,6.192302492834113e-16,0.0,0.0,1.8538067730978938,0.03879888907007733,-3.097033612043002e-17,16.82685614522569,16.82685614522569,20.441630481886616,20.441630481886627,-0.026450310167760692,0.026450310167748084,0.49256532478053383,-2.8814792627026746e-17,1052.6795140931697,1052.6795140931697,1031.0383245568785,1031.0383245568785,-0.5,-0.5,-0.5,-0.5
1,188,4,after_integrate,0.18800000000000014,0.18700000000000014,0.001,0,0,0.40000001192092893,0.0,0.0,low_speed_outside_initial_validation_domain,0.039926419670981865,-8.680671930602708e-19,4.37185224934633e-17,6.160588194422188e-16,0.0,0.0,1.8712086276651123,0.03992641967098187,-3.2599984390874345e-17,17.06856771541206,17.06856771541206,20.881129010083274,20.88112901008328,-0.026802903884347515,0.026802903884360123,0.49238483896927093,1.5428301349367359e-18,1057.7841271734535,1057.7841271734535,1034.9674165366403,1034.9674165366403,-0.5,-0.5,-0.5,-0.5
1,189,4,after_integrate,0.18900000000000014,0.18800000000000014,0.001,0,0,0.40000001192092893,0.0,0.0,low_speed_outside_initial_validation_domain,0.04049790303427018,-8.7962104062649e-19,4.435950260056074e-17,6.460875697487018e-16,0.0,0.0,1.8885996039316004,0.03992641967098187,-3.145390331123368e-17,17.320882243384105,17.320882243384105,21.336199255299096,21.336199255299107,-0.02715767462502166,0.02715767462502166,0.492198867523826,-2.2812985255523612e-17,1062.8123079942663,1062.8123079942663,1038.7919726660289,1038.7919726660289,-0.5,-0.5,-0.5,-0.5
1,190,4,after_integrate,0.19000000000000014,0.18900000000000014,0.001,0,0,0.40000001192092893,0.0,0.0,low_speed_outside_initial_validation_domain,0.041074525434320414,-8.909402275375278e-19,4.5023261407014733e-17,6.5683078618533e-16,0.0,0.0,1.9059846413027315,0.04107452543432041,-3.1523001539203323e-17,17.58195700079223,17.58195700079223,21.806893158764876,21.806893158764883,-0.027515622324791857,0.027515622324779245,0.49179622297142833,-2.894713274009009e-17,1067.777588474087,1067.777588474087,1042.5144854148166,1042.5144854148166,-0.5,-0.5,-0.5,-0.5
1,191,4,after_integrate,0.19100000000000014,0.19000000000000014,0.001,0,0,0.40000001192092893,0.0,0.0,low_speed_outside_initial_validation_domain,0.04165628123702803,-9.032177298870334e-19,4.568747515373235e-17,6.461615844273097e-16,0.0,0.0,1.923349125696496,0.04107452543432041,-3.330995558505217e-17,17.85530223317282,17.85530223317282,22.293200360960647,22.293200360960654,-0.027875549901722245,0.02787554990172224,0.49127168138996485,-2.5601788468346123e-17,1072.656549063321,1072.656549063321,1046.1326124496254,1046.1326124496254,-0.5,-0.5,-0.5,-0.5
1,192,4,after_integrate,0.19200000000000014,0.19100000000000014,0.001,0,0,0.40000001192092893,0.0,0.0,low_speed_outside_initial_validation_domain,0.042243161281396664,-9.158985426163196e-19,4.635475904465171e-17,6.67082453037144e-16,0.0,0.0,1.9406954796449112,0.042243161281396664,-3.454023999265242e-17,18.139799784669993,18.139799784669993,22.795085137919845,22.795085137919852,-0.02823850250429974,0.02823850250428713,0.4905544984075807,-5.081911052008963e-17,1077.4579921759673,1077.4579921759673,1049.6489364839786,1049.6489364839786,-0.5,-0.5,-0.5,-0.5
1,193,4,after_integrate,0.19300000000000014,0.19200000000000014,0.001,0,0,0.40000001192092893,0.0,0.0,low_speed_outside_initial_validation_domain,0.04283515646274537,-9.303289838165132e-19,4.6995052882990444e-17,5.958053963803233e-16,0.0,0.0,1.958012058237972,0.042243161281396664,-3.665278052829837e-17,18.438215199859425,18.43821519985943,23.31244824127842,23.312448241278428,-0.02860370996583267,0.028603709965820057,0.48974556402449815,-5.467202371721881e-17,1082.163787102443,1082.163787102443,1053.0624372946327,1053.0624372946327,-0.5,-0.5,-0.5,-0.5
1,194,4,after_integrate,0.19400000000000014,0.19300000000000014,0.001,0,0,0.40000001192092893,0.0,0.0,low_speed_outside_initial_validation_domain,0.043432254890921104,-9.451588112980092e-19,4.761788234484807e-17,6.069857326203613e-16,0.0,0.0,1.975298530776706,0.0434322548909211,-3.653513299345664e-17,18.75028472390619,18.750284723906198,23.84512706479677,23.845127064796777,-0.028971591379644217,0.028971591379644217,0.48872302274048335,3.886235870454755e-18,1086.7769037816392,1086.7769037816392,1056.375631093535,1056.375631093535,-0.5,-0.5,-0.5,-0.5
1,195,4,after_integrate,0.19500000000000015,0.19400000000000014,0.001,0,0,0.40000001192092893,0.0,0.0,low_speed_outside_initial_validation_domain,0.04403444356831613,-9.600829541471242e-19,4.823988131417426e-17,6.174943636338168e-16,0.0,0.0,1.9925471280809948,0.0434322548909211,-3.8436378107149416e-17,19.07774140137762,19.077741401377626,24.392969733415107,24.392969733415118,-0.029342179811754677,0.029342179811754677,0.4876077419687133,2.1133505321461914e-18,1091.2865131595051,1091.2865131595051,1059.5889154236672,1059.5889154236672,-0.5,-0.5,-0.5,-0.5
1,196,4,after_integrate,0.19600000000000015,0.19500000000000015,0.001,0,0,0.40000001192092893,0.0,0.0,low_speed_outside_initial_validation_domain,0.04464170806044599,-9.744996549310667e-19,4.8870740319299644e-17,6.123217422884959e-16,0.0,0.0,2.0097534166016406,0.044641708060446,-3.810261516390695e-17,19.421521151125823,19.42152115112583,24.955710919523902,24.95571091952391,-0.029715199653087002,0.029715199653087002,0.4863878089207532,3.4511874532169207e-18,1095.687345176948,1095.687345176948,1062.7041580338641,1062.7041580338641,-0.5,-0.5,-0.5,-0.5
1,197,4,after_integrate,0.19700000000000015,0.19600000000000015,0.001,0,0,0.40000001192092893,0.0,0.0,low_speed_outside_initial_validation_domain,0.04525403230277541,-9.888799574135914e-19,4.94917729524001e-17,6.148075094680853e-16,0.0,0.0,2.026915527051515,0.044641708060446,-3.7250728440911194e-17,19.781817590667945,19.781817590667956,25.53312081074292,25.533120810742925,-0.030090935661484068,0.030090935661484068,0.4850543713258333,-1.917614165096035e-17,1099.97920936922,1099.97920936922,1065.7236974048901,1065.7236974048901,-0.5,-0.5,-0.5,-0.5
1,198,4,after_integrate,0.19800000000000015,0.19700000000000015,0.001,0,0,0.40000001192092893,0.0,0.0,low_speed_outside_initial_validation_domain,0.04587139955975384,-1.0033107956776287e-18,5.0130876887798525e-17,6.208389893046986e-16,0.0,0.0,2.044029199871281,0.04587139955975384,-3.804672012790572e-17,20.15957575587416,20.15957575587417,26.124868735442003,26.124868735442014,-0.030469360264051042,0.030469360264038434,0.4836277106885473,-2.2608238973132477e-17,1104.1567202334506,1104.1567202334506,1068.6496336198743,1068.6496336198743,-0.5,-0.5,-0.5,-0.5
1,199,4,after_integrate,0.19900000000000015,0.19800000000000015,0.001,0,0,0.40000001192092893,0.0,0.0,low_speed_outside_initial_validation_domain,0.04649379190292748,-1.018326424575579e-18,5.075455858757972e-17,6.004431190689161e-16,0.0,0.0,2.0610911431866956,0.04587139955975384,-3.921507199764869e-17,20.555443895516888,20.555443895516895,26.730653411530852,26.73065341153086,-0.030850454901009825,0.030850454901009825,0.48212445373797697,2.4281857676187664e-18,1108.2164585300459,1108.2164585300459,1071.484066385838,1071.484066385838,-0.5,-0.5,-0.5,-0.5
1,200,4,after_integrate,0.20000000000000015,0.19900000000000015,0.001,0,0,0.40000001192092893,0.0,0.0,low_speed_outside_initial_validation_domain,0.04712119043770481,-1.0343232113087018e-18,5.1372184643830705e-17,5.98573201331341e-16,0.0,0.0,2.078098805570014,0.0471211904377048,-3.8968015410699323e-17,20.96991224884783,20.96991224884784,27.350129290659662,27.35012929065967,-0.031234218822951118,0.031234218822963726,0.48055110052174094,6.070099398446958e-18,1112.156061238237,1112.156061238237,1074.2294381794818,1074.2294381794818,-0.5,-0.5,-0.5,-0.5
1,201,5,after_integrate,0.20100000000000015,0.20000000000000015,0.001,0,0,0.5,0.0,0.0,low_speed_outside_initial_validation_domain,0.04775357546482447,-1.0501948619781012e-18,5.199593467331443e-17,6.250117523614707e-16,0.0,0.0,2.095049937633184,0.0471211904377048,-3.843990961751776e-17,21.40343161562432,21.403431615624328,27.982908957271526,27.982908957271533,-0.03162066358166453,0.03162066358165192,0.4789166179123302,-2.3771644860474842e-17,1115.9733900093624,1115.9733900093624,1076.8883833005555,1076.8883833005555,-0.5,-0.5,-0.5,-0.5
1,202,5,after_integrate,0.20200000000000015,0.20100000000000015,0.001,0,0,0.5,0.0,0.0,low_speed_outside_initial_validation_domain,0.048390926602193914,-1.0663501641285835e-18,5.2628963121171454e-17,6.049328499801671e-16,0.0,0.0,2.1119425429422094,0.04839092660219391,-3.9693147850703977e-17,21.85641209361303,21.856412093613038,28.6286169115764,28.62861691157641,-0.032009811498031886,0.032009811498031886,0.4772276406728006,-2.2344914276241646e-17,1119.68877626307,1119.68877626307,1079.485653960186,1079.485653960186,-0.5,-0.5,-0.5,-0.5
1,203,5,after_integrate,0.20300000000000015,0.20200000000000015,0.001,0,0,0.5,0.0,0.0,low_speed_outside_initial_validation_domain,0.04903322285520034,-1.0831569261308063e-18,5.326059883930789e-17,6.331435957577825e-16,0.0,0.0,2.1287748257913246,0.04839092660219391,-4.053014544771855e-17,22.32925331022966,22.329253310229667,29.286912488126248,29.286912488126255,-0.03240167741251416,0.03240167741251416,0.47549281260294946,-2.1562448547363067e-17,1123.2887207988317,1123.2887207988317,1082.0118663545309,1082.0118663545309,-0.5,-0.5,-0.5,-0.5
1,204,5,after_integrate,0.20400000000000015,0.20300000000000015,0.001,0,0,0.5,0.0,0.0,low_speed_outside_initial_validation_domain,0.04968044268891964,-1.1004473013420887e-18,5.3907918900512296e-17,6.329075893862034e-16,0.0,0.0,2.145545359049693,0.04968044268891964,-4.0547920669310883e-17,22.822243293345238,22.822243293345245,29.957411749864168,29.957411749864175,-0.032796275715659684,0.032796275715659684,0.47372171375498173,-2.531285065416339e-17,1126.7754163450186,1126.7754163450186,1084.472894870755,1084.472894870755,-0.5,-0.5,-0.5,-0.5
1,205,5,after_integrate,0.20500000000000015,0.20400000000000015,0.001,0,0,0.5,0.0,0.0,low_speed_outside_initial_validation_domain,0.05033256414486862,-1.119047878879105e-18,5.451842323623044e-17,5.720241841506653e-16,0.0,0.0,2.1622529986464203,0.04968044268891964,-4.2261105088059624e-17,23.335606960934538,23.335606960934545,30.639730553162316,30.63973055316233,-0.033193628206309875,0.03319362820629726,0.4719228610157947,-5.2079675726845354e-17,1130.1465820934889,1130.1465820934889,1086.869744447604,1086.869744447604,-0.5,-0.5,-0.5,-0.5
1,206,5,after_integrate,0.20600000000000016,0.20500000000000015,0.001,0,0,0.5,0.0,0.0,low_speed_outside_initial_validation_domain,0.050989564916591915,-1.138725532905704e-18,5.5119340426597326e-17,5.811070577369118e-16,0.0,0.0,2.178896923122414,0.05098956491659192,-4.403183884304458e-17,23.869495965080123,23.86949596508013,31.333470255389233,31.333470255389248,-0.03359374043477693,0.03359374043477693,0.47015509133292177,-2.2443094003249667e-17,1133.4004440792544,1133.4004440792544,1089.2035615067514,1089.2035615067514,-0.5,-0.5,-0.5,-0.5
1,207,5,after_integrate,0.20700000000000016,0.20600000000000016,0.001,0,0,0.5,0.0,0.0,low_speed_outside_initial_validation_domain,0.051651422790505754,-1.1582126212645357e-18,5.572396839546509e-17,5.987603001905929e-16,0.0,0.0,2.195487681090335,0.05098956491659192,-4.3967930248718765e-17,24.423970602699708,24.42397060269972,32.035256631240316,32.03525663124032,-0.03399663239912413,0.03399663239911152,0.4690687225239912,-2.4841953282198935e-17,1136.5389477466629,1136.5389477466629,1091.495745763471,1091.495745763471,-0.5,-0.5,-0.5,-0.5
1,208,5,after_integrate,0.20800000000000016,0.20700000000000016,0.001,0,0,0.5,0.0,0.0,low_speed_outside_initial_validation_domain,0.05231812308664561,-1.177300082267252e-18,5.633261215363752e-17,5.942230563028493e-16,0.0,0.0,2.212045143213153,0.05231812308664561,-4.54404133663399e-17,24.99904301982628,24.999043019826292,32.73938126937579,32.739381269375805,-0.034402333400053345,0.034402333400053345,0.4679598813639917,3.3655657377017116e-20,1139.565640383514,1139.565640383514,1093.7822716493256,1093.7822716493256,-0.5,-0.5,-0.5,-0.5
1,209,5,after_integrate,0.20900000000000016,0.20800000000000016,0.001,0,0,0.5,0.0,0.0,low_speed_outside_initial_validation_domain,0.05298965154316448,-1.1976156810628192e-18,5.694149748648337e-17,5.725981266816326e-16,0.0,0.0,2.2285617891268785,0.05231812308664561,-4.693209496918082e-17,25.594631410273124,25.59463141027313,33.44762896015927,33.447628960159285,-0.03481084975361271,0.03481084975361271,0.4668324194851571,9.873342106386918e-19,1142.4769770510165,1142.4769770510165,1096.048432320401,1096.048432320401,-0.5,-0.5,-0.5,-0.5
1,210,5,after_integrate,0.21000000000000016,0.20900000000000016,0.001,0,0,0.5,0.0,0.0,low_speed_outside_initial_validation_domain,0.05366599252492813,-1.2191934959478416e-18,5.753214043213246e-17,5.804269582122163e-16,0.0,0.0,2.2450386333249073,0.05332722047814456,-4.581093636033973e-17,26.21057463062244,26.21057463062245,34.15953073708159,34.159530737081596,-0.035222213982026365,0.03522221398201375,0.46569856532027065,-5.165661507708113e-17,1145.2726147443088,1145.2726147443088,1098.2952596437412,1098.2952596437412,-0.5,-0.5,-0.5,-0.5
1,211,5,after_integrate,0.21100000000000016,0.21000000000000016,0.001,0,0,0.5,0.0,0.0,low_speed_outside_initial_validation_domain,0.05434713074197716,-1.2402465486832178e-18,5.81317115409103e-17,5.734360276325089e-16,0.0,0.0,2.2614755430505666,0.05434713074197717,-4.7139577481887097e-17,26.846625199751436,26.846625199751443,34.87501678037495,34.87501678037496,-0.035636434937839204,0.03563643493785181,0.4645617351326123,5.285963777093169e-18,1147.9523945310768,1147.9523945310768,1100.5212386455512,1100.5212386455512,-0.5,-0.5,-0.5,-0.5
1,212,5,after_integrate,0.21200000000000016,0.21100000000000016,0.001,0,0,0.5,0.0,0.0,low_speed_outside_initial_validation_domain,0.05503305082519303,-1.2605642142163383e-18,5.873283341663027e-17,5.937832017006572e-16,0.0,0.0,2.277872515511835,0.05434713074197717,-4.8382008617795625e-17,27.502498731028464,27.502498731028478,35.59401515428614,35.59401515428615,-0.036053520889390636,0.036053520889390636,0.46342921261008785,-2.2287879392286405e-17,1150.516484010155,1150.516484010155,1102.7250398288227,1102.7250398288227,-0.5,-0.5,-0.5,-0.5
1,213,5,after_integrate,0.21300000000000016,0.21200000000000016,0.001,0,0,0.5,0.0,0.0,low_speed_outside_initial_validation_domain,0.05572373740270729,-1.2816047261520082e-18,5.93513765638572e-17,6.041928090859999e-16,0.0,0.0,2.2942298294771257,0.055377798299284395,-4.891880378013847e-17,28.177834214635784,28.177834214635794,36.31645241767067,36.31645241767068,-0.03647348245973804,0.03647348245973804,0.4623076190782785,-2.354331776190467e-17,1152.9656235012833,1152.9656235012833,1104.9055369643636,1104.9055369643636,-0.5,-0.5,-0.5,-0.5
1,214,5,after_integrate,0.21400000000000016,0.21300000000000016,0.001,0,0,0.5,0.0,0.0,low_speed_outside_initial_validation_domain,0.056419175175251246,-1.3020137285383851e-18,5.998008810326135e-17,6.314751106789286e-16,0.0,0.0,2.310547990877706,0.05641917517525124,-4.847601062207172e-17,28.872210003411276,28.872210003411286,37.04225410996726,37.042254109967274,-0.03689632842574709,0.03689632842574709,0.46120266431183626,-1.0648420652647403e-18,1155.3009976178248,1155.3009976178248,1107.0617677083355,1107.0617677083355,-0.5,-0.5,-0.5,-0.5
1,215,5,after_integrate,0.21500000000000016,0.21400000000000016,0.001,0,0,0.5,0.0,0.0,low_speed_outside_initial_validation_domain,0.05711934897979252,-1.3205622634917899e-18,6.066415026916002e-17,6.672705912011406e-16,0.0,0.0,2.3268276568456048,0.05641917517525124,-4.8353004710491925e-17,29.58516539481833,29.58516539481834,37.77134514159869,37.7713451415987,-0.037322056340919806,0.0373220563409072,0.46011900463371075,-2.7027156265009748e-17,1157.5240742063531,1157.5240742063531,1109.192891953052,1109.192891953052,-0.5,-0.5,-0.5,-0.5
1,216,5,after_integrate,0.21600000000000016,0.21500000000000016,0.001,0,0,0.5,0.0,0.0,low_speed_outside_initial_validation_domain,0.057824243830102366,-1.3423413216478172e-18,6.125741615393265e-17,5.031491953057075e-16,0.0,0.0,2.343069660543615,0.057471206261296565,-5.206101001500839e-17,30.316194493259676,30.316194493259694,38.50365011022428,38.5036501102243,-0.0377506846057995,0.0377506846057995,0.4590602794432644,-2.2223478538160978e-17,1159.6366376689548,1159.6366376689548,1111.2981854383224,1111.2981854383224,-0.5,-0.5,-0.5,-0.5
1,217,5,after_integrate,0.21700000000000016,0.21600000000000016,0.001,0,0,0.5,0.0,0.0,low_speed_outside_initial_validation_domain,0.05853384496524881,-1.3650569067776326e-18,6.180101809709588e-17,5.481449706664014e-16,0.0,0.0,2.359274931756459,0.05853384496524883,-5.089640594506704e-17,31.06476845783673,31.064768457836742,39.23909355449153,39.23909355449155,-0.038182183915227194,0.03818218391521458,0.4580290522780197,-4.8729418800811e-17,1161.640630641454,1161.640630641454,1113.3770026958914,1113.3770026958914,-0.5,-0.5,-0.5,-0.5
1,218,5,after_integrate,0.21800000000000017,0.21700000000000016,0.001,0,0,0.5,0.0,0.0,low_speed_outside_initial_validation_domain,0.05924813787406821,-1.3863518011873792e-18,6.23742184481447e-17,5.454078023000968e-16,0.0,0.0,2.375444472776093,0.05853384496524883,-5.3212348499705777e-17,31.830342325145295,31.83034232514531,39.97760013228978,39.977600132289794,-0.03861653326653733,0.038616533266549936,0.4570276364916306,2.936136532008644e-17,1163.5381057628338,1163.5381057628338,1115.4287617639277,1115.4287617639277,-0.5,-0.5,-0.5,-0.5
1,219,5,after_integrate,0.21900000000000017,0.21800000000000017,0.001,0,0,0.5,0.0,0.0,low_speed_outside_initial_validation_domain,0.05996710831802775,-1.4071498197384754e-18,6.294515902295188e-17,5.5769996633399e-16,0.0,0.0,2.3915794101548853,0.05960703838541968,-5.091413117952984e-17,32.612341264961614,32.61234126496163,40.71909479384898,40.719094793848996,-0.039053724034639095,0.039053724034626494,0.45606039109356844,-2.566261003211473e-17,1165.3313178939677,1165.3313178939677,1117.4529515841987,1117.4529515841987,-0.5,-0.5,-0.5,-0.5
1,220,5,after_integrate,0.22000000000000017,0.21900000000000017,0.001,0,0,0.5,0.0,0.0,low_speed_outside_initial_validation_domain,0.06069074238351646,-1.4275654784865008e-18,6.351785304511706e-17,4.820531926774028e-16,0.0,0.0,2.407680989020307,0.06069074238351646,-5.298899029273976e-17,33.41016286534823,33.41016286534825,41.463502978066614,41.463502978066636,-0.0394937410674882,0.03949374106748821,0.4551260193250759,-2.3992153111897766e-17,1167.0227035442215,1167.0227035442215,1119.4491172553703,1119.4491172553703,-0.5,-0.5,-0.5,-0.5
1,221,5,after_integrate,0.22100000000000017,0.22000000000000017,0.001,0,0,0.5,0.0,0.0,low_speed_outside_initial_validation_domain,0.061419026478964904,-1.4485552487030686e-18,6.402839435932125e-17,5.75039184220581e-16,0.0,0.0,2.423758995622526,0.06069074238351646,-5.293382744415197e-17,34.22089614979697,34.220896149796985,42.2107535673648,42.21075356736481,-0.03993830265992014,0.03993830265992014,0.4550619100759469,-2.421739278752e-17,1168.6303521448954,1168.6303521448954,1121.4192770730556,1121.4192770730556,-0.5,-0.5,-0.5,-0.5
1,222,5,after_integrate,0.22200000000000017,0.22100000000000017,0.001,0,0,0.5,0.0,0.0,low_speed_outside_initial_validation_domain,0.06215195539220956,-1.4682406989209286e-18,6.463087584019649e-17,5.650372982782503e-16,0.0,0.0,2.4398444787169176,0.061784909866261804,-5.4451541454317904e-17,35.036004839171866,35.03600483917188,42.96080294064729,42.96080294064731,-0.04038779761277378,0.04038779761278638,0.4550568762475988,-1.5437480529678939e-18,1170.2091324479206,1170.2091324479206,1123.3698796413562,1123.3698796413562,-0.5,-0.5,-0.5,-0.5
1,223,5,after_integrate,0.22300000000000017,0.22200000000000017,0.001,0,0,0.5,0.0,0.0,low_speed_outside_initial_validation_domain,0.06288952671744745,-1.4890503021393311e-18,6.522443113415551e-17,5.897865016403219e-16,0.0,0.0,2.4559276942477144,0.06288952671744745,-5.373858774417704e-17,35.858033946014125,35.85803394601414,43.71359291325156,43.713592913251574,-0.04083989237419206,0.04083989237419206,0.4550529513688562,-2.4936451502632613e-19,1171.738709782827,1171.738709782827,1125.2955069878365,1125.2955069878365,-0.5,-0.5,-0.5,-0.5
1,224,5,after_integrate,0.22400000000000017,0.22300000000000017,0.001,0,0,0.5,0.0,0.0,low_speed_outside_initial_validation_domain,0.06363173581612133,-1.5087267768320943e-18,6.583358111425837e-17,5.792566977621696e-16,0.0,0.0,2.4720109635592267,0.06288952671744745,-5.4872231890203307e-17,36.68622036967791,36.686220369677926,44.46906066162154,44.469060661621555,-0.04129455953045757,0.04129455953045757,0.4550499846181822,1.1468255985486616e-18,1173.2217882116815,1173.2217882116815,1127.1949121856267,1127.1949121856267,-0.5,-0.5,-0.5,-0.5
1,225,5,after_integrate,0.22500000000000017,0.22400000000000017,0.001,0,0,0.5,0.0,0.0,low_speed_outside_initial_validation_domain,0.06437857880023806,-1.5292631097086194e-18,6.643525658418266e-17,5.968948340397034e-16,0.0,0.0,2.4880943190788063,0.06400457807292452,-5.497455710990242e-17,37.520427300837945,37.52042730083796,45.227140843474935,45.227140843474956,-0.04175177116156929,0.04175177116155668,0.4550478275660275,-5.005921565860127e-17,1174.6569249125696,1174.6569249125696,1129.0662938283701,1129.0662938283701,-0.5,-0.5,-0.5,-0.5
1,226,5,after_integrate,0.22600000000000017,0.22500000000000017,0.001,0,0,0.5,0.0,0.0,low_speed_outside_initial_validation_domain,0.06513005177521428,-1.5495138556018744e-18,6.705838841620482e-17,5.967803288838589e-16,0.0,0.0,2.504177787947671,0.06513005177521429,-5.694799357757559e-17,38.36051451409745,38.36051451409747,45.987765192726435,45.98776519272645,-0.042211498674876086,0.042211498674876086,0.45504633492301416,9.54138201225918e-19,1176.0429043077022,1176.0429043077022,1130.9080748590936,1130.9080748590936,-0.5,-0.5,-0.5,-0.5
1,227,5,after_integrate,0.22700000000000017,0.22600000000000017,0.001,0,0,0.5,0.0,0.0,low_speed_outside_initial_validation_domain,0.0658861508386453,-1.5692545472261323e-18,6.767766614605339e-17,5.890770726545033e-16,0.0,0.0,2.5202613921271695,0.06513005177521429,-5.67405785242988e-17,39.20633887160223,39.20633887160225,46.75086296821583,46.75086296821584,-0.04267371284062061,0.042673712840608,0.4550453651515524,-5.0287363131082235e-17,1177.3787153598346,1177.3787153598346,1132.7188799142157,1132.7188799142157,-0.5,-0.5,-0.5,-0.5
1,228,5,after_integrate,0.22800000000000017,0.22700000000000017,0.001,0,0,0.5,0.0,0.0,low_speed_outside_initial_validation_domain,0.06664687207904076,-1.588626170218143e-18,6.833100362410035e-17,6.705199543820473e-16,0.0,0.0,2.536345148531071,0.06626593368740723,-5.739382451125607e-17,40.057754839429926,40.05775483942993,47.51636139654381,47.51636139654383,-0.043138383826853026,0.043138383826853026,0.4550447810510898,-2.223550328204624e-18,1178.663528444967,1178.663528444967,1134.4975123607285,1134.4975123607285,-0.5,-0.5,-0.5,-0.5
1,229,5,after_integrate,0.22900000000000018,0.22800000000000017,0.001,0,0,0.5,0.0,0.0,low_speed_outside_initial_validation_domain,0.0674122115747062,-1.6081841839240761e-18,6.901789313055612e-17,6.503596214988771e-16,0.0,0.0,2.552429069178365,0.0674122115747062,-5.971045863914948e-17,40.914614946462876,40.91461494646289,48.28418605439248,48.28418605439249,-0.043605481233949764,0.043605481233949764,0.45504445031237517,-2.4692783814248195e-17,1179.8966748296812,1179.8966748296812,1136.2429339663763,1136.2429339663763,-0.5,-0.5,-0.5,-0.5
1,230,5,after_integrate,0.23000000000000018,0.22900000000000018,0.001,0,0,0.5,0.0,0.0,low_speed_outside_initial_validation_domain,0.0681821653927622,-1.628281884433269e-18,6.969946488736952e-17,6.812565204593989e-16,0.0,0.0,2.5685131613654915,0.0674122115747062,-6.076673541495517e-17,41.77677019019064,41.776770190190646,49.05426119523494,49.05426119523496,-0.04407497412854892,0.04407497412854892,0.4550442460378082,2.1680861494767593e-18,1181.0776244881647,1181.0776244881647,1137.95424293622,1137.95424293622,-0.5,-0.5,-0.5,-0.5
1,231,5,after_integrate,0.23100000000000018,0.23000000000000018,0.001,0,0,0.5,0.0,0.0,low_speed_outside_initial_validation_domain,0.06895672958829192,-1.6478663868060503e-18,7.040447455020637e-17,6.847394892288235e-16,0.0,0.0,2.584597427856768,0.06856887119420625,-5.960691100747354e-17,42.644070373449665,42.64407037344967,49.826510004813805,49.82651000481381,-0.044546831076970154,0.044546831076970154,0.45504404722567887,-2.898467157255594e-17,1182.205958793816,1182.205958793816,1139.630646849197,1139.630646849197,-0.5,-0.5,-0.5,-0.5
1,232,5,after_integrate,0.23200000000000018,0.23100000000000018,0.001,0,0,0.5,0.0,0.0,low_speed_outside_initial_validation_domain,0.06973590020360303,-1.66728557895233e-18,7.112089528082993e-17,6.884012126201649e-16,0.0,0.0,2.600681867091757,0.06973590020360303,-6.200443362761356e-17,43.51636438314175,43.516364383141756,50.60085479686053,50.60085479686054,-0.045021020177898274,0.04502102017788566,0.4550437392166978,-2.1001451514244022e-17,1183.2813585495117,1183.2813585495117,1141.2714509570458,1141.2714509570458,-0.5,-0.5,-0.5,-0.5
1,233,5,after_integrate,0.23300000000000018,0.23200000000000018,0.001,0,0,0.5,0.0,0.0,low_speed_outside_initial_validation_domain,0.07051967326760064,-1.6871263708501979e-18,7.186881086154222e-17,7.573985410054626e-16,0.0,0.0,2.616766473408261,0.06973590020360303,-6.117464119199557e-17,44.3935004447304,44.39350044473041,51.37721718332534,51.37721718332534,-0.04549750909423906,0.04549750909425166,0.4550432141015599,-6.532475875764139e-18,1184.3035919145777,1184.3035919145777,1142.8760464015618,1142.8760464015618,-0.5,-0.5,-0.5,-0.5
1,234,5,after_integrate,0.23400000000000018,0.23300000000000018,0.001,0,0,0.5,0.0,0.0,low_speed_outside_initial_validation_domain,0.07130804479526764,-1.7064304286809614e-18,7.265242755643559e-17,7.650990657742965e-16,0.0,0.0,2.6328512372795876,0.070913284224452,-6.247996645893939e-17,45.27532634475292,45.275326344752926,52.15551821170566,52.15551821170567,-0.045976265084400385,0.04597626508438777,0.45504237108857865,-5.157607495116052e-17,1185.2725040755363,1185.2725040755363,1144.443900195775,1144.443900195775,-0.5,-0.5,-0.5,-0.5
1,235,5,after_integrate,0.23500000000000018,0.23400000000000018,0.001,0,0,0.5,0.0,0.0,low_speed_outside_initial_validation_domain,0.0721010107872488,-1.7277326040999403e-18,7.34412418055443e-17,7.62174714005173e-16,0.0,0.0,2.6489361455646794,0.07210101078724881,-6.419527039177744e-17,46.16168962705485,46.161689627054855,52.935678475561694,52.9356784755617,-0.04645725503234459,0.04645725503234459,0.4550411168307379,-2.584888317557112e-17,1186.1880083048025,1186.1880083048025,1145.9745466114243,1145.9745466114243,-0.5,-0.5,-0.5,-0.5
1,236,5,after_integrate,0.23600000000000018,0.23500000000000018,0.001,0,0,0.5,0.0,0.0,low_speed_outside_initial_validation_domain,0.07289856722953568,-1.749911259977684e-18,7.423595186043033e-17,7.78969526181493e-16,0.0,0.0,2.665021181769733,0.07210101078724881,-6.444539594513905e-17,47.052437766195425,47.05243776619543,53.717618202036796,53.7176182020368,-0.04694044547723686,0.04694044547724945,0.455039365711715,2.471474020391508e-17,1187.0500780991426,1187.0500780991426,1147.467579662719,1147.467579662719,-0.5,-0.5,-0.5,-0.5
1,237,5,after_integrate,0.23700000000000018,0.23600000000000018,0.001,0,0,0.5,0.0,0.0,low_speed_outside_initial_validation_domain,0.07370071009324985,-1.772404355711109e-18,7.504703788267136e-17,7.890637460838574e-16,0.0,0.0,2.681106326319865,0.07329906535974583,-6.473886678254545e-17,47.947418320708316,47.94741832070832,54.501257319430735,54.50125731943075,-0.047425802641813605,0.04742580264182621,0.45503704009055457,2.566334981460154e-17,1187.858740270637,1187.858740270637,1148.922646557207,1148.922646557207,-0.5,-0.5,-0.5,-0.5
1,238,5,after_integrate,0.23800000000000018,0.23700000000000018,0.001,0,0,0.5,0.0,0.0,low_speed_outside_initial_validation_domain,0.07450743533452175,-1.794670950319694e-18,7.586642759455116e-17,7.870359636845312e-16,0.0,0.0,2.6971915568393925,0.07450743533452177,-6.388287416470739e-17,48.84647906858511,48.84647906858512,55.286515507550995,55.286515507551,-0.04791329245998357,0.04791329245997095,0.4550340705049315,-2.5393045700478025e-17,1188.6140688780338,1188.6140688780338,1150.339441999644,1150.339441999644,-0.5,-0.5,-0.5,-0.5
1,239,5,after_integrate,0.23900000000000018,0.23800000000000018,0.001,0,0,0.5,0.0,0.0,low_speed_outside_initial_validation_domain,0.07531873889446297,-1.8175642440390346e-18,7.667598459890916e-17,7.470667975867031e-16,0.0,0.0,2.713276848439301,0.07450743533452177,-6.391658547292403e-17,49.74946812707573,49.749468127075744,56.07331223328683,56.07331223328684,-0.04840288060344333,0.04840288060344333,0.45503039583300386,-2.2928331924838755e-17,1189.3161798993679,1189.3161798993679,1151.7177032476773,1151.7177032476773,-0.5,-0.5,-0.5,-0.5
1,240,5,after_integrate,0.24000000000000019,0.23900000000000018,0.001,0,0,0.5,0.0,0.0,low_speed_outside_initial_validation_domain,0.07613461669922968,-1.8424264962135455e-18,7.745298472067981e-17,8.164221097458431e-16,0.0,0.0,2.7293621740104705,0.07572610601727583,-6.59799376387338e-17,50.65623405865759,50.656234058657596,56.861566773602455,56.86156677360247,-0.048894532507330814,0.048894532507330814,0.4550259634141069,2.4600830775778532e-18,1189.9652265582913,1189.9652265582913,1153.0572058296457,1153.0572058296457,-0.5,-0.5,-0.5,-0.5
1,241,5,after_integrate,0.2410000000000002,0.24000000000000019,0.001,0,0,0.5,0.0,0.0,low_speed_outside_initial_validation_domain,0.07695506466017502,-1.8667289874741483e-18,7.829471140891861e-17,7.929852567735065e-16,0.0,0.0,2.7454475045212146,0.07695506466017499,-6.434978228934013e-17,51.566625964811145,51.56662596481115,57.6511982279223,57.651198227922315,-0.04938821339487685,0.049388213394889455,0.455020729128592,4.971031443459588e-19,1190.56139522673,1190.56139522673,1154.3577598449322,1154.3577598449322,-0.5,-0.5,-0.5,-0.5
1,242,5,after_integrate,0.2420000000000002,0.2410000000000002,0.001,0,0,0.5,0.0,0.0,low_speed_outside_initial_validation_domain,0.077780078674088,-1.8911433801424715e-18,7.91254676888968e-17,8.073026905909155e-16,0.0,0.0,2.7615328081003816,0.07695506466017499,-6.616650296409396e-17,52.48049356900189,52.480493569001894,58.44212552162633,58.44212552162635,-0.049883888301028405,0.04988388830101578,0.4550146574375069,-5.0577153730559165e-17,1191.1049018358988,1191.1049018358988,1155.6192067767204,1155.6192067767204,-0.5,-0.5,-0.5,-0.5
1,243,5,after_integrate,0.2430000000000002,0.2420000000000002,0.001,0,0,0.5,0.0,0.0,low_speed_outside_initial_validation_domain,0.07860965462349756,-1.918372899441927e-18,7.991995475335609e-17,7.498150407452026e-16,0.0,0.0,2.777618050399794,0.07819429640784442,-6.771346272730365e-17,53.397687289176645,53.397687289176666,59.23426740110715,59.23426740110717,-0.05038152209498902,0.0503815220949764,0.4550077213905449,-2.8023765242210445e-17,1191.5959887429426,1191.5959887429426,1156.8414167631609,1156.8414167631609,-0.5,-0.5,-0.5,-0.5
1,244,5,after_integrate,0.2440000000000002,0.2430000000000002,0.001,0,0,0.5,0.0,0.0,low_speed_outside_initial_validation_domain,0.07944378837700762,-1.946048414452122e-18,8.070306779371351e-17,7.369472033728688e-16,0.0,0.0,2.7937031983080796,0.07944378837700761,-6.668704992641679e-17,54.31805830375503,54.318058303755045,60.02754242497501,60.027542424975024,-0.05088107950175705,0.05088107950175705,0.45499990261179585,-2.52614009899065e-17,1192.0349219769932,1192.0349219769932,1158.0242862467176,1158.0242862467176,-0.5,-0.5,-0.5,-0.5
1,245,5,after_integrate,0.2450000000000002,0.2440000000000002,0.001,0,0,0.5,0.0,0.0,low_speed_outside_initial_validation_domain,0.08028247578979533,-1.9741126458648663e-18,8.14768556059808e-17,7.487676397775844e-16,0.0,0.0,2.809788218056569,0.07944378837700761,-6.859088351884308e-17,55.24145861001666,55.24145861001667,60.82186895030084,60.82186895030085,-0.05138252512265721,0.05138252512265721,0.4549911912166736,-2.6300938717964353e-17,1192.421988835342,1192.421988835342,1159.1677359718683,1159.1677359718683,-0.5,-0.5,-0.5,-0.5
1,246,5,after_integrate,0.2460000000000002,0.2450000000000002,0.001,0,0,0.5,0.0,0.0,low_speed_outside_initial_validation_domain,0.08112571270417225,-2.003047188117138e-18,8.22609088757022e-17,7.642079663201965e-16,0.0,0.0,2.825873075461958,0.08070352556017975,-6.997530935662766e-17,56.167741075413645,56.16774107541366,61.61716511487001,61.61716511487003,-0.05188582345486712,0.05188582345486712,0.4549815856974073,1.1560036298001422e-18,1192.757495789921,1192.757495789921,1160.271709288129,1160.271709288129,-0.5,-0.5,-0.5,-0.5
1,247,5,after_integrate,0.2470000000000002,0.2460000000000002,0.001,0,0,0.5,0.0,0.0,low_speed_outside_initial_validation_domain,0.08197349495021679,-2.0313215259888727e-18,8.30532367382241e-17,7.651799738377629e-16,0.0,0.0,2.841957736221596,0.08197349495021679,-6.933878114206945e-17,57.0967594834116,57.096759483411624,62.41334881733424,62.41334881733426,-0.05239093890988156,0.05239093890986894,0.45497109277339226,-4.940184761225425e-17,1193.0417666610267,1193.0417666610267,1161.3361707129616,1161.3361707129616,-0.5,-0.5,-0.5,-0.5
1,248,5,after_integrate,0.2480000000000002,0.2470000000000002,0.001,0,0,0.5,0.0,0.0,low_speed_outside_initial_validation_domain,0.0828258183464798,-2.0595113495011807e-18,8.385162243399862e-17,7.713471844120991e-16,0.0,0.0,2.8580421662040503,0.08197349495021679,-7.156159751530571e-17,58.02836857431711,58.02836857431713,63.210337695953285,63.2103376959533,-0.05289783583095303,0.05289783583096565,0.45495972720597366,1.953165952310735e-18,1193.275141027741,1193.275141027741,1162.361104721898,1162.361104721898,-0.5,-0.5,-0.5,-0.5
1,249,5,after_integrate,0.2490000000000002,0.2480000000000002,0.001,0,0,0.5,0.0,0.0,low_speed_outside_initial_validation_domain,0.08368267870075743,-2.0860305048691134e-18,8.475292172843785e-17,9.306864281052999e-16,0.0,0.0,2.8741263317333563,0.08325368140462597,-7.121233579494141e-17,58.96242408174974,58.96242408174975,64.00804910681845,64.00804910681845,-0.053406478509563024,0.053406478509563024,0.4549475115799557,-2.74882974223217e-17,1193.4579728460292,1193.4579728460292,1163.3465147346874,1163.3465147346874,-0.5,-0.5,-0.5,-0.5
1,250,5,after_integrate,0.25000000000000017,0.2490000000000002,0.001,0,0,0.5,0.0,0.0,low_speed_outside_initial_validation_domain,0.08454407181092814,-2.112535652991637e-18,8.570084840203704e-17,9.408226826329983e-16,0.0,0.0,2.8902101998657934,0.08454407181092813,-7.442208422532595e-17,59.898782765300346,59.89878276530036,64.8064001023103,64.8064001023103,-0.053916831200672304,0.05391683120065969,0.454934476053346,-4.509324540832233e-17,1193.5906292492252,1193.5906292492252,1164.2924222701054,1164.2924222701054,-0.5,-0.5,-0.5,-0.5
1,251,6,after_integrate,0.25100000000000017,0.25000000000000017,0.001,0,0,0.5,0.0,0.0,low_speed_outside_initial_validation_domain,0.08540999346585,-2.1378395988264826e-18,8.67659810997747e-17,1.0963552641856137e-15,0.0,0.0,2.9062937386580807,0.08454407181092813,-7.441687812141326e-17,60.83730243985571,60.837302439855726,65.60530741046104,65.60530741046102,-0.05442885813720844,0.05442885813720844,0.4549206580769636,-2.6383777975793835e-17,1193.673489508587,1193.673489508587,1165.198866245125,1165.198866245125,-0.5,-0.5,-0.5,-0.5
1,252,6,after_integrate,0.25200000000000017,0.25100000000000017,0.001,0,0,0.5,0.0,0.0,low_speed_outside_initial_validation_domain,0.08628043944631486,-2.1622463243682545e-18,8.792581468280112e-17,1.1766215053888194e-15,0.0,0.0,2.922376917425919,0.0858446509159778,-7.589662562419435e-17,61.77784200201389,61.777842002013905,66.40468741581542,66.4046874158154,-0.05494252354338898,0.05494252354338899,0.4549061020856226,-1.5169742715046304e-19,1193.7069441341894,1193.7069441341894,1166.0659023968449,1166.0659023968449,-0.5,-0.5,-0.5,-0.5
1,253,6,after_integrate,0.25300000000000017,0.25200000000000017,0.001,0,0,0.5,0.0,0.0,low_speed_outside_initial_validation_domain,0.0871554055260552,-2.186252784814507e-18,8.912311062382302e-17,1.1763729233057724e-15,0.0,0.0,2.9384597069918827,0.08715540552605522,-7.526766448601618e-17,62.720261453965705,62.72026145396572,67.20445614231689,67.20445614231686,-0.05545779164707404,0.05545779164707404,0.45489085916272304,1.1199169192344772e-18,1193.6913940987633,1193.6913940987633,1166.8936028080025,1166.8936028080025,-0.5,-0.5,-0.5,-0.5
1,254,6,after_integrate,0.25400000000000017,0.25300000000000017,0.001,0,0,0.5,0.0,0.0,low_speed_outside_initial_validation_domain,0.0880348874728001,-2.2103307020697656e-18,9.033417511579325e-17,1.1735462713697883e-15,0.0,0.0,2.95454207992173,0.08715540552605522,-7.424406433190767e-17,63.66442192517491,63.664421925174935,68.00452923867923,68.00452923867921,-0.055974626691149804,0.05597462669116241,0.4548749866801506,-6.151724261512816e-19,1193.6272501691,1193.6272501691,1167.6820555190377,1167.6820555190377,-0.5,-0.5,-0.5,-0.5
1,255,6,after_integrate,0.25500000000000017,0.25400000000000017,0.001,0,0,0.5,0.0,0.0,low_speed_outside_initial_validation_domain,0.08891888104937574,-2.234229869448454e-18,9.155087313769898e-17,1.2010782775071399e-15,0.0,0.0,2.970624010748242,0.08847632030774726,-7.512248065632204e-17,64.61018569215086,64.61018569215088,68.80482196664597,68.80482196664596,-0.05649299294405013,0.05649299294405014,0.4548585479154313,-2.8085173644714326e-17,1193.5149323314386,1193.5149323314386,1168.4313642116126,1168.4313642116126,-0.5,-0.5,-0.5,-0.5
1,256,6,after_integrate,0.25600000000000017,0.25500000000000017,0.001,0,0,0.5,0.0,0.0,low_speed_outside_initial_validation_domain,0.08980738201484656,-2.2578072605356087e-18,9.279124077573878e-17,1.214298249670339e-15,0.0,0.0,2.9867054761817955,0.08980738201484657,-7.595799364126488e-17,65.55741619657356,65.55741619657357,69.60524919248392,69.60524919248391,-0.05701285470907794,0.05701285470907794,0.4548416116482088,-2.446609527203441e-17,1193.3548692988436,1193.3548692988436,1169.1416479501984,1169.1416479501984,-0.5,-0.5,-0.5,-0.5
1,257,6,after_integrate,0.2570000000000002,0.25600000000000017,0.001,0,0,0.5,0.0,0.0,low_speed_outside_initial_validation_domain,0.09070038612569256,-2.281245530298478e-18,9.4045443241301e-17,1.2252641638889184e-15,0.0,0.0,3.0027864553069232,0.08980738201484657,-7.619296692760278e-17,66.50597806200136,66.50597806200138,70.40572538200463,70.40572538200462,-0.05753417633316134,0.05753417633316134,0.45482425173814545,-8.814569194819798e-19,1193.1474976133782,1193.1474976133782,1169.8130404933042,1169.8130404933042,-0.5,-0.5,-0.5,-0.5
1,258,6,after_integrate,0.2580000000000002,0.2570000000000002,0.001,0,0,0.5,0.0,0.0,low_speed_outside_initial_validation_domain,0.09159788913701829,-2.3046436309848486e-18,9.53032939468711e-17,1.2210800280293506e-15,0.0,0.0,3.018866929764194,0.09114857526896153,-7.645481992705997e-17,67.45573709332567,67.45573709332568,71.20616458327876,71.20616458327875,-0.05805692221440644,0.058056922214406455,0.45480654668624254,-2.198308840689274e-17,1192.8932332466177,1192.8932332466177,1170.4456620770663,1170.4456620770663,-0.5,-0.5,-0.5,-0.5
1,259,6,after_integrate,0.2590000000000002,0.2580000000000002,0.001,0,0,0.5,0.0,0.0,low_speed_outside_initial_validation_domain,0.09249988680377515,-2.3296274900810078e-18,9.65637027197117e-17,1.231269464771574e-15,0.0,0.0,3.0349468839167977,0.09249988680377513,-7.78351617595451e-17,68.40656014045238,68.4065601404524,72.00648027823462,72.0064802782346,-0.05858105680882422,0.05858105680882422,0.4547885791818064,-2.243732882722478e-17,1192.5924238419893,1192.5924238419893,1171.0395718155921,1171.0395718155921,-0.5,-0.5,-0.5,-0.5
1,260,6,after_integrate,0.2600000000000002,0.2590000000000002,0.001,0,0,0.5,0.0,0.0,low_speed_outside_initial_validation_domain,0.09340637488195723,-2.3554431480254198e-18,9.783528630392519e-17,1.2422214499194425e-15,0.0,0.0,3.0510263050012996,0.09249988680377513,-7.716298405370274e-17,69.35831492055168,69.35831492055169,72.80658519776475,72.80658519776473,-0.059106544635678784,0.059106544635678784,0.45477043563776665,-2.458877884876334e-17,1192.2453696170558,1192.2453696170558,1171.594788733749,1171.594788733749,-0.5,-0.5,-0.5,-0.5
1,261,6,after_integrate,0.2610000000000002,0.2600000000000002,0.001,0,0,0.5,0.0,0.0,low_speed_outside_initial_validation_domain,0.09431734912978393,-2.3807079339479487e-18,9.911709157110802e-17,1.2514975512594002e-15,0.0,0.0,3.0671051832621465,0.09386130123460726,-7.8598829854455e-17,70.31086990349213,70.31086990349215,73.60639120520095,73.60639120520094,-0.05963335028178817,0.0596333502818008,0.45475220571613334,-1.7115196383928677e-18,1191.8523268483739,1191.8523268483739,1172.1112953528461,1172.1112953528461,-0.5,-0.5,-0.5,-0.5
1,262,6,after_integrate,0.2620000000000002,0.2610000000000002,0.001,0,0,0.5,0.0,0.0,low_speed_outside_initial_validation_domain,0.09523280530886813,-2.407212726264599e-18,1.0036932384119141e-16,1.195921919466799e-15,0.0,0.0,3.0831835120695543,0.09523280530886813,-7.816630422453453e-17,71.26409420123606,71.26409420123608,74.40580918872992,74.4058091887299,-0.06016143840486368,0.06016143840486368,0.4547339818459961,-2.6034597485310685e-17,1191.4135150138086,1191.4135150138086,1172.5890449046226,1172.5890449046226,-0.5,-0.5,-0.5,-0.5
1,263,6,after_integrate,0.2630000000000002,0.2620000000000002,0.001,0,0,0.5,0.0,0.0,low_speed_outside_initial_validation_domain,0.09615273918536905,-2.435405885521842e-18,1.0156515185565143e-16,1.1653339399269793e-15,0.0,0.0,3.0992612880204935,0.09523280530886813,-8.058397128783235e-17,72.2178574748211,72.21785747482112,75.20474897634541,75.20474897634541,-0.06069077373570891,0.06069077373569631,0.4547158587363097,-2.4696343171204824e-17,1190.9291236044912,1190.9291236044912,1173.02796818526,1173.02796818526,-0.5,-0.5,-0.5,-0.5
1,264,6,after_integrate,0.2640000000000002,0.2630000000000002,0.001,0,0,0.5,0.0,0.0,low_speed_outside_initial_validation_domain,0.09707714653112949,-2.4639123214735072e-18,1.0276608860026856e-16,1.102110478982271e-15,0.0,0.0,3.1153385110225744,0.09661438367431913,-7.958641922854148e-17,73.17202985814352,73.17202985814353,76.00311927246435,76.00311927246435,-0.061221321079782454,0.06122132107976984,0.4546979328857325,-5.1739296842877683e-17,1190.3993183105065,1190.3993183105065,1173.4279797534516,1173.4279797534516,-0.5,-0.5,-0.5,-0.5
1,265,6,after_integrate,0.2650000000000002,0.2640000000000002,0.001,0,0,0.5,0.0,0.0,low_speed_outside_initial_validation_domain,0.09800602312479634,-2.4946126062716267e-18,1.0390868115369682e-16,1.1132021721699055e-15,0.0,0.0,3.1314151843607148,0.09800602312479631,-8.19082225866167e-17,74.12648189711325,74.12648189711327,76.80082761466876,76.80082761466876,-0.06175304531779185,0.061753045317804456,0.454680302091725,2.4204016078525393e-17,1189.8242466701276,1189.8242466701276,1173.7889835624435,1173.7889835624435,-0.5,-0.5,-0.5,-0.5
1,266,6,after_integrate,0.2660000000000002,0.2650000000000002,0.001,0,0,0.5,0.0,0.0,low_speed_outside_initial_validation_domain,0.09893936475292411,-2.5260951089200468e-18,1.0501710946783008e-16,1.0591178101152608e-15,0.0,0.0,3.1474913147465373,0.09800602312479631,-8.158007522817964e-17,75.0810845028711,75.08108450287111,77.59778034913751,77.59778034913754,-0.06228591140565919,0.06228591140567181,0.45466306496115383,2.2893421024574465e-17,1189.2040432372821,1189.2040432372821,1174.1108780810139,1174.1108780810139,-0.5,-0.5,-0.5,-0.5
1,267,6,after_integrate,0.2670000000000002,0.2660000000000002,0.001,0,0,0.5,0.0,0.0,low_speed_outside_initial_validation_domain,0.09987716721105977,-2.556991224592135e-18,1.0616549184195817e-16,1.1196740787689614e-15,0.0,0.0,3.163566912350524,0.09940770837776261,-8.061432175027533e-17,76.03570891789697,76.03570891789697,78.39388262345298,78.393882623453,-0.0628198843736764,0.06281988437368902,0.45464632042454034,2.815650055183908e-17,1188.538834313125,1188.538834313125,1174.3935609496882,1174.3935609496882,-0.5,-0.5,-0.5,-0.5
1,268,6,after_integrate,0.2680000000000002,0.2670000000000002,0.001,0,0,0.5,0.0,0.0,low_speed_outside_initial_validation_domain,0.10081942630480806,-2.5876998999196102e-18,1.0731847399854154e-16,1.0756226662547022e-15,0.0,0.0,3.1796419908170495,0.10081942630480803,-8.02056439878837e-17,76.99022669394786,76.99022669394789,79.18903839556133,79.18903839556135,-0.06335492932516286,0.06335492932516286,0.45463016725606736,6.017766536038469e-19,1187.8287422805856,1187.8287422805856,1174.6369332116512,1174.6369332116512,-0.5,-0.5,-0.5,-0.5
1,269,6,after_integrate,0.2690000000000002,0.2680000000000002,0.001,0,0,0.5,0.0,0.0,low_speed_outside_initial_validation_domain,0.10176613785087571,-2.6194045617056948e-18,1.0843595224579903e-16,1.1439720570916098e-15,0.0,0.0,3.1957165672624557,0.10081942630480803,-7.981505689869314e-17,77.9445096808559,77.94450968085592,79.98315045774068,79.9831504577407,-0.0638910114345321,0.06389101143453212,0.4546147036014303,-2.5210061743917873e-17,1187.0738895748948,1187.0738895748948,1174.8409031520873,1174.8409031520873,-0.5,-0.5,-0.5,-0.5
1,270,6,after_integrate,0.2700000000000002,0.2690000000000002,0.001,0,0,0.5,0.0,0.0,low_speed_outside_initial_validation_domain,0.102717297678093,-2.650184869490552e-18,1.0962489884961968e-16,1.1456787292364376e-15,0.0,0.0,3.211790662256445,0.10224116172866782,-8.061365283261307e-17,78.89843002529456,78.89843002529457,80.7761204744947,80.77612047449472,-0.06442809594482653,0.06442809594483916,0.45460002651549597,-2.650628339709235e-19,1186.2744023181133,1186.2744023181133,1175.0053897748583,1175.0053897748583,-0.5,-0.5,-0.5,-0.5
1,271,6,after_integrate,0.2710000000000002,0.2700000000000002,0.001,0,0,0.5,0.0,0.0,low_speed_outside_initial_validation_domain,0.10367290162841113,-2.68124288720107e-18,1.1081681543587483e-16,1.1393269868918339e-15,0.0,0.0,3.2278642997870954,0.10367290162841114,-8.002702765634359e-17,79.85186017868793,79.85186017868794,81.56784903334128,81.56784903334129,-0.06496614816486583,0.06496614816486583,0.454586231511712,-3.0696175742543365e-17,1185.4304136415476,1185.4304136415476,1175.1303259414196,1175.1303259414196,-0.5,-0.5,-0.5,-0.5
1,272,6,after_integrate,0.2720000000000002,0.2710000000000002,0.001,0,0,0.5,0.0,0.0,low_speed_outside_initial_validation_domain,0.10463294555787393,-2.7144639387523304e-18,1.1195490027134641e-16,1.1302881916349105e-15,0.0,0.0,3.2439375072099055,0.10367290162841114,-8.168945355944005e-17,80.80467291349417,80.80467291349419,82.35823570750955,82.35823570750958,-0.06550513346588993,0.06550513346587734,0.454573412125112,-2.5276173079424128e-17,1184.5420667164956,1184.5420667164956,1175.2156611935682,1175.2156611935682,-0.5,-0.5,-0.5,-0.5
1,273,6,after_integrate,0.2730000000000002,0.2720000000000002,0.001,0,0,0.5,0.0,0.0,low_speed_outside_initial_validation_domain,0.10559742533756222,-2.746140328381297e-18,1.131281869282493e-16,1.024459121935048e-15,0.0,0.0,3.2600103151813262,0.1051146309655863,-8.271558832441628e-17,81.75674134714215,81.75674134714217,83.14717912959475,83.14717912959479,-0.06604501727795639,0.06604501727794378,0.45456165949064514,-2.4432924346914762e-17,1183.6095175109012,1183.6095175109012,1175.2613642788747,1175.2613642788747,-0.5,-0.5,-0.5,-0.5
1,274,6,after_integrate,0.2740000000000002,0.2730000000000002,0.001,0,0,0.5,0.0,0.0,low_speed_outside_initial_validation_domain,0.10656633685450913,-2.7801769025965812e-18,1.14230751381622e-16,1.1160847783211891e-15,0.0,0.0,3.2760827575772984,0.10656633685450913,-8.331598861660415e-17,82.70793897294249,82.70793897294253,83.93457707525071,83.93457707525076,-0.0665857650859586,0.06658576508597121,0.4545510619385335,-7.411814669555845e-19,1182.6329372872008,1182.6329372872008,1175.2674253954742,1175.2674253954742,-0.5,-0.5,-0.5,-0.5
1,275,6,after_integrate,0.2750000000000002,0.2740000000000002,0.001,0,0,0.5,0.0,0.0,low_speed_outside_initial_validation_domain,0.10753967601258511,-2.8132794821114614e-18,1.1539317955398347e-16,1.1756948025555294e-15,0.0,0.0,3.2921548713973787,0.10656633685450913,-8.442808806946675e-17,83.65813969733001,83.65813969733004,84.72032655602708,84.7203265560271,-0.0671273424254612,0.0671273424254612,0.4545417046081932,-2.543504991663794e-17,1181.6125148547426,1181.6125148547426,1175.2338581710853,1175.2338581710853,-0.5,-0.5,-0.5,-0.5
1,276,6,after_integrate,0.2760000000000002,0.2750000000000002,0.001,0,0,0.5,0.0,0.0,low_speed_outside_initial_validation_domain,0.10851743873335111,-2.8453075951967207e-18,1.166161057000291e-16,1.0895490664106583e-15,0.0,0.0,3.308226696655103,0.10802800442661385,-8.613701221190426e-17,84.60721788282666,84.60721788282667,85.50432392048067,85.5043239204807,-0.06766971487816857,0.06766971487815597,0.45453366908218606,-5.096137218924031e-17,1180.5484585886704,1180.5484585886704,1175.1607013897517,1175.1607013897517,-0.5,-0.5,-0.5,-0.5
1,277,6,after_integrate,0.2770000000000002,0.2760000000000002,0.001,0,0,0.5,0.0,0.0,low_speed_outside_initial_validation_domain,0.10949962095687843,-2.879577452731734e-18,1.1774836716288435e-16,1.198409319723626e-15,0.0,0.0,3.3242982762552606,0.10949962095687842,-8.616430268091592e-17,85.555048396142,85.55504839614201,86.28646496271193,86.28646496271196,-0.06821284806733452,0.06821284806733452,0.45452703304155856,-2.6182228313658268e-17,1179.44099822599,1179.44099822599,1175.0480204786911,1175.0480204786911,-0.5,-0.5,-0.5,-0.5
1,278,6,after_integrate,0.2780000000000002,0.2770000000000002,0.001,0,0,0.5,0.0,0.0,low_speed_outside_initial_validation_domain,0.11048621864253422,-2.9127711560730616e-18,1.1899621198813072e-16,1.1505110580555467e-15,0.0,0.0,3.340369655858841,0.10949962095687842,-8.695935951690703e-17,86.50150666085479,86.5015066608548,87.06664503749707,87.0666450374971,-0.06875670765306874,0.06875670765305612,0.4545218699437889,-2.7303976213580976e-17,1178.290386448618,1178.290386448618,1174.8959087668147,1174.8959087668147,-0.5,-0.5,-0.5,-0.5
1,279,6,after_integrate,0.2790000000000002,0.2780000000000002,0.001,0,0,0.5,0.0,0.0,low_speed_outside_initial_validation_domain,0.11147722776973124,-2.947715159019382e-18,1.2013630190353215e-16,1.0629599184606952e-15,0.0,0.0,3.3564408837364246,0.11098117177477632,-8.909662638959519e-17,87.44646871414197,87.44646871414199,87.84475918120468,87.84475918120472,-0.06930125932732943,0.06930125932732943,0.4545182487244896,-1.3454659808730157e-18,1177.0969002625516,1177.0969002625516,1174.7044885258729,1174.7044885258729,-0.5,-0.5,-0.5,-0.5
1,280,6,after_integrate,0.2800000000000002,0.2790000000000002,0.001,0,0,0.5,0.0,0.0,low_speed_outside_initial_validation_domain,0.11247264433864118,-2.9839326079092742e-18,1.212101399860264e-16,1.052158451315165e-15,0.0,0.0,3.3725120106108517,0.11247264433864118,-8.897165212780778e-17,88.38981126704424,88.38981126704425,88.6207022377048,88.62070223770485,-0.06984646880911209,0.06984646880912472,0.45451623352382825,2.6319020518666242e-17,1175.8608421817796,1175.8608421817796,1174.4739118047237,1174.4739118047237,-0.5,-0.5,-0.5,-0.5
1,281,6,after_integrate,0.2810000000000002,0.2800000000000002,0.001,0,0,0.5,0.0,0.0,low_speed_outside_initial_validation_domain,0.11347246437087039,-3.019793179662958e-18,1.2231888850965022e-16,1.0483820227365793e-15,0.0,0.0,3.3885830894900355,0.11247264433864118,-8.759569041447376e-17,89.33141176777818,89.3314117677782,89.39436898849678,89.39436898849684,-0.07039230183938407,0.07039230183938408,0.4545158834385701,-2.6108943022203338e-17,1174.5825412252254,1174.5825412252254,1174.204361066937,1174.204361066937,-0.5,-0.5,-0.5,-0.5
1,282,6,after_integrate,0.2820000000000002,0.2810000000000002,0.001,0,0,0.5,0.0,0.0,low_speed_outside_initial_validation_domain,0.11447668391009747,-3.0560847621595147e-18,1.2341857987850916e-16,1.0595745612872746e-15,0.0,0.0,3.4046541754908195,0.1139740242008202,-8.905833648531892e-17,90.27114846762561,90.27114846762561,90.16565428630132,90.16565428630136,-0.07093872417608516,0.07093872417608516,0.45451725230046813,-1.3838141116294407e-18,1173.2623537347788,1173.2623537347788,1173.8960496417417,1173.8960496417417,-0.5,-0.5,-0.5,-0.5
1,283,6,after_integrate,0.2830000000000002,0.2820000000000002,0.001,0,0,0.5,0.0,0.0,low_speed_outside_initial_validation_domain,0.1154852990226721,-3.0930039111261273e-18,1.2447642491270237e-16,9.755508457966145e-16,0.0,0.0,3.420725325654788,0.11498044201839036,-8.893697661302072e-17,91.20890048895019,91.2089004889502,90.9344531913828,90.93445319138286,-0.07148570158922254,0.07148570158923515,0.4545203884816495,2.4056091029953097e-17,1171.9006640223454,1171.9006640223454,1173.5492219982236,1173.5492219982236,-0.5,-0.5,-0.5,-0.5
1,284,6,after_integrate,0.2840000000000002,0.2830000000000002,0.001,0,0,0.5,0.0,0.0,low_speed_outside_initial_validation_domain,0.11649830579817479,-3.1304079875633358e-18,1.2551456855724853e-16,9.518891581485008e-16,0.0,0.0,3.4367965987570126,0.1159912534511969,-8.737917018727313e-17,92.1445478949122,92.14454789491221,91.70066110988823,91.70066110988827,-0.07203319985595057,0.07203319985593798,0.4545253347274323,-4.8883834974415156e-17,1170.4978847665025,1170.4978847665025,1173.1641537653506,1173.1641537653506,-0.5,-0.5,-0.5,-0.5
1,285,6,after_integrate,0.2850000000000002,0.2840000000000002,0.001,0,0,0.5,0.0,0.0,low_speed_outside_initial_validation_domain,0.11751570034993708,-3.1678090266566812e-18,1.2651402400576515e-16,1.0494492359084326e-15,0.0,0.0,3.4528680551086612,0.1170064546006308,-9.084387977919038e-17,93.0779717434925,93.07797174349251,92.46417391648824,92.46417391648829,-0.0725811847556517,0.07258118475566433,0.45453212801679027,-3.8087354678822122e-19,1169.0544134346671,1169.0544134346671,1172.7411077759887,1172.7411077759887,-0.5,-0.5,-0.5,-0.5
1,286,6,after_integrate,0.2860000000000002,0.2850000000000002,0.001,0,0,0.5,0.0,0.0,low_speed_outside_initial_validation_domain,0.11853747881550275,-3.2043244071066225e-18,1.276209224613136e-16,1.0097263196716102e-15,0.0,0.0,3.4689397563544446,0.11802604159207583,-9.070735496224927e-17,94.00905385931345,94.00905385931347,93.2248877938291,93.22488779382915,-0.07312962206516059,0.0731296220651732,0.4545407994502223,-3.087852951563023e-18,1167.5704837003668,1167.5704837003668,1172.2801851106947,1172.2801851106947,-0.5,-0.5,-0.5,-0.5
1,287,6,after_integrate,0.2870000000000002,0.2860000000000002,0.001,0,0,0.5,0.0,0.0,low_speed_outside_initial_validation_domain,0.11956363735693164,-3.240510115779855e-18,1.287295639470546e-16,1.114149737524949e-15,0.0,0.0,3.485011765265806,0.11905001057529867,-9.126251176325308e-17,94.93767636815112,94.93767636815113,93.98269883362127,93.98269883362133,-0.07367847755275533,0.07367847755275533,0.45455137416688923,7.04285327902415e-18,1166.0462097112706,1166.0462097112706,1171.781368997661,1171.781368997661,-0.5,-0.5,-0.5,-0.5
1,288,6,after_integrate,0.2880000000000002,0.2870000000000002,0.001,0,0,0.5,0.0,0.0,low_speed_outside_initial_validation_domain,0.12059417216097242,-3.275304674702975e-18,1.2992726670256003e-16,1.1939869852569198e-15,0.0,0.0,3.5010841455233215,0.12007835772468062,-9.21113645299016e-17,95.8637214485388,95.86372144853881,94.73750285469899,94.73750285469903,-0.07422771696488918,0.0742277169648892,0.4545638712897766,-2.7035381690273647e-17,1164.4816125788059,1164.4816125788059,1171.244550934363,1171.244550934363,-0.5,-0.5,-0.5,-0.5
1,289,6,after_integrate,0.2890000000000002,0.2880000000000002,0.001,0,0,0.5,0.0,0.0,low_speed_outside_initial_validation_domain,0.12162907943913309,-3.3103586989525445e-18,1.31165491834686e-16,1.206704778371372e-15,0.0,0.0,3.517156961499661,0.12111107923934006,-9.142839808001232e-17,96.78707112499063,96.78707112499065,95.48919526176077,95.48919526176083,-0.07477730596329771,0.07477730596331032,0.45457830389896187,-8.694775938665463e-19,1162.8766454731262,1162.8766454731262,1170.6695554198984,1170.6695554198984,-0.5,-0.5,-0.5,-0.5
1,290,6,after_integrate,0.2900000000000002,0.2890000000000002,0.001,0,0,0.5,0.0,0.0,low_speed_outside_initial_validation_domain,0.12266835542766015,-3.3454530672782587e-18,1.3243081273380493e-16,1.1637608881432723e-15,0.0,0.0,3.5332302780777374,0.12214817134315563,-9.352773763439264e-17,97.7076071222635,97.70760712226352,96.23767096418158,96.23767096418163,-0.07532721014643376,0.07532721014644637,0.45459467903251793,2.57160812293227e-17,1161.231218634495,1161.231218634495,1170.0561646096019,1170.0561646096019,-0.5,-0.5,-0.5,-0.5
1,291,6,after_integrate,0.2910000000000002,0.2900000000000002,0.001,0,0,0.5,0.0,0.0,low_speed_outside_initial_validation_domain,0.12371199638744233,-3.381557337599406e-18,1.3364673551168958e-16,1.2340314469336704e-15,0.0,0.0,3.5493041604191493,0.12318963028470606,-9.288911947007083e-17,98.6252107807306,98.62521078073061,96.98282435462284,96.98282435462289,-0.07587739507648478,0.07587739507649738,0.45461299771509595,-1.5159392486559802e-18,1159.5452213554079,1159.5452213554079,1169.4041399486416,1169.4041399486416,-0.5,-0.5,-0.5,-0.5
1,292,6,after_integrate,0.2920000000000002,0.2910000000000002,0.001,0,0,0.5,0.0,0.0,low_speed_outside_initial_validation_domain,0.12475999860385263,-3.415219272876438e-18,1.3498213466040328e-16,1.3188105262859536e-15,0.0,0.0,3.565378673750374,0.12423545233714113,-9.1120521225877e-17,99.5397630255979,99.53976302559794,97.72454933983678,97.72454933983684,-0.07642782627272696,0.07642782627272696,0.45463325501355106,1.8707474435226794e-18,1157.8185412022003,1157.8185412022003,1168.7132410556878,1168.7132410556878,-0.5,-0.5,-0.5,-0.5
1,293,6,after_integrate,0.2930000000000002,0.2920000000000002,0.001,0,0,0.5,0.0,0.0,low_speed_outside_initial_validation_domain,0.12581235838654087,-3.44805323623303e-18,1.3633783250657852e-16,1.2701569570188559e-15,0.0,0.0,3.581453887390595,0.1252856337979974,-9.327366510444349e-17,100.45114438312044,100.45114438312045,98.46273941668282,98.46273941668288,-0.07697846920477307,0.07697846920476047,0.45465544011760967,-2.4985250130043815e-17,1156.0510807138305,1156.0510807138305,1167.9832420954851,1167.9832420954851,-0.5,-0.5,-0.5,-0.5
1,294,6,after_integrate,0.2940000000000002,0.2930000000000002,0.001,0,0,0.5,0.0,0.0,low_speed_outside_initial_validation_domain,0.12686907206925355,-3.4813776304548185e-18,1.3769409709866448e-16,1.3785088600943365e-15,0.0,0.0,3.597529878062895,0.12634017098897557,-9.30804878294433e-17,101.35923504204308,101.35923504204308,99.19728779214532,99.19728779214536,-0.077529289286225,0.077529289286225,0.45467953641045084,-2.548934858689575e-17,1154.2427717474661,1154.2427717474661,1167.2139458068707,1167.2139458068707,-0.5,-0.5,-0.5,-0.5
1,295,6,after_integrate,0.2950000000000002,0.2940000000000002,0.001,0,0,0.5,0.0,0.0,,0.12793013600990594,-3.5147095943991306e-18,1.3912232684652856e-16,1.3715619401687097e-15,0.0,0.0,3.6136067105366085,0.12739906025592906,-9.508518033607593e-17,102.26391494320224,102.26391494320224,99.92808752896782,99.92808752896788,-0.07808025186939783,0.07808025186939783,0.4547055214798913,-2.5489534221743773e-17,1152.3935877425001,1152.3935877425001,1166.405195466084,1166.405195466084,-0.5,-0.5,-0.5,-0.5
1,296,6,after_integrate,0.2960000000000002,0.2950000000000002,0.001,0,0,0.5,0.0,0.0,,0.12899554659025517,-3.548816886909194e-18,1.4055060402246982e-16,1.3987407911131557e-15,0.0,0.0,3.6296844480650647,0.12846229796873082,-9.549309790459795e-17,103.1650638967304,103.1650638967304,100.65503171683785,100.6550317168379,-0.07863132223970161,0.07863132223968901,0.4547333672960103,-5.140270034845734e-17,1150.5035540221172,1150.5035540221172,1165.5568849018052,1165.5568849018052,-0.5,-0.5,-0.5,-0.5
1,297,6,after_integrate,0.2970000000000002,0.2960000000000002,0.001,0,0,0.5,0.0,0.0,,0.13006530021556723,-3.5828097886919874e-18,1.4200150256684296e-16,1.4015648429620626e-15,0.0,0.0,3.645763152933034,0.12952988052092218,-9.807670192861619e-17,104.06256172880073,104.06256172880073,101.3780136707696,101.37801367076965,-0.07918246561066834,0.07918246561068097,0.45476304040173,2.3880792826389102e-17,1148.572756231323,1148.572756231323,1164.6689666628333,1164.6689666628333,-0.5,-0.5,-0.5,-0.5
1,298,6,after_integrate,0.2980000000000002,0.2970000000000002,0.001,0,0,0.5,0.0,0.0,,0.13113939331431718,-3.617636322459989e-18,1.43456641174911e-16,1.363008717029857e-15,0.0,0.0,3.661842886263102,0.13060180432941282,-9.658782570922294e-17,104.95628844690748,104.95628844690748,102.09692714504307,102.09692714504313,-0.07973364711971309,0.07973364711970048,0.45479450211156486,-4.9381809416669884e-17,1146.6013471021608,1146.6013471021608,1163.7414585331683,1163.7414585331683,-0.5,-0.5,-0.5,-0.5
1,299,6,after_integrate,0.2990000000000002,0.2980000000000002,0.001,0,0,0.5,0.0,0.0,,0.13221782233787358,-3.6538965609335835e-18,1.4487480415879654e-16,1.41900911980882e-15,0.0,0.0,3.6779237078302747,0.1316780658341637,-9.972553091396613e-17,105.84612442120718,105.84612442120718,102.81166656022138,102.81166656022144,-0.08028483182437726,0.08028483182437726,0.4548277087377304,-1.0628597949907288e-18,1144.5895516652236,1144.5895516652236,1162.7744485138323,1162.7744485138323,-0.5,-0.5,-0.5,-0.5
1,300,6,after_integrate,0.3000000000000002,0.2990000000000002,0.001,0,0,0.5,0.0,0.0,,0.13330058376019027,-3.690026097654586e-18,1.4634555026491548e-16,1.4054782911637726e-15,0.0,0.0,3.694005675884477,0.1327586614978742,-9.821427180155693e-17,106.73195057774085,106.73195057774085,103.52212723888238,103.52212723888242,-0.08083598469946662,0.08083598469945401,0.45486261183589494,-2.2393651883809876e-17,1142.5376710386074,1142.5376710386074,1161.7680984038495,1161.7680984038495,-0.5,-0.5,-0.5,-0.5
1,301,7,after_integrate,0.3010000000000002,0.3000000000000002,0.001,0,0,0.5,0.0,0.0,,0.13438767407751004,-3.726759804262955e-18,1.477998285314504e-16,1.3985480449351745e-15,0.0,0.0,3.710088846981669,0.13384358780567937,-9.92624093699201e-17,107.61364859999178,107.61364859999178,104.22820564638769,104.22820564638775,-0.08138707063465445,0.08138707063466707,0.4548991584691332,-4.015038662419084e-18,1140.4460849194743,1140.4460849194743,1160.7226461064856,1160.7226461064856,-0.5,-0.5,-0.5,-0.5
1,302,7,after_integrate,0.3020000000000002,0.3010000000000002,0.001,0,0,0.5,0.0,0.0,,0.13547908980808462,-3.765232580275957e-18,1.4926435389181253e-16,1.4328361951499137e-15,0.0,0.0,3.72617327582426,0.13493284126486124,-1.0040685850439077e-16,108.49110113555578,108.49110113555578,104.92979963336062,104.92979963336067,-0.08193805443299179,0.08193805443300439,0.4549372914886632,2.220990099483195e-17,1138.3152529005342,1138.3152529005342,1159.6384067838053,1159.6384067838053,-0.5,-0.5,-0.5,-0.5
1,303,7,after_integrate,0.3030000000000002,0.3020000000000002,0.001,0,0,0.5,0.0,0.0,,0.13657482749191435,-3.802981031865792e-18,1.5075232195345972e-16,1.435031781047011e-15,0.0,0.0,3.7422590151114123,0.1360264184045782,-9.966190764515238e-17,109.36419200501531,109.36419200501531,105.62680867687409,105.62680867687415,-0.08248890080993257,0.08248890080993257,0.4549769498297817,-2.5139701588983474e-17,1136.1457147311514,1136.1457147311514,1158.515772979869,1158.515772979869,-0.5,-0.5,-0.5,-0.5
1,304,7,after_integrate,0.3040000000000002,0.3030000000000002,0.001,0,0,0.5,0.0,0.0,,0.13767488369051073,-3.8413582748413125e-18,1.5225018346188722e-16,1.4435514788606234e-15,0.0,0.0,3.7583461153997737,0.13712431577561562,-1.0133919458307206e-16,110.23280641041735,110.23280641041735,106.31913411767603,106.31913411767607,-0.08303957439314925,0.08303957439314925,0.4550180688214331,-2.65500447596406e-17,1133.9380896399389,1133.9380896399389,1157.355213829925,1157.355213829925,-0.5,-0.5,-0.5,-0.5
1,305,7,after_integrate,0.3050000000000002,0.3040000000000002,0.001,0,0,0.5,0.0,0.0,,0.1387792549866842,-3.880591680722398e-18,1.5375445193641947e-16,1.4556997372490569e-15,0.0,0.0,3.7744346249751564,0.13822652995016088,-1.028790763838476e-16,111.09683114105485,111.09683114105485,107.00667939109618,107.00667939109624,-0.08359003972304759,0.08359003972304757,0.45506058050784515,6.577323698328477e-19,1131.6930748325033,1131.6930748325033,1156.1572734696013,1156.1572734696013,-0.5,-0.5,-0.5,-0.5
1,306,7,after_integrate,0.3060000000000002,0.3050000000000002,0.001,0,0,0.5,0.0,0.0,,0.13988793798435953,-3.922093334679342e-18,1.552221302187443e-16,1.3863799807130181e-15,0.0,0.0,3.790524589735584,0.13933305752160455,-1.0234336392909473e-16,111.95615477454287,111.95615477454287,107.68935024958697,107.68935024958701,-0.08414026125380135,0.08414026125380135,0.45510441398049617,-1.3013971720438745e-18,1129.4114432741915,1129.4114432741915,1154.9225687541664,1154.9225687541664,-0.5,-0.5,-0.5,-0.5
1,307,7,after_integrate,0.3070000000000002,0.3060000000000002,0.001,0,0,0.5,0.0,0.0,,0.14100092930842023,-3.964848957225722e-18,1.5663220687821807e-16,1.3269206506798914e-15,0.0,0.0,3.806616053086089,0.14044389510437005,-1.0351878455632263e-16,112.81066787146139,112.81066787146139,108.36705497514701,108.36705497514706,-0.08469020335513004,0.08469020335511743,0.45514949572896457,-5.003792993560924e-17,1127.0940408632719,1127.0940408632719,1153.6517863933789,1153.6517863933789,-0.5,-0.5,-0.5,-0.5
1,308,7,after_integrate,0.3080000000000002,0.3070000000000002,0.001,0,0,0.5,0.0,0.0,,0.14211822560459578,-4.009285665801214e-18,1.5802671901964015e-16,1.3243619343042388e-15,0.0,0.0,3.822709055846405,0.14155903933377348,-1.0431141003016937e-16,113.66026315324483,113.66026315324483,109.03970458097025,109.03970458097031,-0.08523983021935345,0.08523983021935345,0.4551957499968198,-2.702367033843907e-17,1124.741783154598,1124.741783154598,1152.3456796047828,1152.3456796047828,-0.5,-0.5,-0.5,-0.5
1,309,7,after_integrate,0.3090000000000002,0.3080000000000002,0.001,0,0,0.5,0.0,0.0,,0.1432398235394281,-4.05217954328652e-18,1.594573438918972e-16,1.4200234470418987e-15,0.0,0.0,3.838803636169985,0.14267848686595885,-1.04776747364888e-16,114.5048356870422,114.50483568704219,109.70721299885984,109.7072129988599,-0.08578910608938888,0.08578910608938886,0.45524309909386945,-2.5335238373209756e-17,1122.3556515579362,1122.3556515579362,1151.0050643704635,1151.0050643704635,-0.5,-0.5,-0.5,-0.5
1,310,7,after_integrate,0.3100000000000002,0.3090000000000002,0.001,0,0,0.5,0.0,0.0,,0.14436571980015755,-4.095988671595493e-18,1.6093329008216315e-16,1.4273783978383174e-15,0.0,0.0,3.8548998294757886,0.14380223437782974,-1.0777096314845978e-16,115.34428306211127,115.34428306211124,110.3694972527273,110.36949725272734,-0.08633799513331608,0.08633799513331608,0.45529146380208296,-2.7135695110198056e-20,1119.9366892033788,1119.9366892033788,1149.6308153957302,1149.6308153957302,-0.5,-0.5,-0.5,-0.5
1,311,7,after_integrate,0.3110000000000002,0.3100000000000002,0.001,0,0,0.5,0.0,0.0,,0.14549591109469384,-4.139100401672584e-18,1.624152702074325e-16,1.4286745261912111e-15,0.0,0.0,3.870997668393122,0.14493027856696805,-1.0760309577556046e-16,116.17850554082668,116.17850554082666,111.02647761903712,111.02647761903717,-0.08688646144759153,0.08688646144760413,0.45534076371413523,-3.262525994256954e-18,1117.4859966584766,1117.4859966584766,1148.2238618494052,1148.2238618494052,-0.5,-0.5,-0.5,-0.5
1,312,7,after_integrate,0.3120000000000002,0.3110000000000002,0.001,0,0,0.5,0.0,0.0,,0.1466303941516106,-4.182939764990572e-18,1.6391466922402712e-16,1.4468482421545885e-15,0.0,0.0,3.887097182718971,0.1460626161516155,-1.0639643538473479e-16,117.00740620367603,117.00740620367601,111.67807777184319,111.67807777184323,-0.08743446905938389,0.08743446905937127,0.45539091758752803,-2.5303805994583508e-17,1115.004727439243,1115.004727439243,1146.7851829562044,1146.7851829562044,-0.5,-0.5,-0.5,-0.5
1,313,7,after_integrate,0.3130000000000002,0.3120000000000002,0.001,0,0,0.5,0.0,0.0,,0.14776916572018114,-4.227316184136122e-18,1.6541307679240402e-16,1.4464655561277311e-15,0.0,0.0,3.9031983993878794,0.14719924387069122,-1.0962659241140248e-16,117.83089108263877,117.83089108263876,112.32422491262506,112.32422491262511,-0.08798198193041612,0.0879819819304035,0.4554418436994971,-2.2875954902661664e-17,1112.494083417033,1112.494083417033,1145.3158035085355,1145.3158035085355,-0.5,-0.5,-0.5,-0.5
1,314,7,after_integrate,0.3140000000000002,0.3130000000000002,0.001,0,0,0.5,0.0,0.0,,0.1489122225704495,-4.271226736810937e-18,1.669553380097141e-16,1.5017578552401203e-15,0.0,0.0,3.9193013424544603,0.14834015848384477,-1.0858500203188928e-16,118.64886928272796,118.64886928272793,112.96484988481359,112.96484988481363,-0.08852896396159836,0.08852896396159834,0.455493460199511,-2.7735773553461695e-17,1109.9553101816168,1109.9553101816168,1143.8167893570924,1143.8167893570924,-0.5,-0.5,-0.5,-0.5
1,315,7,after_integrate,0.3150000000000002,0.3140000000000002,0.001,0,0,0.5,0.0,0.0,,0.15005956149333774,-4.3172089858728215e-18,1.6847280868741717e-16,1.4025505499392468e-15,0.0,0.0,3.9354060330884617,0.14948535677154587,-1.1049245658285157e-16,119.46125309162869,119.46125309162866,113.5998872730584,113.59988727305846,-0.0890753789982418,0.08907537899822919,0.4555456854576616,-2.2544363661842503e-17,1107.389692413181,1107.389692413181,1142.2892429319752,1142.2892429319752,-0.5,-0.5,-0.5,-0.5
1,316,7,after_integrate,0.3160000000000002,0.3150000000000002,0.001,0,0,0.5,0.0,0.0,,0.15121117930078867,-4.364555378245364e-18,1.6993489304992183e-16,1.4337750850005383e-15,0.0,0.0,3.951512489582247,0.15063483553520904,-1.1001729397441064e-16,120.26795807751006,120.26795807751002,114.22927548742965,114.22927548742969,-0.08962119083570805,0.08962119083569543,0.45559843840737235,-2.1104413174180055e-17,1104.7985490009748,1104.7985490009748,1140.734298531027,1140.734298531027,-0.5,-0.5,-0.5,-0.5
1,317,7,after_integrate,0.3170000000000002,0.3160000000000002,0.001,0,0,0.5,0.0,0.0,,0.15236707282594406,-4.411893498681738e-18,1.7142195024651393e-16,1.4249312035803719e-15,0.0,0.0,3.967620727370475,0.1517885915973542,-1.1197239588352792e-16,121.06890315245305,121.06890315245302,114.85295681006293,114.85295681006299,-0.09016636322571285,0.09016636322571285,0.45565163888053845,-7.729898160566195e-19,1102.183179398877,1102.183179398877,1139.1530688649136,1139.1530688649136,-0.5,-0.5,-0.5,-0.5
1,318,7,after_integrate,0.3180000000000002,0.3170000000000002,0.001,0,0,0.5,0.0,0.0,,0.1535272389233354,-4.456214516531851e-18,1.7299689070652574e-16,1.5563022561264776e-15,0.0,0.0,3.9837307590617264,0.1529466218017979,-1.1004395535591771e-16,121.86401035107029,121.86401035107023,115.47087715330706,115.47087715330711,-0.09071085988270765,0.09071085988270763,0.4557052079335336,-6.095198365644526e-19,1099.544742898401,1099.544742898401,1137.5465245420648,1137.5465245420648,-0.5,-0.5,-0.5,-0.5
1,319,7,after_integrate,0.31900000000000023,0.3180000000000002,0.001,0,0,0.5,0.0,0.0,,0.15469167446900622,-4.5006360141614575e-18,1.7459900932067477e-16,1.5662244485971117e-15,0.0,0.0,3.999842594481665,0.15410892301381363,-1.1432037331764502e-16,122.65320447424715,122.65320447424709,116.08298567992456,116.08298567992462,-0.09125464448951477,0.09125464448951477,0.4557590681640293,1.1458698169975414e-18,1096.884316802111,1096.884316802111,1135.9155524723897,1135.9155524723897,-0.5,-0.5,-0.5,-0.5
1,320,7,after_integrate,0.32000000000000023,0.31900000000000023,0.001,0,0,0.5,0.0,0.0,,0.15586037636060845,-4.545686990645589e-18,1.7622425276011178e-16,1.5139233189458244e-15,0.0,0.0,4.015956240727507,0.15527549212023553,-1.121853923745351e-16,123.43641293911506,123.43641293911502,116.68923462749592,116.68923462749598,-0.09179768070285066,0.09179768070286326,0.4558131440160534,2.486926622942316e-17,1094.2029202146002,1094.2029202146002,1134.2609799004294,1134.2609799004294,-0.5,-0.5,-0.5,-0.5
1,321,7,after_integrate,0.32100000000000023,0.32000000000000023,0.001,0,0,0.5,0.0,0.0,,0.1570333415174949,-4.5927698302843554e-18,1.7776486776644782e-16,1.4650132574922576e-15,0.0,0.0,4.032071702233336,0.1564463260295531,-1.1334021827028833e-16,124.21356566655813,124.21356566655808,117.2895791680234,117.28957916802344,-0.0923399321586357,0.0923399321586357,0.4558673620723036,1.4421429864221708e-18,1091.5015382577628,1091.5015382577628,1132.583598876058,1132.583598876058,-0.5,-0.5,-0.5,-0.5
1,322,7,after_integrate,0.32200000000000023,0.32100000000000023,0.001,0,0,0.5,0.0,0.0,,0.15821056688082133,-4.639981980659104e-18,1.7929846958293518e-16,1.509917519356069e-15,0.0,0.0,4.0481889808528715,0.15762142167200677,-1.1194446649109333e-16,124.98459502449596,124.98459502449592,117.8839773206258,117.88397732062586,-0.09288136247743242,0.09288136247743242,0.4559216522702427,-2.7864616433742067e-17,1088.781142983364,1088.781142983364,1130.8841874373163,1130.8841874373163,-0.5,-0.5,-0.5,-0.5
1,323,7,after_integrate,0.32300000000000023,0.32200000000000023,0.001,0,0,0.5,0.0,0.0,,0.15939204941371107,-4.686768440716685e-18,1.8087979444921054e-16,1.5248176960984575e-15,0.0,0.0,4.064308075965937,0.1588007759997096,-1.134113233730193e-16,125.7494358195349,125.74943581953485,118.47238991020171,118.47238991020177,-0.09342193527005828,0.09342193527004565,0.4559759457733416,-1.9993131246890744e-17,1086.042709562006,1086.042709562006,1129.1635260823518,1129.1635260823518,-0.5,-0.5,-0.5,-0.5
1,324,7,after_integrate,0.32400000000000023,0.32300000000000023,0.001,0,0,0.5,0.0,0.0,,0.16057778610140203,-4.7336354383230045e-18,1.824600912077592e-16,1.5152194754197344e-15,0.0,0.0,4.080428984523329,0.15998438598682893,-1.134446293197629e-16,126.50802532362842,126.50802532362837,119.05478056332285,119.05478056332291,-0.0939616141433121,0.0939616141433121,0.45603017699238246,-2.440302014470817e-17,1083.2872284693306,1083.2872284693306,1127.4224102242354,1127.4224102242354,-0.5,-0.5,-0.5,-0.5
1,325,7,after_integrate,0.32500000000000023,0.32400000000000023,0.001,0,0,0.5,0.0,0.0,,0.1617677739514283,-4.7802301636915015e-18,1.840519921428712e-16,1.4808573597091121e-15,0.0,0.0,4.0965517011676384,0.1611722486297272,-1.1453891864134016e-16,127.26030332973374,127.2603033297337,119.63111572773494,119.63111572773498,-0.0945003627060076,0.0945003627060076,0.4560842835658649,-2.3086541549297892e-17,1080.5157142769979,1080.5157142769979,1125.6616592797648,1125.6616592797648,-0.5,-0.5,-0.5,-0.5
1,326,7,after_integrate,0.32600000000000023,0.32500000000000023,0.001,0,0,0.5,0.0,0.0,,0.16296200999386018,-4.829023899214809e-18,1.8555914789950528e-16,1.4809830127678454e-15,0.0,0.0,4.112676218347073,0.16236436094717652,-1.1673328312966483e-16,128.00621222613003,128.00621222613,120.20136470940731,120.20136470940736,-0.0950381445753477,0.09503814457534769,0.4561382065215092,3.1254739226348584e-18,1077.7292116112262,1077.7292116112262,1123.8821229297987,1123.8821229297987,-0.5,-0.5,-0.5,-0.5
1,327,7,after_integrate,0.32700000000000023,0.32600000000000023,0.001,0,0,0.5,0.0,0.0,,0.16416049128159668,-4.875833582733218e-18,1.8711122007002292e-16,1.4804718400841133e-15,0.0,0.0,4.128802526436158,0.16356071998062457,-1.1655777136462706e-16,128.7456970831386,128.74569708313857,120.76549972094496,120.76549972094502,-0.09557492338352645,0.09557492338352644,0.45619189046402975,-2.4746731273218353e-17,1074.928798754959,1074.928798754959,1122.0846850263397,1122.0846850263397,-0.5,-0.5,-0.5,-0.5
1,328,7,after_integrate,0.32800000000000024,0.32700000000000023,0.001,0,0,0.5,0.0,0.0,,0.1653632148907144,-4.923797475223465e-18,1.8866240749230094e-16,1.496062116725623e-15,0.0,0.0,4.144930613863202,0.1647613227945155,-1.167410874212229e-16,129.4787057466538,129.47870574665373,121.32349593571135,121.32349593571139,-0.09611066278485944,0.09611066278485944,0.4562452837493506,-2.6683173740071155e-17,1072.11558931398,1072.11558931398,1120.2702655666476,1120.2702655666476,-0.5,-0.5,-0.5,-0.5
1,329,7,after_integrate,0.32900000000000024,0.32800000000000024,0.001,0,0,0.5,0.0,0.0,,0.16657017792087322,-4.970704649230285e-18,1.9023021425042816e-16,1.507182890012575e-15,0.0,0.0,4.16106046724405,0.16596616647666665,-1.186078629609912e-16,130.20518893393879,130.20518893393876,121.87533154327707,121.87533154327713,-0.09664532646309108,0.09664532646309108,0.4562983386386177,1.8587334380574837e-18,1069.2907323137902,1069.2907323137902,1118.4398210998384,1118.4398210998384,-0.5,-0.5,-0.5,-0.5
1,330,7,after_integrate,0.33000000000000024,0.32900000000000024,0.001,0,0,0.5,0.0,0.0,,0.16778137749577934,-5.0179535726860954e-18,1.9179863904147888e-16,1.4918551688534694e-15,0.0,0.0,4.177192071521459,0.16717524813870316,-1.1848207203179565e-16,130.92510032802562,130.9251003280256,122.42098780273058,122.42098780273064,-0.09717887813912685,0.09717887813911422,0.4563510114315278,-2.3692662299641894e-17,1066.4554110465244,1066.4554110465244,1116.594343883736,1116.594343883736,-0.5,-0.5,-0.5,-0.5
1,331,7,after_integrate,0.33100000000000024,0.33000000000000024,0.001,0,0,0.5,0.0,0.0,,0.16899681076370507,-5.0657415500180906e-18,1.9335048594760857e-16,1.4343124953665328e-15,0.0,0.0,4.193325410109337,0.16838856491654933,-1.194589988476943e-16,131.63839666783392,131.6383966678339,122.96044909116239,122.96044909116245,-0.09771128157896121,0.09771128157896121,0.45640326257873404,7.401593511707857e-19,1063.610840944599,1063.610840944599,1114.7348600671662,1114.7348600671662,-0.5,-0.5,-0.5,-0.5
1,332,7,after_integrate,0.33200000000000024,0.33100000000000024,0.001,0,0,0.5,0.0,0.0,,0.17021647489806374,-5.114867816638301e-18,1.9485368670577235e-16,1.5138342076693276e-15,0.0,0.0,4.209460465041134,0.16960611397097614,-1.20165359358198e-16,132.34503783179179,132.34503783179176,123.49370294530392,123.49370294530398,-0.09824250060207554,0.09824250060208815,0.45645505677301235,2.7224034512413862e-17,1060.7582667192578,1060.7582667192578,1112.8624271343751,1112.8624271343751,-0.5,-0.5,-0.5,-0.5
1,333,7,after_integrate,0.33300000000000024,0.33200000000000024,0.001,0,0,0.5,0.0,0.0,,0.1714403670980382,-5.162073522840541e-18,1.9643656033019466e-16,1.495687827303329e-15,0.0,0.0,4.22559721712156,0.17082789248820318,-1.1932599183923062e-16,133.0449869133166,133.04498691331656,124.02074009487474,124.0207400948748,-0.09877249908986002,0.09877249908986002,0.45650636301914954,1.468381043772456e-18,1057.8989589674002,1057.8989589674002,1110.9781308135168,1110.9781308135168,-0.5,-0.5,-0.5,-0.5
1,334,7,after_integrate,0.33400000000000024,0.33300000000000024,0.001,0,0,0.5,0.0,0.0,,0.17266848458926012,-5.2091750371799465e-18,1.9799697972663333e-16,1.4981851969805866e-15,0.0,0.0,4.241735646080986,0.17205389768055301,-1.175457978805975e-16,133.738210287001,133.73821028700098,124.54155448667832,124.54155448667836,-0.09930124099437179,0.09930124099437179,0.45655715468237823,3.2134504637223182e-18,1055.0342104186882,1055.0342104186882,1109.0830816198,1109.0830816198,-0.5,-0.5,-0.5,-0.5
1,335,7,after_integrate,0.33500000000000024,0.33400000000000024,0.001,0,0,0.5,0.0,0.0,,0.17390082462453765,-5.255801457497036e-18,1.9955984925487604e-16,1.4909235307066394e-15,0.0,0.0,4.25787573073163,0.17328412678715463,-1.18428761996508e-16,134.42467766476037,134.42467766476034,125.05614329889443,125.05614329889447,-0.09982869034729773,0.09982869034728512,0.45660740951556317,-2.2329733086814136e-17,1052.1653319667164,1052.1653319667164,1107.1784111757224,1107.1784111757224,-0.5,-0.5,-0.5,-0.5
1,336,7,after_integrate,0.33600000000000024,0.33500000000000024,0.001,0,0,0.5,0.0,0.0,,0.1751373844846281,-5.303797747740341e-18,2.0110833044389068e-16,1.39783596505893e-15,0.0,0.0,4.274017449124885,0.17451857707469434,-1.1885151752535556e-16,135.10436214153788,135.10436214153785,125.56450694535246,125.5645069453525,-0.1003548112689813,0.1003548112689813,0.45665710966508405,6.965138550521247e-19,1049.2936486027681,1049.2936486027681,1105.2652684256175,1105.2652684256175,-0.5,-0.5,-0.5,-0.5
1,337,7,after_integrate,0.33700000000000024,0.33600000000000024,0.001,0,0,0.5,0.0,0.0,,0.1763781614790525,-5.353585048370172e-18,2.0257481962560043e-16,1.4964281200172907e-15,0.0,0.0,4.290160778708957,0.17575724583820973,-1.1956169293879696e-16,135.77724023044334,135.7772402304433,126.06664906984528,126.06664906984533,-0.10087956797767085,0.10087956797767085,0.4567062416558275,-2.4995253740815774e-17,1046.4204953482738,1046.4204953482738,1103.3448158393978,1103.3448158393978,-0.5,-0.5,-0.5,-0.5
1,338,7,after_integrate,0.33800000000000024,0.33700000000000024,0.001,0,0,0.5,0.0,0.0,,0.17762315294694866,-5.401431365346811e-18,2.0414652098464862e-16,1.5006435636283013e-15,0.0,0.0,4.306305696486085,0.1770001304019237,-1.2161623846970587e-16,136.44329188742495,136.44329188742492,126.56257653076084,126.5625765307609,-0.1014029247987612,0.1014029247987612,0.456754796355428,2.759466615688622e-18,1043.5472132623468,1043.5472132623468,1101.4182256806907,1101.4182256806907,-0.5,-0.5,-0.5,-0.5
1,339,7,after_integrate,0.33900000000000025,0.33800000000000024,0.001,0,0,0.5,0.0,0.0,,0.17887235625795928,-5.4496583255966765e-18,2.0571173507409662e-16,1.5017861274077906e-15,0.0,0.0,4.322452179168617,0.17824722812011573,-1.1992312960631885e-16,137.1025005257491,137.10250052574906,127.05229937647911,127.05229937647917,-0.10192484617416134,0.10192484617414872,0.45680276891828286,-4.9111537644462106e-17,1040.6751455835315,1040.6751455835315,1099.4866763974258,1099.4866763974258,-0.5,-0.5,-0.5,-0.5
1,340,7,after_integrate,0.34000000000000025,0.33900000000000025,0.001,0,0,0.5,0.0,0.0,,0.1801257688131511,-5.497929172802421e-18,2.0728235029158102e-16,1.4938986648443478e-15,0.0,0.0,4.338600203333175,0.17949853637802585,-1.2288720241972546e-16,137.75485302069825,137.7548530206982,127.53583081210896,127.535830812109,-0.10244529667163584,0.10244529667162322,0.45685015870975737,-4.420069747616146e-17,1037.8056340500616,1037.8056340500616,1097.5513491781446,1097.5513491781446,-0.5,-0.5,-0.5,-0.5
1,341,7,after_integrate,0.34100000000000025,0.34000000000000025,0.001,0,0,0.5,0.0,0.0,,0.18138338804596205,-5.547112945079732e-18,2.08844366938831e-16,1.4912629804027517e-15,0.0,0.0,4.354749745572242,0.18075405259278815,-1.2365294963524995e-16,138.4003397049937,138.40033970499366,128.01318715823007,128.0131871582301,-0.10296424099421687,0.10296424099421686,0.45689696921116907,1.3831163794543442e-18,1034.9400154302546,1034.9400154302546,1095.6134247047357,1095.6134247047357,-0.5,-0.5,-0.5,-0.5
1,342,7,after_integrate,0.34200000000000025,0.34100000000000025,0.001,0,0,0.5,0.0,0.0,,0.1826452114231726,-5.59641996461968e-18,2.1040190066904093e-16,1.5005262963075222e-15,0.0,0.0,4.370900782642458,0.1820137742143907,-1.2458023608459734e-16,139.03895435552,139.03895435551996,128.48438780236577,128.48438780236583,-0.10348164398955738,0.10348164398956997,0.4569432079061826,2.323126770679509e-17,1032.0796182839913,1032.0796182839913,1093.6740801216986,1093.6740801216986,-0.5,-0.5,-0.5,-0.5
1,343,7,after_integrate,0.34300000000000025,0.34200000000000025,0.001,0,0,0.5,0.0,0.0,,0.1839112364458975,-5.6453431610710496e-18,2.1198058246566625e-16,1.5078579143762565e-15,0.0,0.0,4.387053291608934,0.18327769872665728,-1.2338835377997587e-16,139.6706941719684,139.67069417196836,128.94945514394567,128.94945514394573,-0.10399747065925026,0.10399747065926286,0.456988886149364,2.3680329346979605e-17,1029.2257599674442,1029.2257599674442,1091.7344862333462,1091.7344862333462,-0.5,-0.5,-0.5,-0.5
1,344,7,after_integrate,0.34400000000000025,0.34300000000000025,0.001,0,0,0.5,0.0,0.0,,0.18518146065059424,-5.693552237556709e-18,2.1355837089316228e-16,1.509736559675032e-15,0.0,0.0,4.403207249984986,0.18454582364824815,-1.232159690334002e-16,140.29555974804043,140.2955597480404,129.4084145335301,129.40841453353016,-0.10451168616808404,0.10451168616807142,0.4570340190176672,-5.0814490126696786e-17,1026.3797438859963,1026.3797438859963,1089.7958049332312,1089.7958049332312,-0.5,-0.5,-0.5,-0.5
1,345,7,after_integrate,0.34500000000000025,0.34400000000000025,0.001,0,0,0.5,0.0,0.0,,0.18645588161008547,-5.741932927694357e-18,2.1514300159593563e-16,1.5300162217037485e-15,0.0,0.0,4.419362635866629,0.18581814653367584,-1.259847506822989e-16,140.91355503585646,140.91355503585643,129.8612942070646,129.86129420706462,-0.1050242558531722,0.10502425585315958,0.4570786251457226,-4.719480179137085e-17,1023.5428569945763,1023.5428569945763,1087.8591868644423,1087.8591868644423,-0.5,-0.5,-0.5,-0.5
1,346,7,after_integrate,0.34600000000000025,0.34500000000000025,0.001,0,0,0.5,0.0,0.0,,0.18773449693459104,-5.7914179168565985e-18,2.1674342180346091e-16,1.5282074128015382e-15,0.0,0.0,4.435519428061277,0.18709466497433283,-1.2667112173042508e-16,141.52468730420622,141.5246873042062,130.30812521591292,130.30812521591295,-0.10553514523317978,0.10553514523316714,0.45712272654587666,-4.780894370805282e-17,1020.7163675401854,1020.7163675401854,1085.9257693050852,1085.9257693050852,-0.5,-0.5,-0.5,-0.5
1,347,7,after_integrate,0.34700000000000025,0.34600000000000025,0.001,0,0,0.5,0.0,0.0,,0.1890173042727663,-5.840030318749817e-18,2.183469996506564e-16,1.5536384465040122e-15,0.0,0.0,4.451677606207479,0.188375376599527,-1.2942988438176363e-16,142.12896709126102,142.128967091261,130.74894135339053,130.74894135339056,-0.10604432001719387,0.10604432001720648,0.45716634841395154,2.213807130088684e-17,1017.9015230379957,1017.9015230379957,1083.996674269942,1083.996674269942,-0.5,-0.5,-0.5,-0.5
1,348,7,after_integrate,0.34800000000000025,0.34700000000000025,0.001,0,0,0.5,0.0,0.0,,0.19030430131274395,-5.889783374842197e-18,2.1997128955796349e-16,1.5497442593259133e-15,0.0,0.0,4.467837130245403,0.1896602790775225,-1.2826779151128487e-16,142.72640815056772,142.72640815056766,131.1837790764732,131.18377907647326,-0.10655174611367689,0.10655174611368949,0.4572095189320759,2.7292301628283475e-17,1015.0995484841937,1015.0995484841937,1082.0730068324744,1082.0730068324744,-0.5,-0.5,-0.5,-0.5
1,349,7,after_integrate,0.34900000000000025,0.34800000000000025,0.001,0,0,0.5,0.0,0.0,,0.19159548578274574,-5.938626197069033e-18,2.215938992056636e-16,1.555821638720697e-15,0.0,0.0,4.483997962716086,0.19094937011649343,-1.2891027378342925e-16,143.31702737746448,143.31702737746443,131.61267740777762,131.61267740777768,-0.10705738963825934,0.10705738963824672,0.4572522692464597,-4.764067342973606e-17,1012.3116448974664,1012.3116448974664,1080.1558537702695,1080.1558537702695,-0.5,-0.5,-0.5,-0.5
1,350,7,after_integrate,0.35000000000000026,0.34900000000000025,0.001,0,0,0.5,0.0,0.0,,0.19289085545128695,-5.9876631329174416e-18,2.2322265146068485e-16,1.5661270817159961e-15,0.0,0.0,4.500160087464327,0.19224264746462913,-1.3000053986501697e-16,143.90084476811157,143.90084476811154,132.03567787361612,132.03567787361618,-0.10756121692066721,0.10756121692067983,0.4572946335258136,-2.663991870174724e-18,1009.538987767994,1009.538987767994,1078.2462820934354,1078.2462820934354,-0.5,-0.5,-0.5,-0.5
1,351,8,after_integrate,0.35100000000000026,0.35000000000000026,0.001,0,0,0.5,0.0,0.0,,0.1941904081285591,-6.0355926034521685e-18,2.2486925839404336e-16,1.5860843065637924e-15,0.0,0.0,4.516323489618928,0.19354010891119375,-1.2900767842120637e-16,144.477883355706,144.47788335570598,132.4528244189163,132.45282441891635,-0.10806319451415054,0.10806319451416316,0.4573366485745,2.4815526248917057e-17,1006.7827258529821,1006.7827258529821,1076.3453379156028,1076.3453379156028,-0.5,-0.5,-0.5,-0.5
1,352,8,after_integrate,0.35200000000000026,0.35100000000000026,0.001,0,0,0.5,0.0,0.0,,0.1954941416674213,-6.0815346850940315e-18,2.26524967065387e-16,1.5857672450525344e-15,0.0,0.0,4.532488155685779,0.1948417522875879,-1.3029398696361643e-16,145.04816914356996,145.04816914356994,132.8641633222646,132.86416332226463,-0.10856328920375712,0.1085632892037445,0.45737835359429574,-2.434988524187786e-17,1004.0439801364994,1004.0439801364994,1074.4540454662972,1074.4540454662972,-0.5,-0.5,-0.5,-0.5
1,353,8,after_integrate,0.35300000000000026,0.35200000000000026,0.001,0,0,0.5,0.0,0.0,,0.1968020539644384,-6.1289496440933155e-18,2.281785362998217e-16,1.5897145705031541e-15,0.0,0.0,4.548654073637953,0.19614757546839204,-1.3072103180854263e-16,145.6117310362623,145.61173103626228,133.26974311140194,133.269743111402,-0.1090614680146894,0.10906146801467678,0.4574197899154592,-4.885731739325119e-17,1001.3238429391815,1001.3238429391815,1072.5734062350532,1072.5734062350532,-0.5,-0.5,-0.5,-0.5
1,354,8,after_integrate,0.35400000000000026,0.35300000000000026,0.001,0,0,0.5,0.0,0.0,,0.1981141429609218,-6.174751573240266e-18,2.298941392791582e-16,1.6775530293159452e-15,0.0,0.0,4.564821232992889,0.19745757637241426,-1.3213095740500405e-16,146.1686007682472,146.16860076824713,133.66961447889267,133.6696144788927,-0.10955769822055689,0.10955769822055687,0.45746100071398477,3.449603873262348e-18,998.6233771703593,998.6233771703593,1070.7043982392138,1070.7043982392138,-0.5,-0.5,-0.5,-0.5
1,355,8,after_integrate,0.35500000000000026,0.35400000000000026,0.001,0,0,0.5,0.0,0.0,,0.1994304066439541,-6.22277383487289e-18,2.315848923326552e-16,1.595958094022472e-15,0.0,0.0,4.580989624879411,0.19877175296372385,-1.327773257239327e-16,146.71881283079975,146.71881283079975,134.06383019872374,134.0638301987238,-0.11005194735145565,0.11005194735144304,0.4575020307227007,-4.769766533487136e-17,995.9436157069922,995.9436157069922,1068.8479753998092,1068.8479753998092,-0.5,-0.5,-0.5,-0.5
1,356,8,after_integrate,0.35600000000000026,0.35500000000000026,0.001,0,0,0.5,0.0,0.0,,0.20075084304739377,-6.269304241288e-18,2.3330744154627136e-16,1.6768813089153254e-15,0.0,0.0,4.597159242094306,0.20009010325266577,-1.3278533546243326e-16,147.2624043974628,147.26240439746275,134.45244504416505,134.45244504416507,-0.11054418320178871,0.11054418320178871,0.45754292593762314,1.4448423281971257e-18,993.2855608872815,993.2855608872815,1067.0050670137307,1067.0050670137307,-0.5,-0.5,-0.5,-0.5
1,357,8,after_integrate,0.35700000000000026,0.35600000000000026,0.001,0,0,0.5,0.0,0.0,,0.20207545025285784,-6.315893676700443e-18,2.350452105836398e-16,1.682786968711927e-15,0.0,0.0,4.613330079148296,0.2014126252968553,-1.345983728195357e-16,147.7994152483349,147.79941524833487,134.83551570716895,134.83551570716898,-0.11103437383812874,0.11103437383812874,0.457583733321005,-2.6383865266067925e-17,990.650184107691,990.650184107691,1065.1765773114141,1065.1765773114141,-0.5,-0.5,-0.5,-0.5
1,358,8,after_integrate,0.35800000000000026,0.35700000000000026,0.001,0,0,0.5,0.0,0.0,,0.20340422639067832,-6.364728497466203e-18,2.3675860514986304e-16,1.5747823314757046e-15,0.0,0.0,4.629502132301275,0.20273931720214744,-1.3694748116651162e-16,148.32988769344462,148.3298876934446,135.2131007195483,135.21310071954835,-0.11152248760674505,0.11152248760673242,0.4576245005025287,-2.155263164018742e-17,988.0384255128896,988.0384255128896,1063.3633850900806,1063.3633850900806,-0.5,-0.5,-0.5,-0.5
1,359,8,after_integrate,0.35900000000000026,0.35800000000000026,0.001,0,0,0.5,0.0,0.0,,0.204737169640831,-6.415056398754855e-18,2.3840907715159774e-16,1.618838770369183e-15,0.0,0.0,4.645675399586739,0.20407017712358025,-1.3471989551758835e-16,148.8538664954374,148.85386649543733,135.58526037613265,135.58526037613268,-0.11200849314104828,0.11200849314106089,0.45766527548003944,2.519476092275634e-17,985.4511937690058,985.4511937690058,1061.5663434135638,1061.5663434135638,-0.5,-0.5,-0.5,-0.5
1,360,8,after_integrate,0.36000000000000026,0.35900000000000026,0.001,0,0,0.5,0.0,0.0,,0.20607427823383245,-6.4643924787441435e-18,2.4005824961402433e-16,1.5503563506482848e-15,0.0,0.0,4.661849880825368,0.20540520326628792,-1.3605645704599051e-16,149.3713987917783,149.3713987917783,135.95205666006655,135.9520566600666,-0.11249235936894046,0.11249235936895306,0.45770610632130837,-1.0978226551233013e-18,982.8893659113661,982.8893659113661,1059.7862793705676,1059.7862793705676,-0.5,-0.5,-0.5,-0.5
1,361,8,after_integrate,0.36100000000000027,0.36000000000000026,0.001,0,0,0.5,0.0,0.0,,0.20741555045160354,-6.513162584740807e-18,2.4170344476677133e-16,1.5878801361844215e-15,0.0,0.0,4.6780255776278326,0.2067443938863814,-1.339106712455138e-16,149.88253401665224,149.88253401665222,136.313553170381,136.31355317038103,-0.11297405551986751,0.1129740555198675,0.457747040868161,-2.3213592292163272e-17,980.353787258718,980.353787258718,1058.0239938841196,1058.0239938841196,-0.5,-0.5,-0.5,-0.5
1,362,8,after_integrate,0.36200000000000027,0.36100000000000027,0.001,0,0,0.5,0.0,0.0,,0.20876098462829637,-6.559991777078746e-18,2.433652933260718e-16,1.5902281876639584e-15,0.0,0.0,4.694202493386848,0.208087747291794,-1.3675015801728792e-16,150.38732382272207,150.38732382272204,136.66981505193698,136.669815051937,-0.1134535511318416,0.1134535511318416,0.45778812644444816,-3.48090578183375e-19,977.8452713866805,977.8452713866805,1056.2802615657577,1056.2802615657577,-0.5,-0.5,-0.5,-0.5
1,363,8,after_integrate,0.36300000000000027,0.36200000000000027,0.001,0,0,0.5,0.0,0.0,,0.2101105791510824,-6.60704507822521e-18,2.450279915676747e-16,1.585530711239711e-15,0.0,0.0,4.71038063325866,0.20943526184308908,-1.3650855308640539e-16,150.8858220028884,150.88582200288837,137.02090892781197,137.02090892781203,-0.1139308160582683,0.1139308160582557,0.45782940956911017,-4.694377310438539e-17,975.3646001538924,975.3646001538924,1054.5558306087864,1054.5558306087864,-0.5,-0.5,-0.5,-0.5
1,364,8,after_integrate,0.36400000000000027,0.36300000000000027,0.001,0,0,0.5,0.0,0.0,,0.21146433246089907,-6.653168317038946e-18,2.466864216549523e-16,1.6036375778724195e-15,0.0,0.0,4.72656000413413,0.21078693595422793,-1.3817544563341997e-16,151.37808441217786,151.37808441217786,137.36690283417306,137.3669028341731,-0.11440582047461796,0.11440582047461796,0.4578709356757906,-2.4411190221618278e-17,972.9125237749836,972.9125237749836,1052.8514227156193,1052.8514227156193,-0.5,-0.5,-0.5,-0.5
1,365,8,after_integrate,0.36500000000000027,0.36400000000000027,0.001,0,0,0.5,0.0,0.0,,0.21282224305315345,-6.6998827582788406e-18,2.4836876068256886e-16,1.6159742485300478e-15,0.0,0.0,4.742740614599622,0.212142768093295,-1.3784126709011256e-16,151.86416888987216,151.86416888987216,137.70786615765564,137.7078661576557,-0.11487853488497797,0.1148785348849906,0.45791274884016536,2.452901733721365e-17,970.4897609350816,970.4897609350816,1051.1677330548762,1051.1677330548762,-0.5,-0.5,-0.5,-0.5
1,366,8,after_integrate,0.36600000000000027,0.36500000000000027,0.001,0,0,0.5,0.0,0.0,,0.21418430947837977,-6.744191860726205e-18,2.500583273909151e-16,1.628130745760381e-15,0.0,0.0,4.758922474888008,0.21350275678317893,-1.367362792048965e-16,152.34413518197707,152.34413518197707,138.0438695752453,138.04386957524534,-0.11534893012846344,0.11534893012847604,0.4579548915163069,-1.9845057491660153e-18,968.0969989412091,968.0969989412091,1049.5054302445408,1049.5054302445408,-0.5,-0.5,-0.5,-0.5
1,367,8,after_integrate,0.36700000000000027,0.36600000000000027,0.001,0,0,0.5,0.0,0.0,,0.2155505303428497,-6.7882032863362516e-18,2.51766717131836e-16,1.6983265286619909e-15,0.0,0.0,4.775105596820107,0.21486690060220637,-1.3858160586274673e-16,152.81804486411974,152.81804486411968,138.37498499663803,138.37498499663806,-0.11581697738540832,0.1158169773853957,0.4579974042832316,-5.103958411009206e-17,965.7348939063216,965.7348939063216,1047.865156357957,1047.865156357957,-0.5,-0.5,-0.5,-0.5
1,368,8,after_integrate,0.36800000000000027,0.36700000000000027,0.001,0,0,0.5,0.0,0.0,,0.2169209043091334,-6.831790161050281e-18,2.5353573625729973e-16,1.64238249913476e-15,0.0,0.0,4.7912899937368945,0.21623519818472833,-1.3914799344675257e-16,153.2859612649508,153.28596126495077,138.7012855090371,138.70128550903712,-0.11628264818350409,0.11628264818350409,0.45804032560278773,2.1641338507117617e-18,963.4040709622982,963.4040709622982,1046.2475269499753,1046.2475269499753,-0.5,-0.5,-0.5,-0.5
1,369,8,after_integrate,0.36900000000000027,0.36800000000000027,0.001,0,0,0.5,0.0,0.0,,0.21829543009660926,-6.876149383377113e-18,2.5524448212338707e-16,1.5960763416852155e-15,0.0,0.0,4.807475680430522,0.2176076482216554,-1.3878939736283138e-16,153.7479493901204,153.74794939012037,139.02284532432645,139.02284532432648,-0.11674591440720333,0.11674591440720333,0.45808369158980883,-2.5505337122599842e-17,961.1051244985697,961.1051244985697,1044.653131100984,1044.653131100984,-0.5,-0.5,-0.5,-0.5
1,370,8,after_integrate,0.3700000000000003,0.36900000000000027,0.001,0,0,0.5,0.0,0.0,,0.21967410648192162,-6.923229499725824e-18,2.568694470751894e-16,1.5997904571547623e-15,0.0,0.0,4.823662673086092,0.21898424946094175,-1.4361783215955002e-16,154.20407584671662,154.2040758467166,139.33973972856774,139.3397397285678,-0.11720674837174114,0.11720674837175374,0.458127535795278,-1.884470331072341e-18,958.8386181419451,958.8386181419451,1043.082531194476,1043.082531194476,-0.5,-0.5,-0.5,-0.5
1,371,8,after_integrate,0.3710000000000003,0.3700000000000003,0.001,0,0,0.5,0.0,0.0,,0.2210569322993864,-6.97069039943855e-18,2.5851526607068114e-16,1.530608395462268e-15,0.0,0.0,4.839850989117701,0.22036500070801698,-1.406925632942683e-16,154.6544087588826,154.65440875888254,139.6520450240386,139.65204502403867,-0.11766512282282118,0.11766512282282116,0.4581718890057441,-2.3098081603020524e-17,956.6050689181696,956.6050689181696,1041.5362468715282,1041.5362468715282,-0.5,-0.5,-0.5,-0.5
1,372,8,after_integrate,0.3720000000000003,0.3710000000000003,0.001,0,0,0.5,0.0,0.0,,0.22244390644133216,-7.01757820652519e-18,2.6012894351543994e-16,1.5441939605257263e-15,0.0,0.0,4.85604064709848,0.22174990082616203,-1.4130687429449652e-16,155.09901761204378,155.09901761204375,139.9598384006617,139.95983840066174,-0.11812101087417629,0.11812101087417629,0.45821677905645936,-2.5226916047809193e-17,954.4049266786785,954.4049266786785,1040.0147342488463,1040.0147342488463,-0.5,-0.5,-0.5,-0.5
1,373,8,after_integrate,0.3730000000000003,0.3720000000000003,0.001,0,0,0.5,0.0,0.0,,0.22383502785836057,-7.06455723671845e-18,2.617493548098181e-16,1.5637747583386464e-15,0.0,0.0,4.872231666660469,0.22313894873680915,-1.4320066685325056e-16,155.53797309899576,155.53797309899574,140.26319781102472,140.26319781102478,-0.11857438600987348,0.11857438600987348,0.45826223066022426,5.785125027591694e-19,952.2385946810451,952.2385946810451,1038.5184062844075,1038.5184062844075,-0.5,-0.5,-0.5,-0.5
1,374,8,after_integrate,0.3740000000000003,0.3730000000000003,0.001,0,0,0.5,0.0,0.0,,0.2252302955595421,-7.111288560348003e-18,2.633811822661804e-16,1.5747706541142735e-15,0.0,0.0,4.888424068381483,0.2245321434197697,-1.4282881534358017e-16,155.9713470183317,155.97134701833164,140.56220189881995,140.56220189881998,-0.11902522208918193,0.1190252220891693,0.45830826525314333,-4.5454047470066743e-17,950.106436165777,950.106436165777,1037.0476391368757,1037.0476391368757,-0.5,-0.5,-0.5,-0.5
1,375,8,after_integrate,0.3750000000000003,0.3740000000000003,0.001,0,0,0.5,0.0,0.0,,0.2266297086125489,-7.156588796029701e-18,2.6502857979134944e-16,1.5624840842561832e-15,0.0,0.0,4.904617873666364,0.2259294839133981,-1.453870160450291e-16,156.39921218470246,156.3992121847024,140.85692994009094,140.85692994009096,-0.11947349335128081,0.11947349335128081,0.45835490085747715,-2.831843419492597e-17,948.0087812196591,948.0087812196591,1035.6027788097447,1035.6027788097447,-0.5,-0.5,-0.5,-0.5
1,376,8,after_integrate,0.3760000000000003,0.3750000000000003,0.001,0,0,0.5,0.0,0.0,,0.2280332661437285,-7.202043939587678e-18,2.666676213955896e-16,1.5846547004954372e-15,0.0,0.0,4.920813104623285,0.22733096931469482,-1.465675569738084e-16,156.82164235381347,156.82164235381344,141.14746180000665,141.14746180000668,-0.11991917441991737,0.11991917441991737,0.45840215196228357,-2.788652402556397e-17,945.9459319257071,945.9459319257071,1034.1841460813848,1034.1841460813848,-0.5,-0.5,-0.5,-0.5
1,377,8,after_integrate,0.3770000000000003,0.3760000000000003,0.001,0,0,0.5,0.0,0.0,,0.22944096733811967,-7.246920521992929e-18,2.6832838144802663e-16,1.613086014930169e-15,0.0,0.0,4.937009783935698,0.22873659877935076,-1.4676131441032342e-16,157.23871215860234,157.2387121586023,141.43387790143004,141.43387790143007,-0.12036224030787832,0.12036224030789093,0.4584500294221779,-3.149281143340572e-18,943.9181659659492,943.9181659659492,1032.7920398882318,1032.7920398882318,-0.5,-0.5,-0.5,-0.5
1,378,8,after_integrate,0.3780000000000003,0.3770000000000003,0.001,0,0,0.5,0.0,0.0,,0.2308528114394129,-7.290348281721455e-18,2.7002390332109237e-16,1.6312058813083928e-15,0.0,0.0,4.953207934730632,0.2301463715217355,-1.4681660615872466e-16,157.6504970531909,157.65049705319086,141.71625920170067,141.7162592017007,-0.12080266642140425,0.12080266642141688,0.4584985403745797,2.169404252831855e-17,941.9257390935443,941.9257390935443,1031.42673957863,1031.42673957863,-0.5,-0.5,-0.5,-0.5
1,379,8,after_integrate,0.3790000000000003,0.3780000000000003,0.001,0,0,0.5,0.0,0.0,,0.23226879774985665,-7.332168914881925e-18,2.7173056754535e-16,1.6538347831452756e-15,0.0,0.0,4.9694075804439946,0.23156028681483018,-1.4650632490825314e-16,158.05707326209998,158.05707326209995,141.99468717494676,141.9946871749468,-0.12124042856457365,0.12124042856458625,0.45854768817566194,2.7079994714924323e-17,939.9688867889461,939.9688867889461,1030.0885063529672,1030.0885063529672,-0.5,-0.5,-0.5,-0.5
1,380,8,after_integrate,0.3800000000000003,0.3790000000000003,0.001,0,0,0.5,0.0,0.0,,0.23368892563010998,-7.373376423578967e-18,2.734528550502869e-16,1.662464520934316e-15,0.0,0.0,4.985608744683553,0.2329783439901068,-1.4600187806758114e-16,158.45851773292145,158.45851773292142,142.26924379795054,142.26924379795057,-0.12167550294360549,0.12167550294361809,0.4585974723551221,-7.652945270497078e-18,938.0478253331266,938.0478253331266,1028.7775841240098,1028.7775841240098,-0.5,-0.5,-0.5,-0.5
1,381,8,after_integrate,0.3810000000000003,0.3800000000000003,0.001,0,0,0.5,0.0,0.0,,0.2351131944990433,-7.414504060133823e-18,2.751933123721936e-16,1.6841841548309346e-15,0.0,0.0,5.001811451090304,0.2344005424373551,-1.4619517677678472e-16,158.85490809116286,158.85490809116283,142.54001153811672,142.54001153811674,-0.12210786617106988,0.12210786617108248,0.45864788858978955,-1.1322382348348523e-18,936.1627524697869,936.1627524697869,1027.494199970209,1027.494199970209,-0.5,-0.5,-0.5,-0.5
1,382,8,after_integrate,0.3820000000000003,0.3810000000000003,0.001,0,0,0.5,0.0,0.0,,0.23654160383348707,-7.455177133548607e-18,2.769559537723673e-16,1.6963647140525956e-15,0.0,0.0,5.018015723198906,0.23582688160445683,-1.4611775138626148e-16,159.24632259636633,159.2463225963663,142.8070733424813,142.80707334248135,-0.12253749527011866,0.12253749527010603,0.4586989286960357,-4.9222943363933564e-17,934.3138477828302,934.3138477828302,1026.2385643090304,1026.2385643090304,-0.5,-0.5,-0.5,-0.5
1,383,8,after_integrate,0.3830000000000003,0.3820000000000003,0.001,0,0,0.5,0.0,0.0,,0.23797415316792994,-7.496219333187109e-18,2.787192477269967e-16,1.7106112328257735e-15,0.0,0.0,5.034221584297855,0.23725736099710915,-1.486299323448821e-16,159.63284009888517,159.63284009888514,143.07051262698369,143.07051262698374,-0.12296436767852208,0.1229643676785347,0.4587505806408024,2.5182291161201204e-17,932.5012728815049,932.5012728815049,1025.0108708834714,1025.0108708834714,-0.5,-0.5,-0.5,-0.5
1,384,8,after_integrate,0.3840000000000003,0.3830000000000003,0.001,0,0,0.5,0.0,0.0,,0.2394108420941675,-7.535647858363485e-18,2.804981642529875e-16,1.713597726239495e-15,0.0,0.0,5.050429057290084,0.23869198017849808,-1.4875433762230683e-16,160.01453999690614,160.0145399969061,143.33041326543585,143.33041326543588,-0.12338846125285162,0.12338846125285162,0.45880282857095966,-2.7243831008507648e-17,930.7251714603938,930.7251714603938,1023.8112966296029,1023.8112966296029,-0.5,-0.5,-0.5,-0.5
1,385,8,after_integrate,0.3850000000000003,0.3840000000000003,0.001,0,0,0.5,0.0,0.0,,0.24085167026090168,-7.573408733850477e-18,2.8233564817884066e-16,1.806279271589218e-15,0.0,0.0,5.06663816455468,0.24013073876892232,-1.48492189446732e-16,160.39150219345674,160.39150219345672,143.58685957777544,143.58685957777547,-0.12380975427230316,0.12380975427230316,0.4588556528607246,2.4650898794606893e-18,928.9856692827996,928.9856692827996,1022.640001474334,1022.640001474334,-0.5,-0.5,-0.5,-0.5
1,386,8,after_integrate,0.3860000000000003,0.3850000000000003,0.001,0,0,0.5,0.0,0.0,,0.24229663737329335,-7.610361956433886e-18,2.8419700978858154e-16,1.802309399345149e-15,0.0,0.0,5.082848927810319,0.24157363644536925,-1.4869984014166173e-16,160.7638070532425,160.76380705324246,143.83993631730297,143.839936317303,-0.12422822544266589,0.12422822544265326,0.4589090301766087,-2.2374544185880393e-17,927.2828741222763,927.2828741222763,1021.4971280987097,1021.4971280987097,-0.5,-0.5,-0.5,-0.5
1,387,8,after_integrate,0.3870000000000003,0.3860000000000003,0.001,0,0,0.5,0.0,0.0,,0.24374574319246778,-7.646834388250923e-18,2.8606382787726657e-16,1.802689344464899e-15,0.0,0.0,5.099061367981126,0.2430206729410436,-1.5031727641367778e-16,161.13153535923635,161.1315353592363,144.08972865668602,144.08972865668608,-0.12464385390011931,0.12464385390013194,0.4589629335594231,-2.312234922849203e-18,925.6168756869628,925.6168756869628,1020.3828016919252,1020.3828016919252,-0.5,-0.5,-0.5,-0.5
1,388,8,after_integrate,0.3880000000000003,0.3870000000000003,0.001,0,0,0.5,0.0,0.0,,0.2451989875349762,-7.683048793022832e-18,2.87937795574901e-16,1.8251802646776712e-15,0.0,0.0,5.115275505065522,0.2444718480448508,-1.5056037788509473e-16,161.4947682689972,161.49476826899718,144.33632217257312,144.33632217257318,-0.12505661921496086,0.1250566192149735,0.45901733252274907,2.241371852128507e-17,923.9877455438669,923.9877455438669,1019.2971297136526,1019.2971297136526,-0.5,-0.5,-0.5,-0.5
1,389,8,after_integrate,0.3890000000000003,0.3880000000000003,0.001,0,0,0.5,0.0,0.0,,0.24665637027221343,-7.718496208982353e-18,2.8983541987042455e-16,1.7874187637955194e-15,0.0,0.0,5.131491358008692,0.24592716160083672,-1.506970089178085e-16,161.8535872707305,161.85358727073043,144.57980282870525,144.5798028287053,-0.12546650139517243,0.12546650139518506,0.4590721931671184,-7.215021701228974e-18,922.395537054901,922.395537054901,1018.2402016768883,1018.2402016768883,-0.5,-0.5,-0.5,-0.5
1,390,8,after_integrate,0.3900000000000003,0.3890000000000003,0.001,0,0,0.5,0.0,0.0,,0.24811789132979434,-7.75453746057387e-18,2.9170208777463394e-16,1.872486610668783e-15,0.0,0.0,5.147708944579231,0.2473866135075838,-1.510989211379082e-16,162.20807413912914,162.2080741391291,144.8202569574452,144.82025695744522,-0.1258734808899799,0.1258734808899799,0.459127478309218,1.3659807295095882e-18,920.8402853324507,920.8402853324507,1017.2120889594454,1017.2120889594454,-0.5,-0.5,-0.5,-0.5
1,391,8,after_integrate,0.3910000000000003,0.3900000000000003,0.001,0,0,0.5,0.0,0.0,,0.2495835506868907,-7.788263602177177e-18,2.9363726999893043e-16,1.866188153604004e-15,0.0,0.0,5.163928281250511,0.2488502037175683,-1.5147778020271002e-16,162.55831089105146,162.55831089105143,145.05777123967,145.05777123967005,-0.12627753859322652,0.1262775385932139,0.4591831476252408,-2.3237079297740182e-17,919.3220072194754,919.3220072194754,1016.2128446493618,1016.2128446493618,-0.5,-0.5,-0.5,-0.5
1,392,8,after_integrate,0.3920000000000003,0.3910000000000003,0.001,0,0,0.5,0.0,0.0,,0.25105334837553034,-7.82443701562293e-18,2.955132506215459e-16,1.7805501211492695e-15,0.0,0.0,5.18014938308729,0.25031793223647747,-1.524850100491421e-16,162.90437974109997,162.90437974109994,145.29243268299035,145.29243268299038,-0.12667865584666024,0.12667865584667284,0.4592391578075277,-2.1200019904390764e-18,917.8407012970526,917.8407012970526,1015.2425034273715,1015.2425034273715,-0.5,-0.5,-0.5,-0.5
1,393,8,after_integrate,0.3930000000000003,0.3920000000000003,0.001,0,0,0.5,0.0,0.0,,0.25252728447986084,-7.861317696040014e-18,2.9738081574537644e-16,1.8020955150429936e-15,0.0,0.0,5.196372263638028,0.2517897991224909,-1.5122130911800813e-16,163.24636305717297,163.24636305717294,145.52432859827556,145.5243285982756,-0.12707681444317498,0.12707681444317498,0.4592954627334827,-2.4265513951084335e-17,916.3963479208556,916.3963479208556,1014.3010814880836,1014.3010814880836,-0.5,-0.5,-0.5,-0.5
1,394,8,after_integrate,0.3940000000000003,0.3930000000000003,0.001,0,0,0.5,0.0,0.0,,0.2540053591353797,-7.897847440496466e-18,2.992508727748185e-16,1.812071310701894e-15,0.0,0.0,5.212596934833371,0.25326580448552716,-1.5151349215255034e-16,163.58434331606267,163.58434331606264,145.75354657447485,145.75354657447488,-0.1274719966297504,0.1274719966297378,0.4593520136458434,-2.4941249273676488e-17,914.9889092870378,914.9889092870378,1013.3885765004532,1013.3885765004532,-0.5,-0.5,-0.5,-0.5
1,395,8,after_integrate,0.3950000000000003,0.3940000000000003,0.001,0,0,0.5,0.0,0.0,,0.2554875725281342,-7.933710236578491e-18,3.011230562418346e-16,1.8108141224326612e-15,0.0,0.0,5.228823406891202,0.25474594848645865,-1.5503426370300112e-16,163.91840305917546,163.91840305917543,145.9801744517386,145.98017445173863,-0.12786418511044453,0.1278641851104319,0.4594087593432524,-4.889894812952582e-17,913.6183295272629,913.6183295272629,1012.5049676073309,1012.5049676073309,-0.5,-0.5,-0.5,-0.5
1,396,8,after_integrate,0.3960000000000003,0.3950000000000003,0.001,0,0,0.5,0.0,0.0,,0.2569739248939098,-7.970363003774313e-18,3.0300043558727595e-16,1.8242814465384987e-15,0.0,0.0,5.245051688228962,0.2562302313362963,-1.5629565549551468e-16,164.24862485147844,164.2486248514784,146.20430029622415,146.20430029622418,-0.12825336304922919,0.12825336304924181,0.45946564637302567,2.5046822096770196e-17,912.2845348080062,912.2845348080062,1011.6502154376565,1011.6502154376565,-0.5,-0.5,-0.5,-0.5
1,397,8,after_integrate,0.3970000000000003,0.3960000000000003,0.001,0,0,0.5,0.0,0.0,,0.25846441651775715,-8.006458170367062e-18,3.0489124314716293e-16,1.8342677650140876e-15,0.0,0.0,5.261281785384203,0.2577186532954816,-1.5525166983185134e-16,164.57509125050174,164.5750912505017,146.42601238450288,146.4260123845029,-0.12863951407360763,0.12863951407359503,0.4595226190722751,-4.5920845463339546e-17,910.9874333808573,910.9874333808573,1010.8242620728978,1010.8242620728978,-0.5,-0.5,-0.5,-0.5
1,398,8,after_integrate,0.3980000000000003,0.3970000000000003,0.001,0,0,0.5,0.0,0.0,,0.25995904773394135,-8.042823327575276e-18,3.0679179828634826e-16,1.8400802040014584e-15,0.0,0.0,5.277513702932913,0.25921121467372416,-1.5790457975170482e-16,164.8978847622847,164.89788476228466,146.6453991743271,146.64539917432714,-0.12902262227894992,0.12902262227894992,0.4595796194203607,2.2435480712624676e-18,909.7269157632107,909.7269157632107,1010.0270311475747,1010.0270311475747,-0.5,-0.5,-0.5,-0.5
1,399,8,after_integrate,0.3990000000000003,0.3980000000000003,0.001,0,0,0.5,0.0,0.0,,0.26145781892567893,-8.078616780717142e-18,3.0869344069499086e-16,1.850358492520783e-15,0.0,0.0,5.2937474434039515,0.26070791582979774,-1.5738177548818855e-16,165.2170877975918,165.21708779759177,146.86254927676208,146.86254927676214,-0.12940267223240184,0.12940267223238927,0.45963658697969645,-4.894499368835755e-17,908.5028549366641,908.5028549366641,1009.258427963573,1009.258427963573,-0.5,-0.5,-0.5,-0.5
1,400,8,after_integrate,0.4000000000000003,0.3990000000000003,0.001,0,0,0.5,0.0,0.0,,0.26296073052485713,-8.113405416869248e-18,3.106081128643318e-16,1.850683974504593e-15,0.0,0.0,5.3099830071913585,0.26220875717128783,-1.586360081249586e-16,165.53278262865254,165.53278262865248,147.077551429362,147.07755142936202,-0.1297796489763217,0.12977964897633432,0.45969345883959223,2.535817900103339e-17,907.3151065636205,907.3151065636205,1008.518339621349,1008.518339621349,-0.5,-0.5,-0.5,-0.5
1,401,9,after_integrate,0.4010000000000003,0.4000000000000003,0.001,0,0,0.5,0.0,0.0,,0.26446778301171087,-8.14778662626203e-18,3.1252357542788136e-16,1.867749771944186e-15,0.0,0.0,5.326220392464581,0.2637137391542961,-1.5887784472900074e-16,165.84505134607656,165.84505134607653,147.29049446998562,147.29049446998565,-0.13015353803174046,0.13015353803172786,0.459750169574894,-4.945855954625173e-17,906.1635092239204,906.1635092239204,1007.8066351700884,1007.8066351700884,-0.5,-0.5,-0.5,-0.5
1,402,9,after_integrate,0.4020000000000003,0.4010000000000003,0.001,0,0,0.5,0.0,0.0,,0.2659789769144421,-8.183173935043902e-18,3.144528926992639e-16,1.8546476331808914e-15,0.0,0.0,5.342459595077313,0.26522286228308856,-1.6024843531634304e-16,166.1539758162495,166.15397581624944,147.50146731140453,147.50146731140455,-0.1305243254012019,0.1305243254011893,0.4598066512255302,-4.8254566341472076e-17,905.0478846684257,905.0478846684257,1007.1231657743796,1007.1231657743796,-0.5,-0.5,-0.5,-0.5
1,403,9,after_integrate,0.4030000000000003,0.4020000000000003,0.001,0,0,0.5,0.0,0.0,,0.26749431280878205,-8.21909375580606e-18,3.1637358012761383e-16,1.8897487458791463e-15,0.0,0.0,5.35870060847567,0.2667361271096867,-1.6241584246234115e-16,166.4596376392539,166.4596376392539,147.71055891655013,147.71055891655016,-0.13089199757161019,0.13089199757159758,0.4598628332977474,-4.6951912913990035e-17,903.968038088595,903.968038088595,1006.4677648972552,1006.4677648972552,-0.5,-0.5,-0.5,-0.5
1,404,9,after_integrate,0.4040000000000003,0.4030000000000003,0.001,0,0,0.5,0.0,0.0,,0.26901379131749426,-8.255328581391636e-18,3.1832296225429953e-16,1.843248910621897e-15,0.0,0.0,5.374943423606515,0.2682535342334,-1.638549403271712e-16,166.76211810736172,166.76211810736172,147.91785827423467,147.9178582742347,-0.1312565415166084,0.1312565415166084,0.4599186427876831,6.234242597562039e-19,902.923758401072,902.923758401072,1005.8402484994676,1005.8402484994676,-0.5,-0.5,-0.5,-0.5
1,405,9,after_integrate,0.4050000000000003,0.4040000000000003,0.001,0,0,0.5,0.0,0.0,,0.27053741310981855,-8.291041599725904e-18,3.202255094718008e-16,1.9555272350349e-15,0.0,0.0,5.391188028826732,0.2697750843002997,-1.6328568425112221e-16,167.06149816413895,167.06149816413895,148.12345437517448,148.1234543751745,-0.13161794469875213,0.1316179446987647,0.45997400422775503,4.521682939476918e-20,901.9148185463525,901.9148185463525,1005.2404152548747,1005.2404152548747,-0.5,-0.5,-0.5,-0.5
1,406,9,after_integrate,0.4060000000000003,0.4050000000000003,0.001,0,0,0.5,0.0,0.0,,0.27206517890085613,-8.325476928793071e-18,3.2224665457191627e-16,1.907450270136961e-15,0.0,0.0,5.407434409814297,0.271300778002633,-1.634763894464641e-16,167.3578583642051,167.3578583642051,148.32743618814212,148.32743618814214,-0.1319761950713275,0.1319761950713275,0.4600288397560941,1.3207361226305216e-18,900.9409758005954,900.9409758005954,1004.6680467817997,1004.6680467817997,-0.5,-0.5,-0.5,-0.5
1,407,9,after_integrate,0.4070000000000003,0.4060000000000003,0.001,0,0,0.5,0.0,0.0,,0.27359708945089534,-8.360877737970219e-18,3.2421185368231555e-16,1.9010524587157573e-15,0.0,0.0,5.4236825494819785,0.27283061607817916,-1.6448222226610738e-16,167.6512788336849,167.6512788336849,148.52989263607137,148.5298926360714,-0.1323312810799282,0.13233128107994083,0.4600830692091861,-9.536722361322373e-19,900.0019720997254,900.0019720997254,1004.122907890265,1004.122907890265,-0.5,-0.5,-0.5,-0.5
1,408,9,after_integrate,0.4080000000000003,0.4070000000000003,0.001,0,0,0.5,0.0,0.0,,0.2751331455646797,-8.39730272518646e-18,3.2617934103605055e-16,1.9301275559801405e-15,0.0,0.0,5.439932427894502,0.2743645993095454,-1.646950452724559e-16,167.9418392313905,167.9418392313905,148.73091257194017,148.73091257194022,-0.13268319166380363,0.13268319166379103,0.4601366102375255,-1.742532865606411e-17,899.0975343750167,899.0975343750167,1003.6047468450215,1003.6047468450215,-0.5,-0.5,-0.5,-0.5
1,409,9,after_integrate,0.4090000000000003,0.4080000000000003,0.001,0,0,0.5,0.0,0.0,,0.27667334809061905,-8.433208347771091e-18,3.2815649574064743e-16,1.9144752638240257e-15,0.0,0.0,5.456184022190034,0.275902728523407,-1.6504927531668133e-16,168.22961871076959,168.22961871076959,148.93058475425855,148.9305847542586,-0.13303191625676586,0.13303191625676586,0.4601893784439556,-2.5094918660717758e-17,898.2273748994494,898.2273748994494,1003.1132956443302,1003.1132956443302,-0.5,-0.5,-0.5,-0.5
1,410,9,after_integrate,0.4100000000000003,0.4090000000000003,0.001,0,0,0.5,0.0,0.0,,0.2782176979199452,-8.468956576241668e-18,3.3013515221894184e-16,1.9760480514309552e-15,0.0,0.0,5.472437306506785,0.2774450045896902,-1.6633743827713794e-16,168.51469588265292,168.51469588265292,149.12899782199386,149.12899782199392,-0.1333774447881088,0.1333774447880962,0.4602412875441711,-4.9313532280831926e-17,897.3911916441438,897.3911916441438,1002.6482703144317,1002.6482703144317,-0.5,-0.5,-0.5,-0.5
1,411,9,after_integrate,0.4110000000000003,0.4100000000000003,0.001,0,0,0.5,0.0,0.0,,0.2797661959858147,-8.504107160850523e-18,3.321684151073088e-16,1.9768324793478216e-15,0.0,0.0,5.4886922519155545,0.2789914284207011,-1.6758617911496524e-16,168.7971487788349,168.7971487788349,149.32624026877085,149.3262402687709,-0.13371976768293695,0.13371976768294955,0.4602922495485443,-1.9694022667135823e-18,896.5886686442934,896.5886686442934,1002.2093712196959,1002.2093712196959,-0.5,-0.5,-0.5,-0.5
1,412,9,after_integrate,0.4120000000000003,0.4110000000000003,0.001,0,0,0.5,0.0,0.0,,0.28131884326236095,-8.538887047277437e-18,3.3420962935723907e-16,1.9528015008025853e-15,0.0,0.0,5.50494882635896,0.2805420009702031,-1.6731221147182692e-16,169.07705481651743,169.07705481651743,149.52240041619416,149.5224004161942,-0.134058875862571,0.13405887586255844,0.46034217496431507,-1.7897535613914854e-17,895.81947637405,895.81947637405,1001.7962833884047,1001.7962833884047,-0.5,-0.5,-0.5,-0.5
1,413,9,after_integrate,0.4130000000000003,0.4120000000000003,0.001,0,0,0.5,0.0,0.0,,0.282875640763699,-8.574749371263757e-18,3.362115912369477e-16,1.9535062363872205e-15,0.0,0.0,5.521206994598094,0.2820967232324446,-1.7015500288523093e-16,169.35449076364736,169.35449076364736,149.7175663861499,149.71756638614997,-0.13439476074436427,0.1343947607443769,0.4603909730169201,-7.721475931214746e-18,895.0832721298764,895.0832721298764,1001.4086768541292,1001.4086768541292,-0.5,-0.5,-0.5,-0.5
1,414,9,after_integrate,0.4140000000000003,0.4130000000000003,0.001,0,0,0.5,0.0,0.0,,0.28443658954288537,-8.611249491143968e-18,3.3822980852929443e-16,1.964835186582192e-15,0.0,0.0,5.537466718167316,0.283655596241141,-1.6945564664327166e-16,169.62953270517502,169.62953270517502,149.91182607195637,149.9118260719564,-0.13472741424166249,0.13472741424166249,0.4604385518890445,-2.291028592196659e-17,894.3797004219173,894.3797004219173,1001.0462070126148,1001.0462070126148,-0.5,-0.5,-0.5,-0.5
1,415,9,after_integrate,0.4150000000000003,0.4140000000000003,0.001,0,0,0.5,0.0,0.0,,0.28600169069083875,-8.645685703000819e-18,3.403005925192831e-16,2.062014903189081e-15,0.0,0.0,5.553727955337747,0.28521862106841495,-1.7108009416770295e-16,169.90225601026214,169.90225601026214,150.10526710824647,150.1052671082465,-0.13505682876318773,0.13505682876318773,0.4604848189757633,-2.2764310540430582e-17,893.7083933730114,893.7083933730114,1000.7085149940951,1000.7085149940951,-0.5,-0.5,-0.5,-0.5
1,416,9,after_integrate,0.4160000000000003,0.4150000000000003,0.001,0,0,0.5,0.0,0.0,,0.28757094533522326,-8.680353976344733e-18,3.424105259614579e-16,2.061984873069432e-15,0.0,0.0,5.569990661090116,0.2867857988236968,-1.722988756561004e-16,170.17273530046302,170.17273530046302,150.29797683948192,150.29797683948195,-0.13538299721242952,0.13538299721244215,0.4605296811540185,-1.2390532327258713e-18,893.0689711249701,893.0689711249701,1000.3952280508773,1000.3952280508773,-0.5,-0.5,-0.5,-0.5
1,417,9,after_integrate,0.4170000000000003,0.4160000000000003,0.001,0,0,0.5,0.0,0.0,,0.28914435463930027,-8.714230223999923e-18,3.4453892899735367e-16,2.0947111113095965e-15,0.0,0.0,5.586254787097387,0.2883571306525927,-1.7203725386504189e-16,170.44104441890426,170.44104441890426,150.49004228701455,150.49004228701457,-0.13570591298676637,0.13570591298676637,0.4605730450644522,-2.3411488705429613e-17,892.4610422517692,892.4610422517692,1000.1059599599814,1000.1059599599814,-0.5,-0.5,-0.5,-0.5
1,418,9,after_integrate,0.4180000000000003,0.4170000000000003,0.001,0,0,0.5,0.0,0.0,,0.29072191980075346,-8.748427621097423e-18,3.466885351163762e-16,2.110072316742141e-15,0.0,0.0,5.6025202817176645,0.2899326177357218,-1.7329019940024618e-16,170.7072564004843,170.7072564004843,150.68155011462852,150.68155011462855,-0.13602556997632986,0.13602556997632986,0.4606148174035052,2.036688264812434e-18,891.884204179374,891.884204179374,999.8403114406182,999.8403114406182,-0.5,-0.5,-0.5,-0.5
1,419,9,after_integrate,0.4190000000000003,0.4180000000000003,0.001,0,0,0.5,0.0,0.0,,0.2923036420504912,-8.783290358152452e-18,3.48848703329571e-16,2.1039126079952534e-15,0.0,0.0,5.618787089997659,0.29151226128752944,-1.7284152590389e-16,170.97144344311542,170.97144344311542,150.87258659251725,150.87258659251728,-0.13634196256277875,0.13634196256277875,0.4606549052235903,-2.2540501648387824e-17,891.3380436118593,891.3380436118593,999.5978705861444,999.5978705861444,-0.5,-0.5,-0.5,-0.5
1,420,9,after_integrate,0.4200000000000003,0.4190000000000003,0.001,0,0,0.5,0.0,0.0,,0.2938895226514321,-8.818788845665657e-18,3.510126698573692e-16,2.1241155640383512e-15,0.0,0.0,5.635055153687056,0.29309606255508047,-1.7540804058010162e-16,171.23367688002543,171.23367688002543,151.06323755966767,151.06323755966773,-0.13665508561783107,0.13665508561783107,0.4606932162389949,-2.59119365270242e-17,890.8221369635382,890.8221369635382,999.3782133101138,999.3782133101138,-0.5,-0.5,-0.5,-0.5
1,421,9,after_integrate,0.4210000000000003,0.4200000000000003,0.001,0,0,0.5,0.0,0.0,,0.29547956289727867,-8.854394869486466e-18,3.5319231690913594e-16,2.1359998763441938e-15,0.0,0.0,5.65132441126391,0.29468402281683864,-1.7550846660982485e-16,171.49402715313917,171.49402715313917,151.2535883846451,151.25358838464513,-0.13696493450163216,0.13696493450163216,0.4607296591352034,3.209586263020258e-19,890.3360507968077,890.3360507968077,999.1809038059639,999.1809038059639,-0.5,-0.5,-0.5,-0.5
1,422,9,after_integrate,0.4220000000000003,0.4210000000000003,0.001,0,0,0.5,0.0,0.0,,0.29707376411128483,-8.88900296687333e-18,3.553773514787082e-16,2.1354208507628925e-15,0.0,0.0,5.66759479797121,0.2962761433814357,-1.7563265718087559e-16,171.75256378755384,171.75256378755384,151.4437239247929,151.44372392479292,-0.13727150506098373,0.13727150506098373,0.46076414387916076,-1.5319594470378589e-19,889.8793422653962,889.8793422653962,999.005495019771,999.005495019771,-0.5,-0.5,-0.5,-0.5
1,423,9,after_integrate,0.4230000000000003,0.4220000000000003,0.001,0,0,0.5,0.0,0.0,,0.2986721276450214,-8.923499681003381e-18,3.57563868935834e-16,2.151403763377012e-15,0.0,0.0,5.683866245864609,0.2978724255864382,-1.762499851756646e-16,172.00935536712396,172.00935536712396,151.63372848388167,151.6337284838817,-0.13757479362741057,0.13757479362741057,0.4607965820281012,-2.4403532042120197e-17,889.4515595627065,889.4515595627065,998.8515291354615,998.8515291354615,-0.5,-0.5,-0.5,-0.5
1,424,9,after_integrate,0.4240000000000003,0.4230000000000003,0.001,0,0,0.5,0.0,0.0,,0.30027465487714633,-8.956954689545757e-18,3.597695961820078e-16,2.162193627997984e-15,0.0,0.0,5.700138683871222,0.2994728707971137,-1.7725661384525206e-16,172.26446951116824,172.26446951116824,151.82368576826315,151.82368576826318,-0.13787479701506652,0.13787479701507913,0.4608268870345295,2.0959479291554877e-17,889.0522423749218,889.0522423749218,998.7185380717675,998.7185380717675,-0.5,-0.5,-0.5,-0.5
1,425,9,after_integrate,0.4250000000000003,0.4240000000000003,0.001,0,0,0.5,0.0,0.0,,0.3018813472121837,-8.991440700394674e-18,3.619362288635785e-16,2.0946221709515052e-15,0.0,0.0,5.716412037859378,0.3010774804052056,-1.774420255914684e-16,172.51797285230896,172.51797285230896,152.01367884160317,152.0136788416032,-0.1381715125185786,0.1381715125185912,0.4608549745449733,-3.9758653693419556e-18,888.680921830246,888.680921830246,998.606043481864,998.606043481864,-0.5,-0.5,-0.5,-0.5
1,426,9,after_integrate,0.4260000000000003,0.4250000000000003,0.001,0,0,0.5,0.0,0.0,,0.30349220607931643,-9.025515455291955e-18,3.6409774627530114e-16,2.116648946734121e-15,0.0,0.0,5.732686230719017,0.3026862558277182,-1.7597110199427718e-16,172.76993101146346,172.76993101146346,152.2037900742882,152.20379007428824,-0.13846493791063186,0.1384649379106445,0.4608807626902404,-5.1098215024916e-18,888.3371203157517,888.3371203157517,998.5135566267178,998.5135566267178,-0.5,-0.5,-0.5,-0.5
1,427,9,after_integrate,0.4270000000000003,0.4260000000000003,0.001,0,0,0.5,0.0,0.0,,0.3051072329311971,-9.05943263974517e-18,3.6626699628232824e-16,2.0721539154997426e-15,0.0,0.0,5.748961182452451,0.30429919850571735,-1.7665278900330483e-16,173.0204085798523,173.0204085798523,152.39410109750196,152.394101097502,-0.13875507143955668,0.13875507143955668,0.46090417236499454,-5.032780531178512e-18,888.020354330682,888.020354330682,998.440581290354,998.440581290354,-0.5,-0.5,-0.5,-0.5
1,428,9,after_integrate,0.4280000000000003,0.4270000000000003,0.001,0,0,0.5,0.0,0.0,,0.3067264292427834,-9.095296501240406e-18,3.6833187896934274e-16,2.04974850388886e-15,0.0,0.0,5.765236810275045,0.30591630990315355,-1.7769553949315164e-16,173.2694691009457,173.26946910094566,152.5846927549965,152.58469275499655,-0.13904191182668355,0.13904191182669617,0.4609251274945757,2.5243845560288368e-17,887.7301336632884,887.7301336632884,998.3866130236372,998.3866130236372,-0.5,-0.5,-0.5,-0.5
1,429,9,after_integrate,0.4290000000000003,0.4280000000000003,0.001,0,0,0.5,0.0,0.0,,0.3083497965101996,-9.129380549555887e-18,3.704435619027493e-16,2.0580435041402627e-15,0.0,0.0,5.7815130287253576,0.30753759150570986,-1.775473328357482e-16,173.51717505342492,173.51717505342492,152.7756450537803,152.77564505378035,-0.13932545826376624,0.13932545826376624,0.4609435552871281,4.224298997714776e-18,887.4659620632976,887.4659620632976,998.3511398880498,998.3511398880498,-0.5,-0.5,-0.5,-0.5
1,430,9,after_integrate,0.4300000000000003,0.4290000000000003,0.001,0,0,0.5,0.0,0.0,,0.3099773362496304,-9.16327955021503e-18,3.7254855080435455e-16,2.0625241739852175e-15,0.0,0.0,5.797789749784186,0.30916304481967866,-1.7623915520235762e-16,173.76358783501107,173.76358783501107,152.96703711373186,152.96703711373192,-0.1396057104100836,0.13960571041007097,0.4609593864693155,-4.9438312221135923e-17,887.2273376856546,887.2273376856546,998.3336429744916,998.3336429744913,-0.5,-0.5,-0.5,-0.5
1,431,9,after_integrate,0.4310000000000003,0.4300000000000003,0.001,0,0,0.5,0.0,0.0,,0.3116090499962492,-9.19553350334018e-18,3.746616066809269e-16,2.0839594509477175e-15,0.0,0.0,5.814066883008554,0.31079267137087313,-1.7870656923011497e-16,174.00876774747286,174.00876774747286,153.1589471166231,153.15894711662318,-0.1398826683895602,0.1398826683895602,0.4609725555040317,-1.447004886832312e-19,887.0137535277894,887.0137535277894,998.3335969187182,998.333596918718,-0.5,-0.5,-0.5,-0.5
1,432,9,after_integrate,0.43200000000000033,0.4310000000000003,0.001,0,0,0.5,0.0,0.0,,0.3132449393031835,-9.228022907372708e-18,3.767899560881458e-16,2.079028971352736e-15,0.0,0.0,5.8303443411358264,0.31242647270357243,-1.7965785299657336e-16,174.25277398395647,174.25277398395647,153.35145225602665,153.3514522560267,-0.14015633278783168,0.14015633278783168,0.4609830007851763,1.1570802689964318e-18,886.8246978703328,886.8246978703328,998.3504704221069,998.3504704221067,-0.5,-0.5,-0.5,-0.5
1,433,9,after_integrate,0.43300000000000033,0.43200000000000033,0.001,0,0,0.5,0.0,0.0,,0.31488500574078604,-9.260296459152911e-18,3.789128903231071e-16,2.0893453585462753e-15,0.0,0.0,5.84662203353744,0.3140644503795652,-1.7886696867003225e-16,174.49566462661582,174.49566462661582,153.54462869740786,153.54462869740792,-0.14042670464971432,0.14042670464972695,0.4609906646949278,-2.6342943507539123e-18,886.6596546548606,886.6596546548606,998.3837267062157,998.3837267062155,-0.5,-0.5,-0.5,-0.5
1,434,9,after_integrate,0.43400000000000033,0.43300000000000033,0.001,0,0,0.5,0.0,0.0,,0.3165292508961276,-9.291454711537446e-18,3.810561949446558e-16,2.102571580547258e-15,0.0,0.0,5.862899862544239,0.31570660597771966,-1.7876730367297445e-16,174.73749662139514,174.73749662139514,153.73855151359749,153.73855151359754,-0.14069378547707467,0.14069378547707467,0.46099549358772185,-2.359087963158363e-18,886.5181040559853,886.5181040559853,998.4328241652856,998.4328241652854,-0.5,-0.5,-0.5,-0.5
1,435,9,after_integrate,0.43500000000000033,0.43400000000000033,0.001,0,0,0.5,0.0,0.0,,0.3181776763718325,-9.322152560804536e-18,3.831997899075341e-16,2.1063090934942265e-15,0.0,0.0,5.879177728656368,0.3173529410929757,-1.8065443888015857e-16,174.97832576817305,174.97832576817305,153.93329463621228,153.93329463621234,-0.1409575772247669,0.14095757722475433,0.4609974380343475,-2.3065954050655247e-17,886.3995229376194,886.3995229376194,998.4972168973364,998.4972168973362,-0.5,-0.5,-0.5,-0.5
1,436,9,after_integrate,0.43600000000000033,0.43500000000000033,0.001,0,0,0.5,0.0,0.0,,0.3198302837852028,-9.352879556847608e-18,3.8534400938846786e-16,2.113886107875482e-15,0.0,0.0,5.895455530692784,0.3190034573354073,-1.8047136903333867e-16,175.2182067112735,175.2182067112735,154.12893080592232,154.1289308059224,-0.14121808229722546,0.14121808229721283,0.4609964529390358,-2.043761336671343e-17,886.3033853208125,886.3033853208125,998.5763552499358,998.5763552499355,-0.5,-0.5,-0.5,-0.5
1,437,9,after_integrate,0.43700000000000033,0.43600000000000033,0.001,0,0,0.5,0.0,0.0,,0.321487074767348,-9.383548977523604e-18,3.87497388933157e-16,2.1058271557706207e-15,0.0,0.0,5.911733165943085,0.3206581563293302,-1.8213479393654912e-16,175.45719293098006,175.45719293098006,154.3255315230542,154.32553152305428,-0.14147530354481508,0.14147530354481508,0.4609924976505218,-3.102803969327687e-17,886.2291628524263,886.2291628524263,998.6696863667663,998.6696863667661,-0.5,-0.5,-0.5,-0.5
1,438,9,after_integrate,0.43800000000000033,0.43700000000000033,0.001,0,0,0.5,0.0,0.0,,0.3231480509623525,-9.414753620972512e-18,3.8965715855629114e-16,2.1290066435523543e-15,0.0,0.0,5.928010530325367,0.3223170397124453,-1.8191200818330078e-16,175.69533673636408,175.69533673636408,154.5231669989373,154.52316699893737,-0.14172924426007308,0.14172924426007308,0.4609855360535584,-3.23925137436774e-18,886.1763252713419,886.1763252713419,998.776654731616,998.7766547316157,-0.5,-0.5,-0.5,-0.5
1,439,9,after_integrate,0.43900000000000033,0.43800000000000033,0.001,0,0,0.5,0.0,0.0,,0.3248132140264903,-9.445857195898198e-18,3.9177174216490026e-16,2.0531015624713765e-15,0.0,0.0,5.944287518547145,0.32398010913503017,-1.8278953862211297e-16,175.9326892592182,175.9326892592182,154.72190610797028,154.72190610797037,-0.14197990817382078,0.14197990817382078,0.4609755366371941,-2.5820345602147167e-17,886.1443408727163,886.1443408727163,998.8967027099077,998.8967027099075,-0.5,-0.5,-0.5,-0.5
1,440,9,after_integrate,0.44000000000000034,0.43900000000000033,0.001,0,0,0.5,0.0,0.0,,0.3264825656274865,-9.477705087143873e-18,3.9388196072430654e-16,2.0703412796874795e-15,0.0,0.0,5.960564024268492,0.3256473662591765,-1.849070809338047e-16,176.16930044908497,176.16930044908497,154.92181634060765,154.9218163406077,-0.14222729945127027,0.1422272994512829,0.4609624725400321,2.5198922577236642e-18,886.1326769692694,886.1326769692694,999.0292710862868,999.0292710862866,-0.5,-0.5,-0.5,-0.5
1,441,9,after_integrate,0.44100000000000034,0.44000000000000034,0.001,0,0,0.5,0.0,0.0,,0.3281561074438249,-9.50804407646534e-18,3.960491393472311e-16,2.1629651553857232e-15,0.0,0.0,5.976839940266586,0.32731881275807545,-1.839181743758754e-16,176.40521906936797,176.40521906936797,155.12296375746644,155.12296375746652,-0.1424714226879996,0.1424714226879996,0.460946321572819,2.0651004212335506e-18,886.1408003487029,886.1408003487029,999.1737995969256,999.1737995969254,-0.5,-0.5,-0.5,-0.5
1,442,9,after_integrate,0.44200000000000034,0.44100000000000034,0.001,0,0,0.5,0.0,0.0,,0.3298338411641004,-9.536978207395491e-18,3.982383467420551e-16,2.153583251337396e-15,0.0,0.0,5.993115158600841,0.3289944503153474,-1.8561577091265687e-16,176.64049269451158,176.64049269451158,155.3254129447448,155.32541294474487,-0.1427122829057706,0.1427122829057706,0.46092706621899693,2.523577920894651e-18,886.1681777263879,886.1681777263879,999.3297274552899,999.3297274552897,-0.5,-0.5,-0.5,-0.5
1,443,9,after_integrate,0.44300000000000034,0.44200000000000034,0.001,0,0,0.5,0.0,0.0,,0.3315157684864156,-9.565915548369923e-18,4.0042967839138367e-16,2.1724315859486863e-15,0.0,0.0,6.009389570777853,0.33067428062441656,-1.8522512683970116e-16,176.8751677082335,176.8751677082335,155.52922697113482,155.5292269711349,-0.14294988554837892,0.14294988554839155,0.4609046936139659,-2.0017891322711876e-18,886.2142761925596,886.2142761925596,999.4964938702668,999.4964938702666,-0.5,-0.5,-0.5,-0.5
1,444,9,after_integrate,0.44400000000000034,0.44300000000000034,0.001,0,0,0.5,0.0,0.0,,0.3332018911178181,-9.595260026783043e-18,4.026465526369249e-16,2.184389486774269e-15,0.0,0.0,6.02566306791539,0.3323583053879285,-1.8614061696104048e-16,177.10928930279377,177.10928930279377,155.73446734640262,155.7344673464027,-0.14318423647728298,0.14318423647727038,0.4608791955040371,-5.181717492512002e-17,886.2785636532735,886.2785636532735,999.6735385556196,999.6735385556194,-0.5,-0.5,-0.5,-0.5
1,445,9,after_integrate,0.44500000000000034,0.44400000000000034,0.001,0,0,0.5,0.0,0.0,,0.3348922107737785,-9.62388239773609e-18,4.048719198736284e-16,2.1845277843742156e-15,0.0,0.0,6.041935540904729,0.33404652631720777,-1.870729384705319e-16,177.34290147928206,177.34290147928206,155.9411939817952,155.9411939817953,-0.14341534196714964,0.14341534196714964,0.4608505681861505,-2.6450519228512837e-17,886.3605092643982,886.3605092643982,999.8603022298236,999.8603022298233,-0.5,-0.5,-0.5,-0.5
1,446,9,after_integrate,0.44600000000000034,0.44500000000000034,0.001,0,0,0.5,0.0,0.0,,0.3365867291777051,-9.653040759519902e-18,4.070962347082674e-16,2.2130758990619466e-15,0.0,0.0,6.058206880570622,0.3357389451317545,-1.884210961585881e-16,177.5760470489047,177.5760470489047,156.1494651524222,156.14946515242227,-0.14364320870136757,0.14364320870136757,0.4608188124296319,3.2851930361920412e-18,886.4595838579744,886.4595838579744,1000.0562271054266,1000.0562271054264,-0.5,-0.5,-0.5,-0.5
1,447,9,after_integrate,0.44700000000000034,0.44600000000000034,0.001,0,0,0.5,0.0,0.0,,0.3382854480604936,-9.681545460804542e-18,4.0934446787028164e-16,2.210837288017823e-15,0.0,0.0,6.074476977828318,0.33743556355877735,-1.8920648922820668e-16,177.8087676352515,177.8087676352515,156.35933746174624,156.3593374617463,-0.1438678437673641,0.1438678437673641,0.46078393338127677,-3.034639545787787e-17,886.5752603602925,886.5752603602925,1000.2607573671811,1000.2607573671809,-0.5,-0.5,-0.5,-0.5
1,448,9,after_integrate,0.44800000000000034,0.44700000000000034,0.001,0,0,0.5,0.0,0.0,,0.33998836916010877,-9.710513941123729e-18,4.115469376534302e-16,2.1499594227267222e-15,0.0,0.0,6.090745723836994,0.339136383332759,-1.8994621874053394e-16,178.0411036775214,178.0411036775214,156.57086580830045,156.57086580830054,-0.14408925465178646,0.14408925465179911,0.4607459404552738,3.1226659335413063e-17,886.7070142010466,886.7070142010466,1000.4733396382313,1000.4733396382311,-0.5,-0.5,-0.5,-0.5
1,449,9,after_integrate,0.44900000000000034,0.44800000000000034,0.001,0,0,0.5,0.0,0.0,,0.3416954942211954,-9.739272245465133e-18,4.1374233544321106e-16,2.1590703698159463e-15,0.0,0.0,6.107013010149111,0.3408414061950528,-1.896473371374295e-16,178.27309443468616,178.27309443468616,156.78410335473748,156.78410335473754,-0.1443074492357256,0.14430744923571298,0.4607048472094327,-4.641767512509965e-17,886.8543237129907,886.8543237129907,1000.6934234337833,1000.6934234337831,-0.5,-0.5,-0.5,-0.5
1,450,9,after_integrate,0.45000000000000034,0.44900000000000034,0.001,0,0,0.5,0.0,0.0,,0.343406824994715,-9.768914778135589e-18,4.158864386645982e-16,2.085948102307797e-15,0.0,0.0,6.1232787288552135,0.3425506338935077,-1.9150814220124863e-16,178.50477799056898,178.504777990569,156.99910149929775,156.9991014992978,-0.1445224357895275,0.14452243578951487,0.4606606712093368,-2.200661773005145e-17,887.0166705214983,887.0166705214983,1000.920461601687,1000.9204616016867,-0.5,-0.5,-0.5,-0.5
1,451,10,after_integrate,0.45100000000000035,0.45000000000000034,0.001,0,0,0.5,0.0,0.0,,0.34512236323760653,-9.799851899380537e-18,4.180111103028053e-16,2.081991923943496e-15,0.0,0.0,6.13954277272373,0.3442640681821166,-1.910777601077761e-16,178.73619125981608,178.7361912598161,157.21590984976956,157.21590984976962,-0.1447342229678215,0.1447342229678215,0.4606134338819699,-2.1784137065167695e-17,887.1935399235333,887.1935399235333,1001.1539107495405,1001.1539107495403,-0.5,-0.5,-0.5,-0.5
1,452,10,after_integrate,0.45200000000000035,0.45100000000000035,0.001,0,0,0.5,0.0,0.0,,0.3468421107124663,-9.830185878258971e-18,4.201296132592251e-16,2.0889536664967968e-15,0.0,0.0,6.15580503533545,0.34598171082068707,-1.9210960825698942e-16,178.9673699947363,178.96736999473632,157.434576199997,157.43457619999705,-0.1449428198041873,0.1449428198041873,0.46056316036051825,-2.5587131858998362e-17,887.3844212555146,887.3844212555146,1001.3932316579247,1001.3932316579245,-0.5,-0.5,-0.5,-0.5
1,453,10,after_integrate,0.45300000000000035,0.45200000000000035,0.001,0,0,0.5,0.0,0.0,,0.34856606918724564,-9.86070690503024e-18,4.222570646106139e-16,2.101001738655474e-15,0.0,0.0,6.172065411212366,0.34770356357453125,-1.9424680744535342e-16,179.1983487929859,179.19834879298594,157.65514650897634,157.6551465089764,-0.1451482357057476,0.14514823570576021,0.46050987932188087,2.7363332719766855e-17,887.588808249602,887.588808249602,1001.6378896794822,1001.637889679482,-0.5,-0.5,-0.5,-0.5
1,454,10,after_integrate,0.45400000000000035,0.45300000000000035,0.001,0,0,0.5,0.0,0.0,,0.35029424043496266,-9.889677731801375e-18,4.243894513995468e-16,2.1137343290736187e-15,0.0,0.0,6.1883237959406205,0.34942962821416984,-1.9284831463425746e-16,179.42916110607283,179.42916110607285,157.87766488256577,157.87766488256585,-0.14535048044772717,0.14535048044772717,0.46045362281858215,-2.2245726209587285e-17,887.8061993780341,887.8061993780341,1001.8873551236724,1001.8873551236721,-0.5,-0.5,-0.5,-0.5
1,455,10,after_integrate,0.45500000000000035,0.45400000000000035,0.001,0,0,0.5,0.0,0.0,,0.3520266262334252,-9.917753680690311e-18,4.2653846277206127e-16,2.1277898526377026e-15,0.0,0.0,6.2045800862874065,0.3511599065150507,-1.9338568091088555e-16,179.659839248655,179.65983924865506,158.1021735578181,158.10217355781816,-0.1455495641676986,0.1455495641676986,0.4603944261065662,-2.5767697617023912e-17,888.0360981850622,888.0360981850622,1002.1411036270106,1002.1411036270104,-0.5,-0.5,-0.5,-0.5
1,456,10,after_integrate,0.45600000000000035,0.45500000000000035,0.001,0,0,0.5,0.0,0.0,,0.35376322836496227,-9.944745134027635e-18,4.287030196311517e-16,2.1467997096947666e-15,0.0,0.0,6.220834180311674,0.35289440025727586,-1.9582869057154085e-16,179.89041440860808,179.8904144086081,158.32871288993147,158.32871288993152,-0.14574549735993225,0.14574549735993225,0.46033232747042163,5.396630212929873e-18,888.2780136062418,888.2780136062418,1002.3986165088191,1002.3986165088189,-0.5,-0.5,-0.5,-0.5
1,457,10,after_integrate,0.45700000000000035,0.45600000000000035,0.001,0,0,0.5,0.0,0.0,,0.3555040486161622,-9.9720271469296e-18,4.308783980055717e-16,2.1480793305918615e-15,0.0,0.0,6.23708597746856,0.3546331112253372,-1.9636617687124e-16,180.12091665783416,180.12091665783421,158.55732134180016,158.55732134180025,-0.1459382908694586,0.1459382908694586,0.4602673680474828,-2.4569306285673855e-17,888.5314602747051,888.5314602747051,1002.6593811124218,1002.6593811124216,-0.5,-0.5,-0.5,-0.5
1,458,10,after_integrate,0.45800000000000035,0.45700000000000035,0.001,0,0,0.5,0.0,0.0,,0.3572490887776132,-9.999022346757338e-18,4.3306075787706826e-16,2.1192641587655113e-15,0.0,0.0,6.253335378707548,0.3563760412078552,-1.9638028743948963e-16,180.35137496378715,180.3513749637872,158.78803547613265,158.7880354761327,-0.14612795588604574,0.14612795588605834,0.4601995916521521,-3.756393013970588e-18,888.7959588141965,888.7959588141963,1002.9228911318804,1002.9228911318802,-0.5,-0.5,-0.5,-0.5
1,459,10,after_integrate,0.45900000000000035,0.45800000000000035,0.001,0,0,0.5,0.0,0.0,,0.35899835064364644,-1.0026754380248336e-17,4.352205113140891e-16,2.2036840812899446e-15,0.0,0.0,6.269582286564357,0.35812319199732207,-1.9726103304803862e-16,180.58181720168605,180.58181720168608,159.02088995009382,159.0208899500939,-0.1463145039381423,0.14631450393812967,0.4601290446017221,-2.1421409865441417e-17,889.0710361186756,889.0710361186756,1003.1886469244243,1003.1886469244241,-0.5,-0.5,-0.5,-0.5
1,460,10,after_integrate,0.46000000000000035,0.45900000000000035,0.001,0,0,0.5,0.0,0.0,,0.360751836012078,-1.0052816987036604e-17,4.3744371661747077e-16,2.1909130420847087e-15,0.0,0.0,6.285826605246628,0.35987456538984364,-1.982150942556216e-16,180.81227016738947,180.8122701673895,159.2559175124163,159.25591751241635,-0.1464979468864956,0.1464979468865082,0.4600557755448576,3.2138357566536932e-18,889.3562256183076,889.3562256183076,1003.4561558087299,1003.4561558087297,-0.5,-0.5,-0.5,-0.5
1,461,10,after_integrate,0.46100000000000035,0.46000000000000035,0.001,0,0,0.5,0.0,0.0,,0.3625095466839484,-1.007956930288499e-17,4.396706392256753e-16,2.2004487321523438e-15,0.0,0.0,6.302068240713562,0.361630163184881,-1.9710202710428843e-16,181.04275959090344,181.0427595909035,159.49314900291512,159.49314900291517,-0.1466782969179888,0.14667829691800144,0.45997983529383196,-4.2981344306455776e-19,889.651067531715,889.651067531715,1003.7249323492902,1003.7249323492899,-0.5,-0.5,-0.5,-0.5
1,462,10,after_integrate,0.46200000000000035,0.46100000000000035,0.001,0,0,0.5,0.0,0.0,,0.3642714844632579,-1.0103110015028274e-17,4.4195065558942523e-16,2.2983411523422187e-15,0.0,0.0,6.318307100749562,0.3633899871849876,-1.9755811377895489e-16,181.2733101504949,181.27331015049492,159.73261335433278,159.73261335433284,-0.1468555665390401,0.1468555665390401,0.4599012766614291,-2.32225196039764e-17,889.955109104425,889.955109104425,1003.9944986271522,1003.994498627152,-0.5,-0.5,-0.5,-0.5
1,463,10,after_integrate,0.46300000000000036,0.46200000000000035,0.001,0,0,0.5,0.0,0.0,,0.3660376511566971,-1.0127686336166149e-17,4.442678452300578e-16,2.2702816635164895e-15,0.0,0.0,6.334543095032195,0.36515403919554273,-1.9956902080141233e-16,181.50394548738205,181.50394548738208,159.97433759643187,159.97433759643195,-0.14702976856904557,0.14702976856903294,0.4598201543033685,-2.2343255503410877e-17,890.2679048334442,890.2679048334442,1004.2643844973147,1004.2643844973145,-0.5,-0.5,-0.5,-0.5
1,464,10,after_integrate,0.46400000000000036,0.46300000000000036,0.001,0,0,0.5,0.0,0.0,,0.36780804857337096,-1.01526578156097e-17,4.465573745942715e-16,2.2534998633112062e-15,0.0,0.0,6.350776135194559,0.36692232102447875,-2.0133239005077804e-16,181.734688220974,181.73468822097402,160.21834686224713,160.2183468622472,-0.14720091613380093,0.14720091613380093,0.459736524566956,-2.766984060301544e-17,890.5890166780138,890.5890166780138,1004.5341278331853,1004.534127833185,-0.5,-0.5,-0.5,-0.5
1,465,10,after_integrate,0.46500000000000036,0.46400000000000036,0.001,0,0,0.5,0.0,0.0,,0.36958267852451493,-1.0178608420367238e-17,4.488399186506429e-16,2.3356737381266227e-15,0.0,0.0,6.3670061348823515,0.36869483448200113,-2.0217648642735719e-16,181.9655599646305,181.96555996463053,160.46466439640298,160.464664396403,-0.1473690226587154,0.1473690226587154,0.4596504453465687,1.8174250604822127e-18,890.9180142564726,890.9180142564726,1004.8032747583543,1004.8032747583543,-0.5,-0.5,-0.5,-0.5
1,466,10,after_integrate,0.46600000000000036,0.46500000000000036,0.001,0,0,0.5,0.0,0.0,,0.37136154282320427,-1.0202113889175464e-17,4.511988239236867e-16,2.317999295604576e-15,0.0,0.0,6.383233009805888,0.3704715813803019,-2.0268155841791154e-16,182.1965813419136,182.19658134191363,160.7133115653981,160.71331156539813,-0.14753410186194374,0.14753410186195637,0.45956197594643544,-2.31314481599261e-19,891.2544750294276,891.2544750294276,1005.071379866208,1005.071379866208,-0.5,-0.5,-0.5,-0.5
1,467,10,after_integrate,0.46700000000000036,0.46600000000000036,0.001,0,0,0.5,0.0,0.0,,0.3731446432840547,-1.0226733255585124e-17,4.535521202225983e-16,2.3378250918167006e-15,0.0,0.0,6.399456677787337,0.3722525635332639,-2.0178957625418557e-16,182.42777200330212,182.42777200330218,160.9643078697556,160.96430786975563,-0.14769616774753744,0.14769616774753744,0.45947117695106743,2.3314286198445173e-18,891.5979844692306,891.5979844692306,1005.3380064276811,1005.3380064276811,-0.5,-0.5,-0.5,-0.5
1,468,10,after_integrate,0.46800000000000036,0.46700000000000036,0.001,0,0,0.5,0.0,0.0,,0.3749319817229145,-1.0250618196323003e-17,4.559099455590599e-16,2.3539992182129292e-15,0.0,0.0,6.415677058803422,0.37403778275615757,-2.022363103908261e-16,182.65915064334052,182.65915064334055,161.21767095793498,161.217670957935,-0.14785523459840183,0.14785523459840183,0.4593781101036024,-2.45643251620074e-17,891.9481362159187,891.9481362159187,1005.6027265875925,1005.6027265875925,-0.5,-0.5,-0.5,-0.5
1,469,10,after_integrate,0.46900000000000036,0.46800000000000036,0.001,0,0,0.5,0.0,0.0,,0.3767235599565484,-1.0274511896831217e-17,4.582891129214083e-16,2.3526022486582498e-15,0.0,0.0,6.43189407502394,0.3758272408653289,-2.0341283974225204e-16,182.89073501819317,182.8907350181932,161.47341664190157,161.47341664190162,-0.148011316969275,0.14801131696927497,0.45928283819231475,-2.6768310373659995e-17,892.3045322198095,892.3045322198095,1005.8651215500041,1005.8651215500041,-0.5,-0.5,-0.5,-0.5
1,470,10,after_integrate,0.47000000000000036,0.46900000000000036,0.001,0,0,0.5,0.0,0.0,,0.3785193798023143,-1.02982514211535e-17,4.606678591860635e-16,2.3290925965895923e-15,0.0,0.0,6.44810765084636,0.3776209396778796,-2.0436514038018152e-16,183.12254196253406,183.1225419625341,161.73155891435866,161.7315589143587,-0.1481644296797487,0.1481644296797487,0.4591854249504215,4.690920830745906e-18,892.6667828767733,892.6667828767733,1006.1247817543682,1006.1247817543682,-0.5,-0.5,-0.5,-0.5
1,471,10,after_integrate,0.47100000000000036,0.47000000000000036,0.001,0,0,0.5,0.0,0.0,,0.38031944307785404,-1.0322251028694269e-17,4.630167161263435e-16,2.3911656667113057e-15,0.0,0.0,6.464317712927143,0.3794188810113445,-2.0587725634011358e-16,183.35458739925576,183.3545873992558,161.99210996824434,161.99210996824436,-0.14831458781140994,0.14831458781140994,0.45908593496852984,-2.286571123350733e-17,893.0345071925826,893.0345071925826,1006.3813070509525,1006.3813070509525,-0.5,-0.5,-0.5,-0.5
1,472,10,after_integrate,0.47200000000000036,0.47100000000000036,0.001,0,0,0.5,0.0,0.0,,0.3821237516008243,-1.0345989815293947e-17,4.654321737088254e-16,2.388360552406485e-15,0.0,0.0,6.480524190210173,0.38122106668341,-2.058812010937549e-16,183.58688635675827,183.58688635675833,162.25508021682398,162.255080216824,-0.14846180671410525,0.14846180671411788,0.4589844336259584,2.9029846778409994e-17,893.4073328929162,893.4073328929162,1006.6343068558585,1006.6343068558585,-0.5,-0.5,-0.5,-0.5
1,473,10,after_integrate,0.47300000000000036,0.47200000000000036,0.001,0,0,0.5,0.0,0.0,,0.3839323071886059,-1.0371872303862786e-17,4.677368196005353e-16,2.129980451207362e-15,0.0,0.0,6.496727013952967,0.38302749851163176,-2.0776598777339168e-16,183.81945298917617,183.81945298917623,162.52047831470875,162.52047831470878,-0.1486061020091773,0.14860610200916466,0.45888098702996105,-4.7155577907330516e-17,893.7848965071584,893.7848965071581,1006.8834002944592,1006.8834002944592,-0.5,-0.5,-0.5,-0.5
1,474,10,after_integrate,0.47400000000000037,0.47300000000000036,0.001,0,0,0.5,0.0,0.0,,0.38574511165800296,-1.0401548656168009e-17,4.699078840791221e-16,2.2114212288778467e-15,0.0,0.0,6.512926117750789,0.3848381783131398,-2.0545115862143961e-16,184.05230059571093,184.052300595711,162.78831118012675,162.78831118012678,-0.14874748959142695,0.14874748959142695,0.4587756619602639,-2.5176992474032772e-17,894.1668434468384,894.1668434468381,1007.128216337746,1007.128216337746,-0.5,-0.5,-0.5,-0.5
1,475,10,after_integrate,0.47500000000000037,0.47400000000000037,0.001,0,0,0.5,0.0,0.0,,0.3875621668249351,-1.0429942247719388e-17,4.72138247297736e-16,2.2534659848008215e-15,0.0,0.0,6.529121437558887,0.3866531079043342,-2.0802582869022617e-16,184.28544164035623,184.28544164035628,163.05858401821678,163.0585840182168,-0.14888598563056044,0.14888598563057304,0.45866852581921075,-1.0943814945430579e-18,894.5528280714573,894.552828071457,1007.3683939300643,1007.3683939300643,-0.5,-0.5,-0.5,-0.5
1,476,10,after_integrate,0.47600000000000037,0.47500000000000037,0.001,0,0,0.5,0.0,0.0,,0.3893834745041218,-1.045703281230738e-17,4.744165329905907e-16,2.2718362202885213e-15,0.0,0.0,6.545312911713023,0.3884722891005738,-2.0890534239908559e-16,184.5188877716371,184.51888777163717,163.33130034529583,163.33130034529586,-0.14902160657141011,0.14902160657141011,0.45855964658626086,-2.813966630286984e-17,894.9425137438826,894.9425137438824,1007.6035821089378,1007.6035821089378,-0.5,-0.5,-0.5,-0.5
1,477,10,after_integrate,0.47700000000000037,0.47600000000000037,0.001,0,0,0.5,0.0,0.0,,0.391209036508762,-1.0485350841272113e-17,4.766612857082549e-16,2.1535067578730436e-15,0.0,0.0,6.561500480948456,0.39029572371585786,-2.1039902425695018e-16,184.75264984235693,184.75264984235704,163.60646201401556,163.60646201401562,-0.14915436913311297,0.14915436913312557,0.4584490927764355,3.075428491891213e-17,895.3355728754492,895.335572875449,1007.8334401172016,1007.8334401172016,-0.5,-0.5,-0.5,-0.5
1,478,10,after_integrate,0.47800000000000037,0.47700000000000037,0.001,0,0,0.5,0.0,0.0,,0.39303885465020827,-1.0514289034038404e-17,4.788447637492388e-16,2.2329877306339133e-15,0.0,0.0,6.577684088417519,0.3921234135625027,-2.079690210211021e-16,184.98673792934756,184.9867379293476,163.88406923932868,163.88406923932874,-0.14928429030745055,0.14928429030743795,0.4583369334023467,-5.028834317447263e-17,895.7316869609267,895.7316869609265,1008.0576375076608,1008.0576375076608,-0.5,-0.5,-0.5,-0.5
1,479,10,after_integrate,0.47900000000000037,0.47800000000000037,0.001,0,0,0.5,0.0,0.0,,0.39487293073763924,-1.0538958352461326e-17,4.811462308517152e-16,2.306175367730562e-15,0.0,0.0,6.593863679705915,0.3939553604508148,-2.1009225241991772e-16,185.22116135321716,185.2211613532172,164.16412062519166,164.16412062519169,-0.14941138735599124,0.14941138735599124,0.4582232379393725,-2.4532279145453447e-18,896.1305466035043,896.1305466035041,1008.2758542404384,1008.2758542404384,-0.5,-0.5,-0.5,-0.5
1,480,10,after_integrate,0.48000000000000037,0.47900000000000037,0.001,0,0,0.5,0.0,0.0,,0.3967112665777308,-1.0563785948148048e-17,4.834574395898695e-16,2.31513558356082e-15,0.0,0.0,6.610039202847851,0.39579156618876254,-2.125777004941974e-16,185.4559286980901,185.4559286980902,164.44661319193392,164.44661319193398,-0.14953567780667187,0.1495356778066845,0.4581080762935266,2.6814474709080338e-17,896.5318515300511,896.5318515300509,1008.4877807732511,1008.4877807732511,-0.5,-0.5,-0.5,-0.5
1,481,10,after_integrate,0.48100000000000037,0.48000000000000037,0.001,0,0,0.5,0.0,0.0,,0.39855386397432246,-1.0587300523867105e-17,4.857893215691205e-16,2.3197791407729154e-15,0.0,0.0,6.626210608340024,0.3976320325816467,-2.094552985825331e-16,185.6910478296458,185.69104782964587,164.73154240237707,164.7315424023771,-0.14965717944916374,0.1496571794491511,0.45799151877285926,-1.9305657082291703e-17,896.9353106103617,896.9353106103615,1008.6931181589325,1008.6931181589325,-0.5,-0.5,-0.5,-0.5
1,482,10,after_integrate,0.4820000000000004,0.48100000000000037,0.001,0,0,0.5,0.0,0.0,,0.4004007247277941,-1.0611204132876445e-17,4.880663176686061e-16,2.2321452833738246e-15,0.0,0.0,6.642377849154792,0.39947676143170263,-2.1219304012866136e-16,185.92652589959195,185.92652589959206,165.01890217343265,165.01890217343268,-0.14977591032888646,0.14977591032888646,0.45787363619558913,-2.365155026285372e-17,897.3406419738557,897.3406419738554,1008.891578249005,1008.891578249005,-0.5,-0.5,-0.5,-0.5
1,483,10,after_integrate,0.4830000000000004,0.4820000000000004,0.001,0,0,0.5,0.0,0.0,,0.4022518506338051,-1.063642681089683e-17,4.903283451878289e-16,2.2526696997222626e-15,0.0,0.0,6.6585408807631685,0.4013257545370599,-2.1215482108222748e-16,186.16236936378175,186.16236936378186,165.30868490028487,165.3086849002849,-0.14989188873867593,0.14989188873867593,0.4577545002949168,-1.0457441310662905e-18,897.747573010525,897.7475730105248,1009.0828837903089,1009.0828837903089,-0.5,-0.5,-0.5,-0.5
1,484,10,after_integrate,0.4840000000000004,0.4830000000000004,0.001,0,0,0.5,0.0,0.0,,0.4041072434823051,-1.0660270117934198e-17,4.925933154169841e-16,2.2504079921943552e-15,0.0,0.0,6.674699661171873,0.4031790136906313,-2.1234305640204917e-16,186.398584006551,186.39858400655112,165.60088148390085,165.60088148390088,-0.15000513321045517,0.15000513321045517,0.45763418400198375,5.384221114590671e-18,898.1558403249996,898.1558403249994,1009.2667684907368,1009.2667684907368,-0.5,-0.5,-0.5,-0.5
1,485,10,after_integrate,0.4850000000000004,0.4840000000000004,0.001,0,0,0.5,0.0,0.0,,0.40596690505669425,-1.0685499469280592e-17,4.948041452548552e-16,2.227374597206434e-15,0.0,0.0,6.6908541509686055,0.4050365406792019,-2.1453440972707733e-16,186.63517496264123,186.63517496264134,165.8954813539994,165.89548135399943,-0.15011566250679517,0.15011566250678254,0.4575127616633561,-1.944047291253015e-17,898.5651897062156,898.5651897062154,1009.442977113442,1009.442977113442,-0.5,-0.5,-0.5,-0.5
1,486,10,after_integrate,0.4860000000000004,0.4850000000000004,0.001,0,0,0.5,0.0,0.0,,0.40783083713307866,-1.0710149687859642e-17,4.970478330540297e-16,2.1606129227092375e-15,0.0,0.0,6.707004313374805,0.4068983372826185,-2.1163999819739086e-16,186.87214673959593,186.87214673959608,166.19247249087948,166.1924724908795,-0.15022349561205203,0.15022349561205203,0.457390309218091,-8.347251966357376e-19,898.9753760885071,898.9753760885069,1009.6112655731905,1009.6112655731905,-0.5,-0.5,-0.5,-0.5
1,487,10,after_integrate,0.4870000000000004,0.4860000000000004,0.001,0,0,0.5,0.0,0.0,,0.40969904147964625,-1.0735255962969908e-17,4.992216077306922e-16,2.1880887358935422e-15,0.0,0.0,6.723150114303887,0.40876440527310665,-2.138755194050305e-16,187.1095032398213,187.10950323982144,166.49184144572428,166.4918414457243,-0.15032865172340398,0.1503286517234166,0.45726690432250205,2.7292162408968013e-17,899.3861635095103,899.3861635095101,1009.7714010384168,1009.7714010384168,-0.5,-0.5,-0.5,-0.5
1,488,10,after_integrate,0.4880000000000004,0.4870000000000004,0.001,0,0,0.5,0.0,0.0,,0.41157151985615353,-1.075853072481883e-17,5.014245521801913e-16,2.187247756340953e-15,0.0,0.0,6.73929152242327,0.4106347464147036,-2.140515429598457e-16,187.3472477823127,187.34724778231285,166.79357335984375,166.79357335984378,-0.15043115024148643,0.15043115024148643,0.4571426264270662,4.229348503344403e-18,899.7973250640518,899.7973250640516,1009.9231620361517,1009.9231620361517,-0.5,-0.5,-0.5,-0.5
1,489,10,after_integrate,0.4890000000000004,0.4880000000000004,0.001,0,0,0.5,0.0,0.0,,0.41344827401351225,-1.0781650520361875e-17,5.036206591299565e-16,2.192153955103042e-15,0.0,0.0,6.755428509218534,0.41250936246279574,-2.146104544065705e-16,187.5853831240557,187.58538312405582,167.0976519832965,167.09765198329652,-0.15053101076090308,0.15053101076090308,0.4570175568101884,5.7392577608545575e-18,900.2086428532455,900.2086428532452,1010.0663385571189,1010.0663385571189,-0.5,-0.5,-0.5,-0.5
1,490,10,after_integrate,0.4900000000000004,0.4890000000000004,0.001,0,0,0.5,0.0,0.0,,0.4153293056934663,-1.0804115337339247e-17,5.058207939733365e-16,2.1980254704857434e-15,0.0,0.0,6.771561049058198,0.41438825516375183,-2.1285792927809337e-16,187.82391148111031,187.82391148111046,167.4040596932843,167.40405969328432,-0.1506282530604617,0.1506282530604491,0.45689177857354435,-4.7176686094015743e-17,900.6199079282421,900.6199079282419,1010.2007321586531,1010.2007321586531,-0.5,-0.5,-0.5,-0.5
1,491,10,after_integrate,0.4910000000000004,0.4900000000000004,0.001,0,0,0.5,0.0,0.0,,0.41721461662834847,-1.0825690208852291e-17,5.080332091753544e-16,2.219319671105995e-15,0.0,0.0,6.787689119257865,0.41627142625464125,-2.1562270162087563e-16,188.06283454939023,188.06283454939037,167.71277751266626,167.7127775126663,-0.15072289709323533,0.15072289709323533,0.4567653766035524,2.930696036738204e-18,901.0309202282228,901.0309202282226,1010.3261560634174,1010.3261560634174,-0.5,-0.5,-0.5,-0.5
1,492,10,after_integrate,0.4920000000000004,0.4910000000000004,0.001,0,0,0.5,0.0,0.0,,0.4191042085409075,-1.0846702730399122e-17,5.102602634686371e-16,2.2140041557125423e-15,0.0,0.0,6.803812700142519,0.418158877463027,-2.1626640562858633e-16,188.30215352514776,188.3021535251479,168.0237851288939,168.02378512889393,-0.15081496297635177,0.15081496297635177,0.4566384375033379,-2.1324182293140727e-17,901.4414885123031,901.4414885123028,1010.4424352520915,1010.4424352520915,-0.5,-0.5,-0.5,-0.5
1,493,10,after_integrate,0.4930000000000004,0.4920000000000004,0.001,0,0,0.5,0.0,0.0,,0.42099808314419773,-1.086831310359146e-17,5.124909722113304e-16,2.2262417242457265e-15,0.0,0.0,6.8199317751060535,0.420050610506825,-2.169754422618363e-16,188.54186912517625,188.5418691251764,168.33706091362473,168.33706091362475,-0.15090447098063617,0.15090447098062357,0.45651104949934046,-4.615688928012484e-17,901.8514302851253,901.851430285125,1010.549406548477,1010.549406548477,-0.5,-0.5,-0.5,-0.5
1,494,10,after_integrate,0.4940000000000004,0.4930000000000004,0.001,0,0,0.5,0.0,0.0,,0.4228962421415209,-1.0889994518400058e-17,5.147253999576517e-16,2.245972712914218e-15,0.0,0.0,6.836046330667104,0.421946627094221,-2.1887440185550756e-16,188.7819816067406,188.78198160674074,168.65258194323192,168.65258194323198,-0.15099144152002175,0.15099144152002175,0.4563833023264578,-5.798326798794777e-19,902.2605717160034,902.2605717160031,1010.6469186956506,1010.6469186956506,-0.5,-0.5,-0.5,-0.5
1,495,10,after_integrate,0.4950000000000004,0.4940000000000004,0.001,0,0,0.5,0.0,0.0,,0.42479868722641484,-1.0910743936126079e-17,5.169773330284973e-16,2.245479579457457e-15,0.0,0.0,6.852156356520548,0.42384692892363657,-2.1976205800786147e-16,189.02249078724626,189.0224907872464,168.97032402038715,168.97032402038718,-0.1510758951409456,0.15107589514093298,0.45625528709525426,-2.4477355098782818e-17,902.6687475515201,902.6687475515199,1010.7348324219823,1010.7348324219823,-0.5,-0.5,-0.5,-0.5
1,496,10,after_integrate,0.4960000000000004,0.4950000000000004,0.001,0,0,0.5,0.0,0.0,,0.42670542008268086,-1.0932709378552104e-17,5.191661820417946e-16,2.1552526003550714e-15,0.0,0.0,6.868261845584024,0.42575151768373853,-2.1982663220249512e-16,189.2633960636551,189.26339606365525,169.29026169686,169.29026169686009,-0.15115785251137687,0.15115785251137687,0.4561270961445419,-2.126857957291109e-17,903.0758010215297,903.0758010215295,1010.8130204959826,1010.8130204959824,-0.5,-0.5,-0.5,-0.5
1,497,10,after_integrate,0.4970000000000004,0.4960000000000004,0.001,0,0,0.5,0.0,0.0,,0.42861644238444413,-1.0954255594663184e-17,5.213465279440697e-16,2.1630785053551352e-15,0.0,0.0,6.884362794039027,0.42766039505348274,-2.2101653091197648e-16,189.50469643165644,189.50469643165658,169.61236829764346,169.6123682976435,-0.1512373344099866,0.1512373344099866,0.4559988228823298,3.879442570665107e-18,903.4815837386554,903.4815837386552,1010.881367769173,1010.8813677691728,-0.5,-0.5,-0.5,-0.5
1,498,10,after_integrate,0.4980000000000004,0.4970000000000004,0.001,0,0,0.5,0.0,0.0,,0.43053175579624103,-1.0973044152123193e-17,5.235638041409802e-16,2.249470798278793e-15,0.0,0.0,6.900459201366201,0.4295735627021894,-2.212767048419443e-16,189.74639050459908,189.74639050459922,169.93661594648603,169.93661594648609,-0.1513143617150569,0.1513143617150569,0.4558705616177561,-2.1816089362544192e-17,903.8859555912896,903.8859555912894,1010.9397712062171,1010.9397712062168,-0.5,-0.5,-0.5,-0.5
1,499,10,after_integrate,0.4990000000000004,0.4980000000000004,0.001,0,0,0.5,0.0,0.0,,0.43245136197312906,-1.0991984745707511e-17,5.258111638813028e-16,2.31103031666873e-15,0.0,0.0,6.916551070374536,0.43149102228964203,-2.2324655401652056e-16,189.98847653218886,189.988476532189,170.26297559288452,170.2629755928846,-0.1513889553934354,0.1513889553934354,0.455742407386446,-2.2616263621204645e-17,904.2887846302708,904.2887846302706,1010.9881399017554,1010.9881399017552,-0.5,-0.5,-0.5,-0.5
1,500,10,after_integrate,0.5000000000000003,0.4990000000000004,0.001,0,0,0.5,0.0,0.0,,0.43437526256081505,-1.1008820316808705e-17,5.281317312266092e-16,2.260424554817149e-15,0.0,0.0,6.932638407224275,0.43341277546620705,-2.227751531592108e-16,190.23095241895567,190.23095241895578,170.5914170405674,170.59141704056748,-0.15146113648941212,0.15146113648939952,0.4556144557713846,-2.075618554571964e-17,904.6899469493848,904.6899469493845,1011.0263950834847,1011.0263950834844,-0.5,-0.5,-0.5,-0.5
1,501,11,after_integrate,0.5010000000000003,0.5000000000000003,0.001,0,0,0.5,0.0,0.0,,0.4363034591957975,-1.1026508445083344e-17,5.303894283968505e-16,2.263281386176141e-15,0.0,0.0,6.948721221443414,0.4353388238729695,-2.246687781562707e-16,190.4738157424904,190.47381574249053,170.92190897747824,170.9219089774783,-0.1515309261136231,0.1515309261136105,0.4554868027211537,-2.3306765234783938e-17,905.0893265598887,905.0893265598885,1011.0544701011007,1011.0544701011005,-0.5,-0.5,-0.5,-0.5
1,502,11,after_integrate,0.5020000000000003,0.5010000000000003,0.001,0,0,0.5,0.0,0.0,,0.4382359535055198,-1.1044046150259972e-17,5.326489279865898e-16,2.259692531556755e-15,0.0,0.0,6.964799525937712,0.4372691691418814,-2.253748681707115e-16,190.71706377145384,190.71706377145398,171.25441900725033,171.2544190072504,-0.15159834543201967,0.15159834543201967,0.45535954436715,-2.4620810873255333e-17,905.4868152593103,905.4868152593101,1011.072310400878,1011.0723104008778,-0.5,-0.5,-0.5,-0.5
1,503,11,after_integrate,0.5030000000000003,0.5020000000000003,0.001,0,0,0.5,0.0,0.0,,0.44017274710853255,-1.106094314729727e-17,5.349190995319713e-16,2.2212321283302943e-15,0.0,0.0,6.980873336994208,0.43920381289591964,-2.2654231689776495e-16,190.96069348335513,190.96069348335527,171.58891368214847,171.58891368214853,-0.15166341565483393,0.15166341565483393,0.45523277684117397,-2.1170842948969534e-17,905.8823124947703,905.8823124947701,1011.0798734856797,1011.0798734856795,-0.5,-0.5,-0.5,-0.5
1,504,11,after_integrate,0.5040000000000003,0.5030000000000003,0.001,0,0,0.5,0.0,0.0,,0.4421138416146607,-1.1079446882294396e-17,5.371471376736507e-16,2.24223300281499e-15,0.0,0.0,6.996942674278263,0.4411427567492512,-2.2749750831945718e-16,191.20470158209824,191.20470158209835,171.92535853743897,171.92535853743905,-0.15172615802571768,0.15172615802571768,0.4551065960945696,-1.9542203251095293e-17,906.2757252211273,906.2757252211271,1011.0771288603263,1011.0771288603261,-0.5,-0.5,-0.5,-0.5
1,505,11,after_integrate,0.5050000000000003,0.5040000000000003,0.001,0,0,0.5,0.0,0.0,,0.444059238625176,-1.1095954568905543e-17,5.393920853189999e-16,2.3576309978189067e-15,0.0,0.0,7.013007560824246,0.4430860023074029,-2.298536250502168e-16,191.44908451529358,191.44908451529372,172.26371812713995,172.26371812714004,-0.15178659381093246,0.15178659381093246,0.45498109771992484,5.103996184644735e-18,906.6669677542365,906.6669677542362,1011.0640579622673,1011.064057962267,-0.5,-0.5,-0.5,-0.5
1,506,11,after_integrate,0.5060000000000003,0.5050000000000003,0.001,0,0,0.5,0.0,0.0,,0.44600893973297034,-1.11081946135376e-17,5.418467078251896e-16,2.4931609746242863e-15,0.0,0.0,7.029068023019903,0.44503355116743515,-2.252198962038188e-16,191.69383849133024,191.69383849133035,172.60395606109182,172.60395606109188,-0.1518447442887318,0.1518447442887318,0.4548563767761739,3.609215812300607e-18,907.0559616196813,907.055961619681,1011.0406540776255,1011.0406540776253,-0.5,-0.5,-0.5,-0.5
1,507,11,after_integrate,0.5070000000000003,0.5060000000000003,0.001,0,0,0.5,0.0,0.0,,0.44796294652273194,-1.1119079327125989e-17,5.443194372133944e-16,2.4929919435756244e-15,0.0,0.0,7.045124090584603,0.446985404918116,-2.305543991299656e-16,191.93895949620378,191.93895949620392,172.94603504328254,172.9460350432826,-0.1519006307389407,0.15190063073892807,0.4547325276177886,-1.826458392548659e-17,907.4426353972734,907.4426353972732,1011.0069222426591,1011.0069222426589,-0.5,-0.5,-0.5,-0.5
1,508,11,after_integrate,0.5080000000000003,0.5070000000000003,0.001,0,0,0.5,0.0,0.0,,0.4499212605711196,-1.1130657044326593e-17,5.468073857743669e-16,2.4372061022998616e-15,0.0,0.0,7.061175796541599,0.44894156514009714,-2.3013683510379137e-16,192.18444331009508,192.18444331009522,173.28991691135417,173.28991691135425,-0.15195427443268095,0.15195427443266832,0.4546096437286325,-4.6722818531574346e-17,907.8269245617118,907.8269245617116,1010.9628791308238,1010.9628791308236,-0.5,-0.5,-0.5,-0.5
1,509,11,after_integrate,0.5090000000000003,0.5080000000000003,0.001,0,0,0.5,0.0,0.0,,0.45188388344693736,-1.1144725932849709e-17,5.492487909443522e-16,2.4642741050051932e-15,0.0,0.0,7.077223177184446,0.4509020334060883,-2.3146051060586635e-16,192.43028552369253,192.43028552369267,173.635562677214,173.6355626772141,-0.1520056966223871,0.15200569662239977,0.45448781756091133,2.9981003140713214e-18,908.2087713197106,908.2087713197104,1010.9085529255574,1010.9085529255572,-0.5,-0.5,-0.5,-0.5
1,510,11,after_integrate,0.5100000000000003,0.5090000000000003,0.001,0,0,0.5,0.0,0.0,,0.45385081671130717,-1.1158744860727905e-17,5.517200938597148e-16,2.476995062641306e-15,0.0,0.0,7.093266272037838,0.45286681128103107,-2.328565463540379e-16,192.6764815542529,192.67648155425303,173.98293256866788,173.98293256866793,-0.15205491853207537,0.15205491853207537,0.4543671403795938,-1.880981069509203e-17,908.588124443988,908.5881244439878,1010.8439831790538,1010.8439831790536,-0.5,-0.5,-0.5,-0.5
1,511,11,after_integrate,0.5110000000000003,0.5100000000000003,0.001,0,0,0.5,0.0,0.0,,0.45582206191783875,-1.1172534216678483e-17,5.542509969044237e-16,2.617379621189947e-15,0.0,0.0,7.10930512381298,0.4548359003222698,-2.3328357783346784e-16,192.9230266613924,192.92302666139253,174.3319860719926,174.33198607199267,-0.15210196134780535,0.15210196134780535,0.45424770211258714,2.6405702496076533e-18,908.9649391044561,908.9649391044559,1010.7692206572491,1010.7692206572489,-0.5,-0.5,-0.5,-0.5
1,512,11,after_integrate,0.5120000000000003,0.5110000000000003,0.001,0,0,0.5,0.0,0.0,,0.4577976206127983,-1.1185240074165627e-17,5.568527572807778e-16,2.556394179476463e-15,0.0,0.0,7.125339778357783,0.45680930207972154,-2.342703777461343e-16,193.1699159626025,193.16991596260257,174.68268197536167,174.68268197536176,-0.1521468462085519,0.1521468462085393,0.45412959120680213,-4.5604557918967475e-17,909.3391766969696,909.3391766969694,1010.6843271713054,1010.6843271713052,-0.5,-0.5,-0.5,-0.5
1,513,11,after_integrate,0.5130000000000003,0.5120000000000003,0.001,0,0,0.5,0.0,0.0,,0.45977749433527265,-1.1200916138920023e-17,5.594059657368349e-16,2.5653125406787866e-15,0.0,0.0,7.141370284602024,0.4587870180960422,-2.350426495893405e-16,193.41714444848216,193.41714444848225,175.0349784130367,175.03497841303675,-0.15218959419728545,0.15218959419728545,0.45401289449031745,6.904199007893092e-18,909.7108046699844,909.7108046699842,1010.5893753959024,1010.5893753959022,-0.5,-0.5,-0.5,-0.5
1,514,11,after_integrate,0.5140000000000003,0.5130000000000003,0.001,0,0,0.5,0.0,0.0,,0.46176168461733225,-1.1216026363506516e-17,5.6196937524317e-16,2.6142126607926796e-15,0.0,0.0,7.157396694497766,0.46076904990679024,-2.350938914018e-16,193.66470699768055,193.66470699768064,175.38883291023836,175.38883291023842,-0.15223022633251646,0.15223022633250383,0.45389769704070715,-4.273744385960046e-17,910.0797963494749,910.0797963494747,1010.4844486746667,1010.4844486746665,-0.5,-0.5,-0.5,-0.5
1,515,11,after_integrate,0.5150000000000003,0.5140000000000003,0.001,0,0,0.5,0.0,0.0,,0.4637501929841893,-1.123051721167571e-17,5.64581969702941e-16,2.570278828409617e-15,0.0,0.0,7.173419062955186,0.46275539904058705,-2.370985549209038e-16,193.9125983915424,193.91259839154247,175.7442024286095,175.74420242860955,-0.15226876355998906,0.15226876355998906,0.4537840820595389,4.052024889972919e-18,910.4461307624341,910.4461307624339,1010.3696408130943,1010.3696408130941,-0.5,-0.5,-0.5,-0.5
1,516,11,after_integrate,0.5160000000000003,0.5150000000000003,0.001,0,0,0.5,0.0,0.0,,0.465743020954354,-1.1248283530674345e-17,5.671477015947709e-16,2.5216553077753997e-15,0.0,0.0,7.189437447774077,0.46474606701927434,-2.3707427486059195e-16,194.16081332844954,194.16081332844965,176.10104341218351,176.1010434121836,-0.15230522674496758,0.15230522674498018,0.4536721307531065,2.6657937533935918e-17,910.8097924592984,910.8097924592981,1010.2450558593332,1010.245055859333,-0.5,-0.5,-0.5,-0.5
1,517,11,after_integrate,0.5170000000000003,0.5160000000000003,0.001,0,0,0.5,0.0,0.0,,0.46774017003978646,-1.1267007091807741e-17,5.696684753755468e-16,2.594587794186777e-15,0.0,0.0,7.205451909571251,0.46674105535806837,-2.3662962204466325e-16,194.4093464378522,194.40934643785232,176.45931183377357,176.45931183377365,-0.15233963666469927,0.15233963666468667,0.45356192221934677,-1.9185157505811098e-17,911.1707713356092,911.170771335609,1010.110807873241,1010.1108078732408,-0.5,-0.5,-0.5,-0.5
1,518,11,after_integrate,0.5180000000000003,0.5170000000000003,0.001,0,0,0.5,0.0,0.0,,0.46974164174604627,-1.1284846849970438e-17,5.722468709610269e-16,2.5744753759711836e-15,0.0,0.0,7.221462511704019,0.46974164174604627,-2.389754330631595e-16,194.65819229398318,194.6581922939833,176.8189632416975,176.81896324169756,-0.15237201400132186,0.15237201400132186,0.4534535333409351,-2.0310158119411118e-17,911.5290624532115,911.5290624532113,1009.9670206841027,1009.9670206841025,-0.5,-0.5,-0.5,-0.5
1,519,11,after_integrate,0.5190000000000003,0.5180000000000003,0.001,0,0,0.5,0.0,0.0,,0.4717474375724379,-1.1304780519934287e-17,5.748198278037871e-16,2.5809685706666175e-15,0.0,0.0,7.237469320190029,0.4717474375724379,-2.387446216944732e-16,194.90734542926074,194.90734542926083,177.1799528067692,177.17995280676925,-0.15240237933522527,0.15240237933522527,0.4533470386860386,5.7928225750455045e-18,911.8846658611848,911.8846658611845,1009.813827637345,1009.8138276373447,-0.5,-0.5,-0.5,-0.5
1,520,11,after_integrate,0.5200000000000004,0.5190000000000003,0.001,0,0,0.5,0.0,0.0,,0.4737575590125282,-1.1325568701228817e-17,5.773917540899506e-16,2.5634419742781553e-15,0.0,0.0,7.253472403623729,0.4737575590125282,-2.3820896783095655e-16,195.15680038808466,195.15680038808475,177.5422354141358,177.54223541413586,-0.15243075313968657,0.15243075313968657,0.4532425102425866,-2.4209801471154004e-17,912.2375860943988,912.2375860943986,1009.6513709902193,1009.6513709902191,-0.5,-0.5,-0.5,-0.5
1,521,11,after_integrate,0.5210000000000004,0.5200000000000004,0.001,0,0,0.5,0.0,0.0,,0.475772007556682,-1.13452187854994e-17,5.800097708191393e-16,2.7253429648584666e-15,0.0,0.0,7.269471833065706,0.475772007556682,-2.387318167534532e-16,195.40655171946594,195.40655171946605,177.90576569445983,177.9057656944599,-0.15245715578116034,0.1524571557811477,0.45314001621805694,-2.1135873202102433e-17,912.5878321599936,912.5878321599934,1009.4798017842129,1009.4798017842127,-0.5,-0.5,-0.5,-0.5
1,522,11,after_integrate,0.5220000000000004,0.5210000000000004,0.001,0,0,0.5,0.0,0.0,,0.47779078469182545,-1.136354042990813e-17,5.827110056802224e-16,2.6452145965364575e-15,0.0,0.0,7.2854676819016495,0.47779078469182545,-2.4220924972534943e-16,195.65659396253656,195.65659396253668,178.2704980554286,178.27049805542865,-0.15248160751226733,0.15248160751226733,0.4530396211322182,2.2852735577335556e-19,912.9354175383129,912.9354175383127,1009.2992796885809,1009.2992796885807,-0.5,-0.5,-0.5,-0.5
1,523,11,after_integrate,0.5230000000000004,0.5220000000000004,0.001,0,0,0.5,0.0,0.0,,0.47981389190154144,-1.1384914897490153e-17,5.853497810158676e-16,2.6601274304243103e-15,0.0,0.0,7.301460025714566,0.47981389190154144,-2.4142051024124963e-16,195.90692166593928,195.9069216659394,178.63638674621896,178.63638674621902,-0.15250412846640696,0.1525041284664196,0.4529413857577032,3.083044810527672e-18,913.2803599321354,913.2803599321352,1009.1099725866371,1009.1099725866369,-0.5,-0.5,-0.5,-0.5
1,524,11,after_integrate,0.5240000000000004,0.5230000000000004,0.001,0,0,0.5,0.0,0.0,,0.48184133066623913,-1.1406718134552405e-17,5.880105380848486e-16,2.6781192222995626e-15,0.0,0.0,7.317448942149617,0.48184133066623913,-2.421457284108666e-16,196.15752939680917,196.15752939680925,179.00338591194256,179.00338591194262,-0.15252473865280777,0.1525247386528204,0.4528453670317978,3.055226324042613e-17,913.6226810960138,913.6226810960136,1008.9120562306192,1008.912056230619,-0.5,-0.5,-0.5,-0.5
1,525,11,after_integrate,0.5250000000000004,0.5240000000000004,0.001,0,0,0.5,0.0,0.0,,0.4838731024632143,-1.1427932212052096e-17,5.90680046225351e-16,2.676949944188405e-15,0.0,0.0,7.333434510777768,0.48387310246321424,-2.413053797078249e-16,196.40841175155762,196.4084117515577,179.37144964979368,179.37144964979373,-0.15254345795179594,0.15254345795179594,0.4527516180234104,5.817209221242266e-18,913.9624066514448,913.9624066514446,1008.705713873089,1008.7057138730888,-0.5,-0.5,-0.5,-0.5
1,526,11,after_integrate,0.5260000000000004,0.5250000000000004,0.001,0,0,0.5,0.0,0.0,,0.48590920876668137,-1.1450352399847045e-17,5.933469763009729e-16,2.6291981479315745e-15,0.0,0.0,7.349416812958465,0.48590920876668137,-2.4084968804335434e-16,196.659563366351,196.6595633663511,179.7405320645203,179.74053206452038,-0.15256030611044158,0.15256030611044158,0.4526601879180729,-2.3611955215139363e-17,914.2995659044085,914.2995659044083,1008.4911358927567,1008.4911358927565,-0.5,-0.5,-0.5,-0.5
1,527,11,after_integrate,0.5270000000000004,0.5260000000000004,0.001,0,0,0.5,0.0,0.0,,0.48794965104778143,-1.1475159626520918e-17,5.959720621343097e-16,2.689960079805858e-15,0.0,0.0,7.365395931702094,0.4879496510477815,-2.4303023616998385e-16,196.91097892727095,196.91097892727103,180.1105873229808,180.11058732298085,-0.15257530273859757,0.15257530273859757,0.452571122018811,-2.422289345743791e-17,914.6341916654875,914.6341916654873,1008.268519416111,1008.2685194161107,-0.5,-0.5,-0.5,-0.5
1,528,11,after_integrate,0.5280000000000004,0.5270000000000004,0.001,0,0,0.5,0.0,0.0,,0.48999443077456917,-1.150081449079648e-17,5.986144005108177e-16,2.6193940999535426e-15,0.0,0.0,7.381371951532789,0.48999443077456917,-2.4516532384172347e-16,197.16265318014982,197.16265318014993,180.48156970762852,180.48156970762858,-0.15258846730524134,0.15258846730522874,0.45248446176157947,-1.7331889493633687e-17,914.966320072638,914.9663200726378,1008.0380679358273,1008.038067935827,-0.5,-0.5,-0.5,-0.5
1,529,11,after_integrate,0.5290000000000004,0.5280000000000004,0.001,0,0,0.5,0.0,0.0,,0.4920435494119806,-1.1528136216370597e-17,6.012246039168546e-16,2.6066759354699954e-15,0.0,0.0,7.397344958352015,0.4920435494119806,-2.440339540908908e-16,197.41458021903028,197.4145802190304,180.85343295026306,180.85343295026314,-0.15259981913525997,0.1525998191352726,0.45240024474038837,2.467379594855192e-18,915.2954668705498,915.2954668705496,1007.7994673687722,1007.799467368772,-0.5,-0.5,-0.5,-0.5
1,530,11,after_integrate,0.5300000000000004,0.5290000000000004,0.001,0,0,0.5,0.0,0.0,,0.49409700842144894,-1.15547447970899e-17,6.038384640527901e-16,2.6371386190606784e-15,0.0,0.0,7.413315039303645,0.49409700842144894,-2.4446927036693603e-16,197.6667553215099,197.66675532151,181.22613212612828,181.22613212612833,-0.15260937740263678,0.15260937740262415,0.45231850476281005,-4.85212662988167e-17,915.6229515492863,915.6229515492861,1007.5542098999719,1007.5542098999716,-0.5,-0.5,-0.5,-0.5
1,531,11,after_integrate,0.5310000000000004,0.5300000000000004,0.001,0,0,0.5,0.0,0.0,,0.4961548092617293,-1.1580019263567408e-17,6.065155228165397e-16,2.6646508674088935e-15,0.0,0.0,7.429282282640478,0.4961548092617293,-2.4522767099589594e-16,197.91917457567268,197.9191745756728,181.5996232955988,181.59962329559886,-0.1526171611386927,0.15261716113870533,0.45223927187742125,2.833205870778721e-17,915.9481272394842,915.9481272394839,1007.3018237829001,1007.3018237828999,-0.5,-0.5,-0.5,-0.5
1,532,11,after_integrate,0.5320000000000004,0.5310000000000004,0.001,0,0,0.5,0.0,0.0,,0.49821695338816663,-1.1605014360330788e-17,6.091646518233758e-16,2.7370203388787778e-15,0.0,0.0,7.445246777592855,0.49821695338816663,-2.476429173220283e-16,198.17183332769994,198.17183332770006,181.9738619978478,181.97386199784788,-0.15262318922181586,0.15262318922181586,0.45216257245395514,4.3243671371841246e-18,916.2710909057287,916.2710909057284,1007.0425832822541,1007.0425832822539,-0.5,-0.5,-0.5,-0.5
1,533,11,after_integrate,0.5330000000000004,0.5320000000000004,0.001,0,0,0.5,0.0,0.0,,0.5002834422528246,-1.1629282836045394e-17,6.118904857984185e-16,2.7401956859556385e-15,0.0,0.0,7.461208614239778,0.5002834422528246,-2.461447140173944e-16,198.4247270300759,198.424727030076,182.34880413684635,182.3488041368464,-0.152627480378304,0.15262748037829138,0.45208842924779813,-5.0108304413598544e-17,916.5918752234735,916.5918752234733,1006.776700331337,1006.776700331337,-0.5,-0.5,-0.5,-0.5
1,534,11,after_integrate,0.5340000000000004,0.5330000000000004,0.001,0,0,0.5,0.0,0.0,,0.5023542773043137,-1.1653922363192392e-17,6.14623419695471e-16,2.721009481246571e-15,0.0,0.0,7.477167883382666,0.5023542773043137,-2.483656678018859e-16,198.6778512424298,198.6778512424299,182.72440601892106,182.72440601892112,-0.15263005318001144,0.15263005318002407,0.45201686147877856,2.7459751162754155e-17,916.9105290337518,916.9105290337516,1006.5044047648289,1006.5044047648289,-0.5,-0.5,-0.5,-0.5
1,535,11,after_integrate,0.5350000000000004,0.5340000000000004,0.001,0,0,0.5,0.0,0.0,,0.5044294599876945,-1.1679532593857035e-17,6.173355490102825e-16,2.736154204606098e-15,0.0,0.0,7.493124676422071,0.5044294599876946,-2.4719196702630625e-16,198.93120165058428,198.9312016505844,183.10062440714432,183.10062440714438,-0.15263092604341885,0.15263092604340628,0.45194788491627325,-5.069867037797885e-17,917.2271144229933,917.227114422993,1006.2259411760776,1006.2259411760774,-0.5,-0.5,-0.5,-0.5
1,536,11,after_integrate,0.5360000000000004,0.5350000000000004,0.001,0,0,0.5,0.0,0.0,,0.506508991744371,-1.1705285843073853e-17,6.200625878476613e-16,2.7455866510068207e-15,0.0,0.0,7.5090790852383,0.506508991744371,-2.5046173197232657e-16,199.1847740743946,199.18477407439468,183.47741658522534,183.4774165852254,-0.15263011722873257,0.15263011722873257,0.45188151208157923,-2.466087684095037e-17,917.5417018709104,917.5417018709102,1005.9415637347391,1005.9415637347389,-0.5,-0.5,-0.5,-0.5
1,537,11,after_integrate,0.5370000000000004,0.5360000000000004,0.001,0,0,0.5,0.0,0.0,,0.5085928740124451,-1.173210723720969e-17,6.228009517121657e-16,2.7437803486025105e-15,0.0,0.0,7.525031202080566,0.5085928740124451,-2.5091058477674005e-16,199.43856435890845,199.43856435890856,183.85474042251508,183.85474042251514,-0.152627644929362,0.152627644929362,0.45181775235152993,-2.5407647647627982e-17,917.8543679116523,917.854367911652,1005.6515329331374,1005.6515329331372,-0.5,-0.5,-0.5,-0.5
1,538,11,after_integrate,0.5380000000000004,0.5370000000000004,0.001,0,0,0.5,0.0,0.0,,0.5106811082271385,-1.1759893456757398e-17,6.255365238720435e-16,2.7686550687661577e-15,0.0,0.0,7.54098111946068,0.5106811082271385,-2.520156346581527e-16,199.69257662952154,199.69257662952165,184.2325624690869,184.23256246908696,-0.1526235273760822,0.1526235273760822,0.4517566123672222,-1.902568263931997e-17,918.1780173565002,918.1780173564999,1005.3689385111517,1005.3689385111514,-0.5,-0.5,-0.5,-0.5
1,539,11,after_integrate,0.5390000000000004,0.5380000000000004,0.001,0,0,0.5,0.0,0.0,,0.5127736958264224,-1.1786313443235949e-17,6.283479041943902e-16,2.8436340546572384e-15,0.0,0.0,7.556928930058054,0.5127736958264224,-2.5240368279815417e-16,199.94685351235248,199.9468535123526,184.61088832789406,184.61088832789412,-0.15261778283316657,0.1526177828331792,0.45169809586841,-4.30928297831032e-18,918.5112705549822,918.5112705549819,1005.0925858990964,1005.0925858990962,-0.5,-0.5,-0.5,-0.5
1,540,11,after_integrate,0.5400000000000004,0.5390000000000004,0.001,0,0,0.5,0.0,0.0,,0.5148706382531055,-1.181248643682447e-17,6.311804001178562e-16,2.873149553211329e-15,0.0,0.0,7.572874726617308,0.5148706382531055,-2.5576372282367546e-16,200.20140947118878,200.20140947118887,184.9896958315539,184.98969583155397,-0.15261042962036098,0.1526104296203736,0.4516422039127719,3.6360653535594775e-19,918.849145524143,918.8491455241427,1004.8176790518819,1004.8176790518817,-0.5,-0.5,-0.5,-0.5
1,541,11,after_integrate,0.5410000000000004,0.5400000000000004,0.001,0,0,0.5,0.0,0.0,,0.5169719369483474,-1.184075776587016e-17,6.340036037264567e-16,2.815929054806541e-15,0.0,0.0,7.588818601858361,0.5169719369483474,-2.5420543850381715e-16,200.45625481809589,200.456254818096,185.3689591503809,185.368959150381,-0.15260148602027912,0.15260148602027912,0.45158893499244807,-1.6857309599439175e-17,919.19014112679,919.1901411267897,1004.5429030701339,1004.5429030701337,-0.5,-0.5,-0.5,-0.5
1,542,11,after_integrate,0.5420000000000004,0.5410000000000004,0.001,0,0,0.5,0.0,0.0,,0.5190775933519993,-1.186940410809986e-17,6.368182618722589e-16,2.831787622911474e-15,0.0,0.0,7.604760648386856,0.5190775933519993,-2.5436474373437394e-16,200.71139647002727,200.71139647002738,185.74864957711597,185.74864957711605,-0.15259097026941015,0.15259097026942278,0.45153828509362093,-1.7167494718042853e-19,919.5328424082908,919.5328424082905,1004.2670293128631,1004.2670293128629,-0.5,-0.5,-0.5,-0.5
1,543,11,after_integrate,0.5430000000000004,0.5420000000000004,0.001,0,0,0.5,0.0,0.0,,0.5211876089014535,-1.1898829315200647e-17,6.396482706063862e-16,2.792618975757924e-15,0.0,0.0,7.620700958607672,0.5211876089014535,-2.5515689098178607e-16,200.96683863660974,200.96683863660985,186.1287362420325,186.12873624203255,-0.15257890053237022,0.15257890053238285,0.4514902477818435,9.053778990311659e-19,919.8764079491377,919.8764079491375,1003.9894025256584,1003.9894025256582,-0.5,-0.5,-0.5,-0.5
1,544,11,after_integrate,0.5440000000000004,0.5430000000000004,0.001,0,0,0.5,0.0,0.0,,0.5233019850310621,-1.1929748309804353e-17,6.424356651074731e-16,2.8646879992769494e-15,0.0,0.0,7.636639624641387,0.5233019850310622,-2.5633385927874744e-16,201.22258384668902,201.2225838466891,186.5091871652365,186.50918716523657,-0.1525652948844313,0.1525652948844313,0.45144481428418365,-2.0408605470054896e-17,920.220364431919,920.2203644319188,1003.7097351872558,1003.7097351872555,-0.5,-0.5,-0.5,-0.5
1,545,11,after_integrate,0.5450000000000004,0.5440000000000004,0.001,0,0,0.5,0.0,0.0,,0.5254207231716795,-1.1961334861175502e-17,6.452413083534233e-16,2.8435139064204498e-15,0.0,0.0,7.652576738243717,0.5254207231716795,-2.583228481917874e-16,201.47863369069546,201.47863369069557,186.88997002204368,186.88997002204374,-0.15255017129704337,0.15255017129705598,0.451401973573555,2.9448761423580255e-17,920.5644574158616,920.5644574158614,1003.427958074024,1003.4279580740238,-0.5,-0.5,-0.5,-0.5
1,546,11,after_integrate,0.5460000000000004,0.5450000000000004,0.001,0,0,0.5,0.0,0.0,,0.5275438247503388,-1.199126776118715e-17,6.480852002257062e-16,2.7892606378628206e-15,0.0,0.0,7.668512390727973,0.5275438247503389,-2.5563046118931573e-16,201.73498926665593,201.73498926665607,187.27105260927357,187.27105260927365,-0.15253354762602117,0.15253354762602117,0.4513617124550658,4.5759947364325246e-18,920.9085614709406,920.9085614709404,1003.1441301948781,1003.1441301948779,-0.5,-0.5,-0.5,-0.5
1,547,11,after_integrate,0.5470000000000004,0.5460000000000004,0.001,0,0,0.5,0.0,0.0,,0.5296712911900074,-1.2023201784065956e-17,6.508615191705225e-16,2.794659982191702e-15,0.0,0.0,7.68444667289066,0.5296712911900074,-2.5627163475365695e-16,201.9916514435452,201.99165144354535,187.65240312655698,187.65240312655706,-0.152515441601717,0.15251544160172964,0.45132401565395286,-1.8952639880698852e-18,921.2526270104842,921.2526270104839,1002.8583854340923,1002.858385434092,-0.5,-0.5,-0.5,-0.5
1,548,11,after_integrate,0.5480000000000004,0.5470000000000004,0.001,0,0,0.5,0.0,0.0,,0.5318031239093988,-1.205646350396802e-17,6.536014992297405e-16,2.7360313852936e-15,0.0,0.0,7.700379674940172,0.5318031239093988,-2.5820389875538607e-16,202.24862101642177,202.24862101642194,188.03399034737885,188.03399034737888,-0.15249587082094038,0.15249587082094038,0.45128886590467915,1.3665321864352202e-18,921.5966489189346,921.5966489189344,1002.5709009977761,1002.5709009977761,-0.5,-0.5,-0.5,-0.5
1,549,11,after_integrate,0.5490000000000004,0.5480000000000004,0.001,0,0,0.5,0.0,0.0,,0.5339393243228144,-1.2090406339765645e-17,6.563316942353432e-16,2.7481055099446697e-15,0.0,0.0,7.716311486428701,0.5339393243228144,-2.568417514565567e-16,202.50589879777064,202.5058987977708,188.41578372446736,188.41578372446742,-0.15247485273996134,0.15247485273997394,0.4512562440408036,-3.4579584122838385e-19,921.9406480566252,921.9406480566249,1002.281878745387,1002.2818787453867,-0.5,-0.5,-0.5,-0.5
1,550,11,after_integrate,0.5500000000000004,0.5490000000000004,0.001,0,0,0.5,0.0,0.0,,0.5360798938400111,-1.212413926400971e-17,6.590789200400038e-16,2.763480702660956e-15,0.0,0.0,7.732242196187317,0.5360798938400111,-2.575006315969055e-16,202.7634856712927,202.76348567129287,188.79775345590036,188.79775345590042,-0.15245240466889523,0.15245240466889523,0.45122612908525567,-2.2587623235965566e-17,922.2846603592583,922.284660359258,1001.9915341237316,1001.9915341237314,-0.5,-0.5,-0.5,-0.5
1,551,12,after_integrate,0.5510000000000004,0.5500000000000004,0.001,0,0,0.5,0.0,0.0,,0.5382248338660817,-1.2157930976282137e-17,6.618319626771489e-16,2.7680236910945387e-15,0.0,0.0,7.748171892264262,0.5382248338660817,-2.5928546115909034e-16,203.02138262360253,203.0213826236027,189.17987052749191,189.179870527492,-0.15242854376683315,0.15242854376683315,0.45119849834065784,-2.3976134684511708e-17,922.6287304104586,922.6287304104584,1001.700089581714,1001.7000895817138,-0.5,-0.5,-0.5,-0.5
1,552,12,after_integrate,0.5520000000000004,0.5510000000000004,0.001,0,0,0.5,0.0,0.0,,0.5403741458013499,-1.2192482573886018e-17,6.645927915712093e-16,2.8022413783361355e-15,0.0,0.0,7.764100661866428,0.54037414580135,-2.6049540609290543e-16,203.27959076293172,203.2795907629319,189.56210674063738,189.56210674063746,-0.1524032870380266,0.152403287038014,0.4511733274793814,-4.7905354255962606e-17,922.9729076453787,922.9729076453784,1001.4077706237731,1001.4077706237729,-0.5,-0.5,-0.5,-0.5
1,553,12,after_integrate,0.5530000000000004,0.5520000000000004,0.001,0,0,0.5,0.0,0.0,,0.542527831041274,-1.2226692150872914e-17,6.673818917552605e-16,2.8143210800951798e-15,0.0,0.0,7.780028591304011,0.542527831041274,-2.6201550493223e-16,203.53811133017777,203.53811133017794,189.9444347310308,189.94443473103087,-0.15237665132877487,0.15237665132877487,0.451150590633049,5.411949932651167e-18,923.3172441000606,923.3172441000604,1001.1148034166956,1001.1148034166954,-0.5,-0.5,-0.5,-0.5
1,554,12,after_integrate,0.5540000000000004,0.5530000000000004,0.001,0,0,0.5,0.0,0.0,,0.5446858909763584,-1.2257103746058079e-17,6.702792761691014e-16,2.9672165559561463e-15,0.0,0.0,7.795955765938315,0.5446858909763584,-2.6057137685897243e-16,203.79694570543126,203.7969457054314,190.32682798145163,190.3268279814517,-0.15234865332517453,0.15234865332517453,0.4511302604812186,3.4084093569483393e-18,923.6617930679602,923.6617930679599,1000.8214133112054,1000.8214133112052,-0.5,-0.5,-0.5,-0.5
1,555,12,after_integrate,0.5550000000000004,0.5540000000000004,0.001,0,0,0.5,0.0,0.0,,0.5468483269920731,-1.2286290595874555e-17,6.732112291951054e-16,2.957202991244748e-15,0.0,0.0,7.811882270132678,0.5468483269920731,-2.640348962232615e-16,204.05609541181113,204.05609541181127,190.70926083051592,190.70926083051597,-0.1523193095514342,0.1523193095514342,0.451112308338992,4.459315158138844e-18,924.0066082884268,924.0066082884266,1000.5278239031044,1000.5278239031041,-0.5,-0.5,-0.5,-0.5
1,556,12,after_integrate,0.5560000000000004,0.5550000000000004,0.001,0,0,0.5,0.0,0.0,,0.5490151404687794,-1.2316303339318995e-17,6.761514357723308e-16,2.9619834620398474e-15,0.0,0.0,7.827808187206447,0.5490151404687795,-2.624354636616958e-16,204.3155621176771,204.31556211767725,191.0917084785214,191.09170847852147,-0.15228863636896423,0.15228863636896423,0.4510967042433638,4.914875404621219e-18,924.3517434470598,924.3517434470596,1000.2342564138609,1000.2342564138606,-0.5,-0.5,-0.5,-0.5
1,557,12,after_integrate,0.5570000000000004,0.5560000000000004,0.001,0,0,0.5,0.0,0.0,,0.5511863327816617,-1.234673370781798e-17,6.790977736381711e-16,2.961078217910905e-15,0.0,0.0,7.843733599391985,0.5511863327816618,-2.6295963745624573e-16,204.5753476378403,204.57534763784042,191.47414699106884,191.4741469910689,-0.15225664997598298,0.15225664997597035,0.4510834170380871,-4.876145121827267e-17,924.6972518589524,924.6972518589522,999.9409292616102,999.94092926161,-0.5,-0.5,-0.5,-0.5
1,558,12,after_integrate,0.5580000000000004,0.5570000000000004,0.001,0,0,0.5,0.0,0.0,,0.5533619053006654,-1.2377997424518267e-17,6.820458021754334e-16,2.9841521485759583e-15,0.0,0.0,7.859658587794614,0.5533619053006654,-2.649301321868256e-16,204.8354536901269,204.83545369012703,191.8565530562217,191.8565530562218,-0.15222336640771236,0.15222336640771236,0.4510724144538829,-1.8839498637479736e-17,925.0427415518132,925.0427415518129,999.6476130429014,999.6476130429012,-0.5,-0.5,-0.5,-0.5
1,559,12,after_integrate,0.5590000000000004,0.5580000000000004,0.001,0,0,0.5,0.0,0.0,,0.5555418593902339,-1.2408826632660614e-17,6.850177804997975e-16,2.9797460691685827e-15,0.0,0.0,7.875583232355359,0.5555418593902339,-2.666086483662905e-16,205.0958804225311,205.09588042253125,192.23890250806446,192.23890250806454,-0.1521888015346441,0.1521888015346441,0.45106366319329744,4.953751158915621e-18,925.3879306800674,925.3879306800671,999.3541858690658,999.3541858690655,-0.5,-0.5,-0.5,-0.5
1,560,12,after_integrate,0.5600000000000004,0.5590000000000004,0.001,0,0,0.5,0.0,0.0,,0.5577261964089661,-1.2440668993409938e-17,6.879793663900687e-16,2.9749558239942557e-15,0.0,0.0,7.891507611816747,0.5577261964089661,-2.6600362689742083e-16,205.356627976015,205.35662797601515,192.62117189306753,192.6211718930676,-0.15215297106041667,0.15215297106041667,0.4510571290091138,1.641979682955493e-18,925.7327378861044,925.7327378861041,999.0607236141707,999.0607236141705,-0.5,-0.5,-0.5,-0.5
1,561,12,after_integrate,0.5610000000000004,0.5600000000000004,0.001,0,0,0.5,0.0,0.0,,0.5599149177096033,-1.2472364369904712e-17,6.909372238110195e-16,2.9764575778984583e-15,0.0,0.0,7.907431803691155,0.5599149177096034,-2.6667816253631434e-16,205.61769620900543,205.61769620900554,193.0033381919581,193.00333819195816,-0.15211589052417693,0.1521158905241643,0.451052776779911,-5.5238173408047626e-17,926.0771112257986,926.0771112257984,998.7673287614795,998.7673287614792,-0.5,-0.5,-0.5,-0.5
1,562,12,after_integrate,0.5620000000000004,0.5610000000000004,0.001,0,0,0.5,0.0,0.0,,0.5621080246388968,-1.250666479943346e-17,6.937978122311335e-16,2.8295316357611507e-15,0.0,0.0,7.923355884231852,0.5621080246388968,-2.6940491189157555e-16,205.87908493969226,205.8790849396924,193.38537905998578,193.38537905998587,-0.1520775753016994,0.152077575301712,0.45105057058436615,5.302130688896824e-18,926.4210347874737,926.4210347874734,998.4741369423948,998.4741369423946,-0.5,-0.5,-0.5,-0.5
1,563,12,after_integrate,0.5630000000000004,0.5620000000000004,0.001,0,0,0.5,0.0,0.0,,0.5643055185375453,-1.254027357544699e-17,6.966387357089103e-16,2.85076013128093e-15,0.0,0.0,7.939279928406574,0.5643055185375453,-2.686211442906707e-16,206.14079399900055,206.1407939990007,193.7672728764422,193.7672728764423,-0.1520380406079557,0.1520380406079683,0.45105047377346424,-3.5427548564068367e-19,926.7645177993303,926.7645177993301,998.1813059735897,998.1813059735895,-0.5,-0.5,-0.5,-0.5
1,564,12,after_integrate,0.5640000000000004,0.5630000000000004,0.001,0,0,0.5,0.0,0.0,,0.5665074007401444,-1.2573957148456962e-17,6.994856525068012e-16,2.907466299179147e-15,0.0,0.0,7.955204009873629,0.5665074007401444,-2.695164831642257e-16,206.40282328154058,206.40282328154072,194.14899879134853,194.1489987913486,-0.15199730149972748,0.15199730149972748,0.4510524490405599,-2.4087328299355486e-17,927.107584069051,927.1075840690507,997.8890052329814,997.8890052329812,-0.5,-0.5,-0.5,-0.5
1,565,12,after_integrate,0.5650000000000004,0.5640000000000004,0.001,0,0,0.5,0.0,0.0,,0.5687136725751462,-1.2607979512836991e-17,7.023297453357601e-16,2.7894551131869806e-15,0.0,0.0,7.971128200960405,0.5687136725751462,-2.7067941333886897e-16,206.66517277644866,206.6651727764488,194.53053675122968,194.53053675122973,-0.15195537287887512,0.15195537287887512,0.45105645848926557,-2.242352966614816e-17,927.4502655970571,927.4502655970568,997.5974092161177,997.5974092161175,-0.5,-0.5,-0.5,-0.5
1,566,12,after_integrate,0.5660000000000004,0.5650000000000004,0.001,0,0,0.5,0.0,0.0,,0.5709243353648278,-1.2642390153144967e-17,7.051188528742578e-16,2.8134454262876257e-15,0.0,0.0,7.987052572644194,0.5709243353648278,-2.7246050556692312e-16,206.92784258532538,206.92784258532552,194.91186751125298,194.91186751125304,-0.15191226949582892,0.1519122694958163,0.451062463699177,-2.3862051120018496e-17,927.7925988616269,927.7925988616266,997.3066937709037,997.3066937709035,-0.5,-0.5,-0.5,-0.5
1,567,12,after_integrate,0.5670000000000004,0.5660000000000004,0.001,0,0,0.5,0.0,0.0,,0.5731393904252658,-1.2676940451267958e-17,7.078574031002786e-16,2.721299348613345e-15,0.0,0.0,8.002977194535314,0.5731393904252658,-2.7372849572611983e-16,207.19083293258728,207.19083293258743,195.29297263911346,195.29297263911351,-0.15186800595323013,0.15186800595323013,0.451070425789344,2.2995932782963208e-18,928.1346226606365,928.1346226606363,997.0170338951683,997.0170338951681,-0.5,-0.5,-0.5,-0.5
1,568,12,after_integrate,0.5680000000000004,0.5670000000000004,0.001,0,0,0.5,0.0,0.0,,0.5753588390663159,-1.2709797340294985e-17,7.105743931508675e-16,2.7365152304343774e-15,0.0,0.0,8.018902134862397,0.5753588390663159,-2.7426733480665355e-16,207.45414417136848,207.4541441713686,195.6738345138594,195.67383451385945,-0.1518225967099464,0.1518225967099464,0.4510803054795146,-1.9091806758288763e-17,928.4763768501817,928.4763768501815,996.7286024370918,996.7286024370916,-0.5,-0.5,-0.5,-0.5
1,569,12,after_integrate,0.5690000000000004,0.5680000000000004,0.001,0,0,0.5,0.0,0.0,,0.5775826825915944,-1.2742138270635769e-17,7.133005524842504e-16,2.7561944497605507e-15,0.0,0.0,8.034827460459775,0.5775826825915943,-2.747304141121118e-16,207.7177767867808,207.71777678678092,196.05443632151787,196.05443632151793,-0.15177605608503955,0.15177605608505218,0.4510920631491025,3.0551475014354265e-17,928.817901598954,928.8179015989538,996.4415693171524,996.4415693171521,-0.5,-0.5,-0.5,-0.5
1,570,12,after_integrate,0.5700000000000004,0.5690000000000004,0.001,0,0,0.5,0.0,0.0,,0.5798109222984645,-1.2771639167157124e-17,7.16095104063701e-16,2.837844972217149e-15,0.0,0.0,8.050753236756895,0.5798109222984644,-2.7435215768423133e-16,207.9817313975712,207.9817313975713,196.43476204860676,196.4347620486068,-0.15172839826202392,0.15172839826203655,0.45110565889386733,2.6542207427177275e-17,929.1592369391527,929.1592369391525,996.1561010521598,996.1561010521596,-0.5,-0.5,-0.5,-0.5
1,571,12,after_integrate,0.5710000000000004,0.5700000000000004,0.001,0,0,0.5,0.0,0.0,,0.5820435594780244,-1.2800270109241699e-17,7.189103190164137e-16,2.856746069010226e-15,0.0,0.0,8.066679527769672,0.5820435594780244,-2.7449658350825342e-16,208.24600875677245,208.2460087567726,196.81479647417402,196.8147964741741,-0.15167963729313405,0.15167963729313405,0.4511210525803663,-4.217442448720842e-19,929.5004224880676,929.5004224880673,995.8723604552939,995.8723604552937,-0.5,-0.5,-0.5,-0.5
1,572,12,after_integrate,0.5720000000000004,0.5710000000000004,0.001,0,0,0.5,0.0,0.0,,0.584280595415097,-1.2829237338168142e-17,7.2170226000157295e-16,2.7829829098511755e-15,0.0,0.0,8.082606396093704,0.5842805954150971,-2.7476668656624816e-16,208.51060975168988,208.51060975169003,197.1945251607485,197.19452516074855,-0.15162978710366248,0.1516297871036499,0.45113820389813114,-2.1832817173256583e-17,929.8414972681339,929.8414972681337,995.5905064397568,995.5905064397566,-0.5,-0.5,-0.5,-0.5
1,573,12,after_integrate,0.5730000000000004,0.5720000000000004,0.001,0,0,0.5,0.0,0.0,,0.5865220313882223,-1.285784049701821e-17,7.244721546062425e-16,2.7741051252866994e-15,0.0,0.0,8.098533902899266,0.5865220313882223,-2.748439319537701e-16,208.77553540342132,208.77553540342146,197.57393444443977,197.57393444443983,-0.15157886149639022,0.15157886149640284,0.45115707240962005,2.70177438032645e-17,930.1824995841082,930.182499584108,995.3106938844616,995.3106938844613,-0.5,-0.5,-0.5,-0.5
1,574,12,after_integrate,0.5740000000000004,0.5730000000000004,0.001,0,0,0.5,0.0,0.0,,0.5887678686696514,-1.2886098890233607e-17,7.272355862894555e-16,2.7921931692907745e-15,0.0,0.0,8.114462107928018,0.5887678686696514,-2.7537644580818223e-16,209.04078686602472,209.04078686602483,197.95301142434013,197.9530114243402,-0.15152687415603106,0.15152687415603106,0.451177617597965,-2.0351841584871783e-17,930.5234669337788,930.5234669337785,995.0330735379773,995.0330735379771,-0.5,-0.5,-0.5,-0.5
1,575,12,after_integrate,0.5750000000000004,0.5740000000000004,0.001,0,0,0.5,0.0,0.0,,0.5910181085253408,-1.29141942028256e-17,7.300161551779843e-16,2.805848604657661e-15,0.0,0.0,8.130391069491337,0.5910181085253408,-2.7525096737052836e-16,209.30636542540068,209.30636542540083,198.3317439513307,198.33174395133076,-0.15147383865360162,0.15147383865360162,0.4511997989124642,-2.2877736704438793e-17,930.8644359386872,930.8644359386869,994.7577919469908,994.7577919469906,-0.5,-0.5,-0.5,-0.5
1,576,12,after_integrate,0.5760000000000004,0.5750000000000004,0.001,0,0,0.5,0.0,0.0,,0.59327275221495,-1.2940530158113426e-17,7.32811722146401e-16,2.82871708855961e-15,0.0,0.0,8.146320844470159,0.59327275221495,-2.772908514076887e-16,209.57227249789955,209.5722724978997,198.71012061637137,198.71012061637143,-0.1514197684503466,0.15141976845035923,0.4512235758120973,2.014775904704564e-18,931.2054422873558,931.2054422873556,994.4849914013926,994.4849914013923,-0.5,-0.5,-0.5,-0.5
1,577,12,after_integrate,0.5770000000000004,0.5760000000000004,0.001,0,0,0.5,0.0,0.0,,0.5955318009918388,-1.2966663158171442e-17,7.356356271965226e-16,2.8500502914849547e-15,0.0,0.0,8.162251488316418,0.5955318009918388,-2.780731405922928e-16,209.83850962881183,209.83850962881198,199.088130738318,199.08813073831806,-0.1513646769036695,0.1513646769036695,0.4512489078072429,-2.322193444013383e-17,931.5465206858266,931.5465206858264,994.2148098913843,994.2148098913841,-0.5,-0.5,-0.5,-0.5
1,578,12,after_integrate,0.5780000000000004,0.5770000000000004,0.001,0,0,0.5,0.0,0.0,,0.597795256103065,-1.2991065919029685e-17,7.385209477463426e-16,2.955118146847286e-15,0.0,0.0,8.178183055055738,0.597795256103065,-2.7739401981782044e-16,210.10507849053556,210.1050784905357,199.46576435133792,199.46576435133798,-0.15130857727003344,0.15130857727003344,0.4512757544983594,-1.9996702254122108e-17,931.8877048144341,931.8877048144338,993.9473810739956,993.9473810739954,-0.5,-0.5,-0.5,-0.5
1,579,12,after_integrate,0.5790000000000004,0.5780000000000004,0.001,0,0,0.5,0.0,0.0,,0.6000631187893851,-1.3013470337930415e-17,7.414526471312251e-16,2.9218072975390058e-15,0.0,0.0,8.194115597291555,0.6000631187893851,-2.8027659091507176e-16,210.37198088060578,210.3719808806059,199.8430121919478,199.84301219194785,-0.15125148270956573,0.15125148270956573,0.4513040756134904,-2.0081732100863835e-17,932.229027288268,932.2290272882677,993.6828342472907,993.6828342472904,-0.5,-0.5,-0.5,-0.5
1,580,12,after_integrate,0.5800000000000004,0.5790000000000004,0.001,0,0,0.5,0.0,0.0,,0.6023353902852528,-1.3037088416737779e-17,7.443616303725522e-16,2.921639672806044e-15,0.0,0.0,8.210049166210474,0.6023353902852528,-2.8171490040283877e-16,210.639218719544,210.63921871954412,200.21986568571657,200.21986568571663,-0.15119340629031094,0.15119340629031094,0.4513338310435948,3.67142874229636e-18,932.5705196208777,932.5705196208775,993.4212943313149,993.4212943313147,-0.5,-0.5,-0.5,-0.5
1,581,12,after_integrate,0.5810000000000004,0.5800000000000004,0.001,0,0,0.5,0.0,0.0,,0.6046120718188209,-1.3060200190133806e-17,7.472638931253944e-16,2.982331196483905e-15,0.0,0.0,8.225983811588812,0.6046120718188208,-2.8208118710655525e-16,210.90679404853,210.90679404853012,200.5963169336693,200.59631693366936,-0.15113436099232347,0.15113436099232347,0.451364980875948,1.8924873245113913e-18,932.9122121907895,932.9122121907893,993.1628818551204,993.1628818551202,-0.5,-0.5,-0.5,-0.5
1,582,12,after_integrate,0.5820000000000004,0.5810000000000004,0.001,0,0,0.5,0.0,0.0,,0.6068931646119416,-1.3083541044424022e-17,7.50174252376275e-16,2.8964061619222185e-15,0.0,0.0,8.241919581800287,0.6068931646119416,-2.8279669184844717e-16,211.17470902691034,211.17470902691045,200.97235869842268,200.97235869842277,-0.1510743597116725,0.15107435971168506,0.4513974854256882,3.542285067446847e-18,933.2541342105255,933.2541342105253,992.907712949409,992.9077129494087,-0.5,-0.5,-0.5,-0.5
1,583,12,after_integrate,0.5830000000000004,0.5820000000000004,0.001,0,0,0.5,0.0,0.0,,0.6091786698801681,-1.3107734079720926e-17,7.530698767298165e-16,2.9137146547837094e-15,0.0,0.0,8.257856523824774,0.6091786698801681,-2.8051636760784383e-16,211.4429659295499,211.44296592955,201.3479843900843,201.34798439008435,-0.15101341526437134,0.15101341526437134,0.4514313052655692,-2.3435442243537892e-17,933.5963136979819,933.5963136979817,992.6558993444489,992.6558993444487,-0.5,-0.5,-0.5,-0.5
1,584,12,after_integrate,0.5840000000000004,0.5830000000000004,0.001,0,0,0.5,0.0,0.0,,0.6114685888327557,-1.3131647702417813e-17,7.559677938650813e-16,2.914061103641651e-15,0.0,0.0,8.273794683258036,0.6114685888327557,-2.8262266598972995e-16,211.71156714403386,211.71156714403398,201.72318805194345,201.72318805194354,-0.15095154039008157,0.15095154039008157,0.45146640125394283,4.1092063755765774e-18,933.9387774500647,933.9387774500644,992.4075483729936,992.4075483729933,-0.5,-0.5,-0.5,-0.5
1,585,12,after_integrate,0.5850000000000004,0.5840000000000004,0.001,0,0,0.5,0.0,0.0,,0.6137629226726645,-1.315543822833931e-17,7.588606547411985e-16,2.926427101958812e-15,0.0,0.0,8.289734104322438,0.6137629226726645,-2.8295181625163236e-16,211.9805151677275,211.98051516772762,202.09796434598252,202.09796434598258,-0.15088874775583788,0.15088874775583788,0.45150273456149864,3.237476460750667e-18,934.281551018518,934.2815510185178,992.1627629779546,992.1627629779543,-0.5,-0.5,-0.5,-0.5
1,586,12,after_integrate,0.5860000000000004,0.5850000000000004,0.001,0,0,0.5,0.0,0.0,,0.6160616725965605,-1.3178879520779981e-17,7.617689423659107e-16,2.923373320268055e-15,0.0,0.0,8.305674829878567,0.6160616725965605,-2.8350233830391207e-16,212.24981260470182,212.24981260470187,202.47230853823038,202.47230853823044,-0.15082504995949625,0.15082504995949625,0.4515402666953553,-2.590316002809526e-17,934.6246586879437,934.6246586879435,991.9216417246691,991.9216417246689,-0.5,-0.5,-0.5,-0.5
1,587,12,after_integrate,0.5870000000000004,0.5860000000000004,0.001,0,0,0.5,0.0,0.0,,0.6183648397948179,-1.3201593945887474e-17,7.646805865035026e-16,2.945881325232647e-15,0.0,0.0,8.321616901437514,0.6183648397948179,-2.8507241721034524e-16,212.5194621625294,212.5194621625295,202.84621648400372,202.84621648400378,-0.15076045953312686,0.15076045953312686,0.45157895952110466,6.87533644939399e-18,934.9681234558876,934.9681234558874,991.6842788173641,991.6842788173639,-0.5,-0.5,-0.5,-0.5
1,588,12,after_integrate,0.5880000000000004,0.5870000000000004,0.001,0,0,0.5,0.0,0.0,,0.6206724254515205,-1.3222452067350233e-17,7.676576982855782e-16,3.027967350950278e-15,0.0,0.0,8.337560359174129,0.6206724254515205,-2.8501121882220656e-16,212.7894666489637,212.78946664896378,203.21968461302217,203.21968461302225,-0.15069498894625405,0.15069498894625405,0.4516187752862489,3.758692375114314e-18,935.3119670150514,935.3119670150512,991.450764119931,991.4507641199308,-0.5,-0.5,-0.5,-0.5
1,589,12,after_integrate,0.5890000000000004,0.5880000000000004,0.001,0,0,0.5,0.0,0.0,,0.6229844307444637,-1.3243615978766534e-17,7.706539562491452e-16,3.0359901532445903e-15,0.0,0.0,8.35350524194092,0.6229844307444637,-2.862030834434655e-16,213.0598289685048,213.0598289685049,203.59270991445592,203.59270991445598,-0.15062865060891523,0.15062865060890263,0.4516596766393783,-4.5342715185818724e-17,935.6562097375808,935.6562097375805,991.2211831806004,991.2211831806004,-0.5,-0.5,-0.5,-0.5
1,590,12,after_integrate,0.5900000000000004,0.5890000000000004,0.001,0,0,0.5,0.0,0.0,,0.6253008568451563,-1.326497685111793e-17,7.736711905579371e-16,2.9766245001787482e-15,0.0,0.0,8.369451587282617,0.6253008568451563,-2.87707604229216e-16,213.3305521188611,213.33055211886114,203.9652899219107,203.96528992191074,-0.15056145687455177,0.1505614568745644,0.4517016266488023,3.092193222029042e-17,936.0008706613359,936.0008706613359,990.9956172603594,990.9956172603594,-0.5,-0.5,-0.5,-0.5
1,591,12,after_integrate,0.5910000000000004,0.5900000000000004,0.001,0,0,0.5,0.0,0.0,,0.627621704918822,-1.3287926073476863e-17,7.766857075967743e-16,3.0913534814497526e-15,0.0,0.0,8.38539943145135,0.627621704918822,-2.8663978075616533e-16,213.60163918731422,213.60163918731428,204.33742269837455,204.33742269837458,-0.15049342004290864,0.15049342004292127,0.45174458881976504,-2.9873020117644323e-19,936.3459674781999,936.3459674781999,990.774143365009,990.774143365009,-0.5,-0.5,-0.5,-0.5
1,592,12,after_integrate,0.5920000000000004,0.5910000000000004,0.001,0,0,0.5,0.0,0.0,,0.6299469761243998,-1.3310620482302808e-17,7.797081189882693e-16,3.0824841222558353e-15,0.0,0.0,8.401348809422425,0.6299469761243998,-2.8866898107728975e-16,213.87309334699535,213.87309334699538,204.70910682114618,204.70910682114624,-0.1504245523624751,0.15042455236246247,0.4517885271103179,-1.7832778198872467e-17,936.6915165243527,936.6915165243527,990.5568342806466,990.5568342806464,-0.5,-0.5,-0.5,-0.5
1,593,12,after_integrate,0.5930000000000004,0.5920000000000004,0.001,0,0,0.5,0.0,0.0,,0.632276671614546,-1.3332118350917044e-17,7.827760369884831e-16,3.1203978623280062e-15,0.0,0.0,8.417299754910585,0.632276671614546,-2.8704909516592054e-16,214.14491785308024,214.14491785308027,205.08034136676298,205.08034136676307,-0.150354866033022,0.150354866033022,0.45183340594590976,-2.0156656274347078e-17,937.0375327724707,937.0375327724707,990.3437586123985,990.3437586123982,-0.5,-0.5,-0.5,-0.5
1,594,12,after_integrate,0.5940000000000004,0.5930000000000004,0.001,0,0,0.5,0.0,0.0,,0.6346107925356349,-1.3351989636298001e-17,7.858814686993874e-16,3.0716911291913117e-15,0.0,0.0,8.433252300386812,0.6346107925356349,-2.877608083484812e-16,214.41711603891082,214.41711603891085,205.45112589594746,205.45112589594748,-0.15028437320793256,0.15028437320791993,0.45187919023275563,-4.773552323674982e-17,937.3840298258207,937.3840298258207,990.1349808262366,990.1349808262366,-0.5,-0.5,-0.5,-0.5
1,595,12,after_integrate,0.5950000000000004,0.5940000000000004,0.001,0,0,0.5,0.0,0.0,,0.6369493400277588,-1.337407180666506e-17,7.889353563042839e-16,3.099460075544436e-15,0.0,0.0,8.449206477095522,0.6369493400277588,-2.908412172184347e-16,214.689691312051,214.68969131205102,205.82146043858802,205.82146043858805,-0.15021308599625047,0.15021308599625047,0.4519258453700013,-2.3066995948070058e-17,937.7310199142494,937.7310199142494,989.9305612937666,989.9305612937666,-0.5,-0.5,-0.5,-0.5
1,596,12,after_integrate,0.5960000000000004,0.5950000000000004,0.001,0,0,0.5,0.0,0.0,,0.6392923152247288,-1.3397509842300908e-17,7.919720971715919e-16,3.0247627749576403e-15,0.0,0.0,8.465162315072178,0.6392923152247288,-2.9380625357319637e-16,214.9626471502844,214.96264715028443,206.19134547877118,206.19134547877124,-0.15014101646474942,0.15014101646474942,0.45197333726076333,-1.9681024783470843e-17,938.078513891949,938.078513891949,989.7305563397362,989.7305563397359,-0.5,-0.5,-0.5,-0.5
1,597,12,after_integrate,0.5970000000000004,0.5960000000000004,0.001,0,0,0.5,0.0,0.0,,0.6416397192540743,-1.3422154386280407e-17,7.949910926397917e-16,3.0253900145462614e-15,0.0,0.0,8.481119843161272,0.6416397192540744,-2.9340640763625967e-16,215.23598709756112,215.23598709756115,206.5607819398792,206.5607819398793,-0.15006817663966973,0.15006817663968233,0.4520216323220501,2.872882446212408e-17,938.4265212370475,938.4265212370475,989.5350182922032,989.535018292203,-0.5,-0.5,-0.5,-0.5
1,598,12,after_integrate,0.5980000000000004,0.5970000000000004,0.001,0,0,0.5,0.0,0.0,,0.6439915532370434,-1.3447413127514399e-17,7.979983774959493e-16,2.992682817185423e-15,0.0,0.0,8.497079089034624,0.6439915532370434,-2.9318330842547516e-16,215.50971475990158,215.5097147599016,206.9297711697683,206.9297711697684,-0.14999457850846276,0.14999457850845013,0.45207069749366885,-1.9239876396963995e-17,938.775050052936,938.775050052936,989.3439955351722,989.343995535172,-0.5,-0.5,-0.5,-0.5
1,599,12,after_integrate,0.5990000000000004,0.5980000000000004,0.001,0,0,0.5,0.0,0.0,,0.6463478182886018,-1.347213827046918e-17,8.009665351475222e-16,3.04259786594091e-15,0.0,0.0,8.513040079209953,0.6463478182886018,-2.9461653436665777e-16,215.78383380126402,215.78383380126405,207.29831492604035,207.2983149260404,-0.14992023402119167,0.14992023402117907,0.4521205002460843,-1.9894246586656774e-17,939.1241070712617,939.1241070712617,989.1575325635159,989.1575325635157,-0.5,-0.5,-0.5,-0.5
1,600,12,after_integrate,0.6000000000000004,0.5990000000000004,0.001,0,0,0.5,0.0,0.0,,0.6487085155174321,-1.3497116108463876e-17,8.039793889796343e-16,3.0407147498295954e-15,0.0,0.0,8.529002839069749,0.6487085155174321,-2.952562769905765e-16,216.0583479393834,216.05834793938342,207.66641536142103,207.66641536142112,-0.14984515509200344,0.14984515509200344,0.4521710085873393,4.4160113949929546e-18,939.4736976566398,939.4736976566398,988.9756700401393,988.9756700401391,-0.5,-0.5,-0.5,-0.5
1,601,13,after_integrate,0.6010000000000004,0.6000000000000004,0.001,0,0,0.5,0.0,0.0,,0.6510736460259332,-1.3521246033436174e-17,8.070007195912544e-16,3.0245686063810024e-15,0.0,0.0,8.54496739288031,0.6510736460259332,-2.9565949836072993e-16,216.33326094158858,216.3332609415886,208.0340750092566,208.0340750092567,-0.14976935360030705,0.14976935360029445,0.4522221910690407,-4.331852687907289e-17,939.8238258128996,939.8238258128996,988.7984448551099,988.7984448551097,-0.5,-0.5,-0.5,-0.5
1,602,13,after_integrate,0.6020000000000004,0.6010000000000004,0.001,0,0,0.5,0.0,0.0,,0.6534432109102183,-1.3545709101300665e-17,8.100073748679733e-16,2.9900383989933467e-15,0.0,0.0,8.560933763811002,0.6534432109102183,-2.982228796136616e-16,216.6085766206045,216.60857662060454,208.40129676913986,208.40129676913992,-0.14969284139179723,0.1496928413917846,0.4522740167914598,-1.6575293356506205e-17,940.1744941909666,940.1744941909666,988.6258901867637,988.6258901867635,-0.5,-0.5,-0.5,-0.5
1,603,13,after_integrate,0.6030000000000004,0.6020000000000004,0.001,0,0,0.5,0.0,0.0,,0.6558172112601137,-1.3572950549675434e-17,8.129705005730734e-16,3.146826868596193e-15,0.0,0.0,8.576901973953685,0.6558172112601137,-2.9897960940722023e-16,216.8842988303464,216.88429883034644,208.76808389267666,208.7680838926767,-0.14961563027938682,0.14961563027939945,0.45232645540776717,1.0645684449589705e-18,940.5257040982067,940.5257040982067,988.4580355645269,988.4580355645267,-0.5,-0.5,-0.5,-0.5
1,604,13,after_integrate,0.6040000000000004,0.6030000000000004,0.001,0,0,0.5,0.0,0.0,,0.6581956481591574,-1.3594710007815737e-17,8.161133748781874e-16,3.0459729130493863e-15,0.0,0.0,8.592872044342231,0.6581956481591574,-2.98165313052139e-16,217.16043146171256,217.1604314617126,209.13443996940208,209.13443996940214,-0.1495377320440619,0.14953773204407453,0.45237947712750637,2.916750895246878e-17,940.8774555092805,940.8774555092805,988.2949069334285,988.2949069334283,-0.5,-0.5,-0.5,-0.5
1,605,13,after_integrate,0.6050000000000004,0.6040000000000004,0.001,0,0,0.5,0.0,0.0,,0.6605785226845967,-1.3619744708418141e-17,8.190908808751291e-16,2.9888831379106202e-15,0.0,0.0,8.608843994972196,0.6605785226845967,-2.993631176285397e-16,217.43697843838157,217.4369784383816,209.50036891285637,209.50036891285646,-0.149459158435456,0.14945915843546861,0.4524330527192342,4.677397177505448e-18,941.2297470783788,941.2297470783788,988.1365267200898,988.1365267200896,-0.5,-0.5,-0.5,-0.5
1,606,13,after_integrate,0.6060000000000004,0.6050000000000004,0.001,0,0,0.5,0.0,0.0,,0.662965835907386,-1.3644447102816141e-17,8.220790510719887e-16,3.0145817040115213e-15,0.0,0.0,8.624817844820525,0.6629658359073861,-2.985684311065269e-16,217.7139437126212,217.71394371262122,209.86587494682843,209.86587494682848,-0.1493799211723855,0.1493799211723981,0.45248715351245183,4.97980392993857e-18,941.5825761528557,941.5825761528557,987.9829139001403,987.98291390014,-0.5,-0.5,-0.5,-0.5
1,607,13,after_integrate,0.6070000000000004,0.6060000000000004,0.001,0,0,0.5,0.0,0.0,,0.6653575888921847,-1.3669464889845489e-17,8.250337418692345e-16,2.9574151163178477e-15,0.0,0.0,8.640793611865346,0.6653575888921847,-3.0062164141385557e-16,217.9913312611141,217.99133126111414,210.23096259177558,210.23096259177564,-0.14930003194328334,0.1493000319432833,0.45254175139885455,-2.2022175624300038e-17,941.935938788174,941.935938788174,987.8340840669077,987.8340840669075,-0.5,-0.5,-0.5,-0.5
1,608,13,after_integrate,0.6080000000000004,0.6070000000000004,0.001,0,0,0.5,0.0,0.0,,0.6677537826973545,-1.3694670045636498e-17,8.279856737026124e-16,2.9327098064142765e-15,0.0,0.0,8.656771313105752,0.6677537826973544,-2.9949541815110654e-16,218.26914508080662,218.26914508080665,210.59563665142653,210.59563665142662,-0.1492195024064169,0.1492195024064169,0.45259681883284986,4.3187089728185605e-18,942.2898297640991,942.2898297640991,987.6900495012528,987.6900495012526,-0.5,-0.5,-0.5,-0.5
1,609,13,after_integrate,0.6090000000000004,0.6080000000000004,0.001,0,0,0.5,0.0,0.0,,0.6701544183749572,-1.3722820635918488e-17,8.308456334203274e-16,2.9532535557611547e-15,0.0,0.0,8.672750964581624,0.6701544183749572,-3.025605723609528e-16,218.54738918478608,218.5473891847861,210.9599021995754,210.95990219957542,-0.14913834419010663,0.14913834419010663,0.45265232883149803,-1.9131610210641012e-17,942.6442426021492,942.6442426021492,987.5508192424957,987.5508192424957,-0.5,-0.5,-0.5,-0.5
1,610,13,after_integrate,0.6100000000000004,0.6090000000000004,0.001,0,0,0.5,0.0,0.0,,0.6725594969707512,-1.3749028718808125e-17,8.337951815968531e-16,2.9396066015613114e-15,0.0,0.0,8.688732581393419,0.6725594969707512,-3.0086495248167695e-16,218.82606759819234,218.8260675981924,211.32376456707175,211.3237645670718,-0.1490565688927292,0.14905656889274183,0.452708254973803,3.688604048626406e-17,942.9991695841854,942.9991695841854,987.4163991602662,987.416399160266,-0.5,-0.5,-0.5,-0.5
1,611,13,after_integrate,0.6110000000000004,0.6100000000000004,0.001,0,0,0.5,0.0,0.0,,0.6749690195241898,-1.377353966999981e-17,8.36712976506519e-16,2.847515993851603e-15,0.0,0.0,8.704716177721917,0.6749690195241899,-3.0113081294148924e-16,219.10518435416841,219.10518435416844,211.68722932901457,211.68722932901463,-0.14897418808268514,0.14897418808268514,0.45276457139944803,-1.851000852092525e-17,943.3546017721004,943.3546017721004,987.2867920271731,987.2867920271729,-0.5,-0.5,-0.5,-0.5
1,612,13,after_integrate,0.6120000000000004,0.6110000000000004,0.001,0,0,0.5,0.0,0.0,,0.6773829870684167,-1.3800490797628942e-17,8.395467466934746e-16,2.93487647575444e-15,0.0,0.0,8.720701766847935,0.6773829870684167,-3.0228530873058715e-16,219.3847434898555,219.38474348985557,212.0503022921537,212.05030229215376,-0.14889121329821603,0.14889121329821603,0.4528212528069774,-1.8622296755109743e-17,943.7105290286116,943.7105290286116,987.1619975922634,987.1619975922632,-0.5,-0.5,-0.5,-0.5
1,613,13,after_integrate,0.6130000000000004,0.6120000000000004,0.001,0,0,0.5,0.0,0.0,,0.6798014006302647,-1.3823530537517183e-17,8.425148882430943e-16,3.0120726225601912e-15,0.0,0.0,8.736689361171935,0.6798014006302648,-3.0226545250995494e-16,219.6647490424371,219.66474904243714,212.41298948250494,212.412989482505,-0.1488076560471599,0.14880765604714727,0.4528782744514539,-1.9942228031587362e-17,944.06694003905,944.06694003905,987.0420126551054,987.0420126551052,-0.5,-0.5,-0.5,-0.5
1,614,13,after_integrate,0.6140000000000004,0.6130000000000004,0.001,0,0,0.5,0.0,0.0,,0.6822242612302511,-1.3846976573548371e-17,8.454389585408976e-16,2.9365025529014535e-15,0.0,0.0,8.752678972233557,0.682224261230251,-3.064019419228079e-16,219.9452050452366,219.9452050452367,212.77529713318341,212.7752971331835,-0.14872352780660916,0.14872352780660916,0.45293561214162753,-1.8211018243489838e-17,944.4238223340697,944.4238223340694,986.9268311403774,986.9268311403772,-0.5,-0.5,-0.5,-0.5
1,615,13,after_integrate,0.6150000000000004,0.6140000000000004,0.001,0,0,0.5,0.0,0.0,,0.6846515698825757,-1.3869634256263025e-17,8.483723935511702e-16,2.896327329262081e-15,0.0,0.0,8.768670610731043,0.6846515698825757,-3.0507112661772193e-16,220.22611552387326,220.22611552387332,213.1372316724585,213.13723167245857,-0.14863884002248315,0.14863884002247055,0.45299324223664833,-4.590614849398167e-17,944.7811623133404,944.7811623133401,986.816444172995,986.8164441729948,-0.5,-0.5,-0.5,-0.5
1,616,13,after_integrate,0.6160000000000004,0.6150000000000004,0.001,0,0,0.5,0.0,0.0,,0.6870833275951169,-1.389383828413537e-17,8.512501396332157e-16,2.9528763400418947e-15,0.0,0.0,8.78466428654053,0.6870833275951168,-3.080703344920352e-16,220.50748449247973,220.50748449247982,213.49879971203498,213.49879971203507,-0.14855360410896445,0.14855360410896445,0.45305114164232496,2.5389450547631535e-18,945.138945270028,945.1389452700278,986.7108401535264,986.7108401535262,-0.5,-0.5,-0.5,-0.5
1,617,13,after_integrate,0.6170000000000004,0.6160000000000004,0.001,0,0,0.5,0.0,0.0,,0.6895195353694291,-1.3915411651174585e-17,8.541843677389416e-16,2.9080869727588987e-15,0.0,0.0,8.800660008735196,0.6895195353694291,-3.076082970780815e-16,220.78931594998625,220.78931594998633,213.8600080355634,213.86000803556345,-0.14846783144799128,0.14846783144797868,0.4531092878069847,-2.111798963584194e-17,945.497155416117,945.4971554161168,986.6100048339341,986.6100048339339,-0.5,-0.5,-0.5,-0.5
1,618,13,after_integrate,0.6180000000000004,0.6170000000000004,0.001,0,0,0.5,0.0,0.0,,0.6919601942007394,-1.393654754851337e-17,8.571141361301509e-16,3.0326777308806865e-15,0.0,0.0,8.816657785604274,0.6919601942007393,-3.090283839511203e-16,221.0716138764733,221.07161387647338,214.22086358738173,214.22086358738176,-0.1483815333885141,0.14838153338852672,0.4531676587169423,-5.5581345814977045e-19,945.8557758977082,945.855775897708,986.5139213827283,986.5139213827283,-0.5,-0.5,-0.5,-0.5
1,619,13,after_integrate,0.6190000000000004,0.6180000000000004,0.001,0,0,0.5,0.0,0.0,,0.6944053050779443,-1.3956009496495947e-17,8.601237285657113e-16,3.0984368459664115e-15,0.0,0.0,8.83265762467188,0.6944053050779443,-3.112792343129671e-16,221.35438222945288,221.35438222945297,214.5813734613466,214.5813734613467,-0.1482947212458458,0.14829472124585844,0.4532262328915844,3.2841010739805532e-18,946.2147886907225,946.2147886907222,986.422570329947,986.4225703299468,-0.5,-0.5,-0.5,-0.5
1,620,13,after_integrate,0.6200000000000004,0.6190000000000004,0.001,0,0,0.5,0.0,0.0,,0.6968548689836066,-1.3972737815681453e-17,8.632112072085706e-16,3.0593219505139273e-15,0.0,0.0,8.84865953271566,0.6968548689836066,-3.083079199344044e-16,221.6376249399042,221.6376249399043,214.9415448895796,214.9415448895797,-0.1482074063008156,0.14820740630080298,0.4532849893781548,-2.1492275865694006e-17,946.574174641864,946.5741746418638,986.3359296567811,986.3359296567809,-0.5,-0.5,-0.5,-0.5
1,621,13,after_integrate,0.6210000000000004,0.6200000000000004,0.001,0,0,0.5,0.0,0.0,,0.6993088868939522,-1.3989266332937242e-17,8.662434754389989e-16,3.074858939501692e-15,0.0,0.0,8.86466351578526,0.6993088868939521,-3.108898597882035e-16,221.92134590865274,221.9213459086528,215.30138523171655,215.30138523171664,-0.14811959979891678,0.14811959979891678,0.4533439077461748,2.248741750355046e-18,946.9339135773067,946.9339135773065,986.2539749522798,986.2539749522796,-0.5,-0.5,-0.5,-0.5
1,622,13,after_integrate,0.6220000000000004,0.6210000000000004,0.001,0,0,0.5,0.0,0.0,,0.7017673597788674,-1.4005955278518374e-17,8.692998112811632e-16,3.0665093099370713e-15,0.0,0.0,8.88066957922059,0.7017673597788674,-3.1066968037186704e-16,222.2055490029495,222.2055490029496,215.66090196451665,215.66090196451674,-0.14803131294948646,0.14803131294948646,0.4534029680816003,-2.1406977672681854e-17,947.2939843484572,947.293984348457,986.1766795064707,986.1766795064705,-0.5,-0.5,-0.5,-0.5
1,623,13,after_integrate,0.6230000000000004,0.6220000000000004,0.001,0,0,0.5,0.0,0.0,,0.7042302886018945,-1.4023805713724856e-17,8.723046337156023e-16,2.999490191209695e-15,0.0,0.0,8.896677727669873,0.7042302886018945,-3.1444051293530015e-16,222.49023805317256,222.49023805317265,216.02010267175078,216.02010267175086,-0.1479425569246905,0.14794255692470312,0.45346215098069215,2.979028330656876e-17,947.6543648798646,947.6543648798644,986.1040144049367,986.1040144049365,-0.5,-0.5,-0.5,-0.5
1,624,13,after_integrate,0.6240000000000004,0.6230000000000004,0.001,0,0,0.5,0.0,0.0,,0.7066976743202303,-1.4042299530814094e-17,8.752919193075196e-16,3.020598240097339e-15,0.0,0.0,8.912687965107459,0.7066976743202303,-3.1186682119940558e-16,222.7754168496488,222.77541684964885,216.3789950343663,216.3789950343664,-0.14785334285859209,0.1478533428586047,0.4535214375436247,3.053230888770499e-17,948.0150322098139,948.0150322098136,986.035948615377,986.0359486153768,-0.5,-0.5,-0.5,-0.5
1,625,13,after_integrate,0.6250000000000004,0.6240000000000004,0.001,0,0,0.5,0.0,0.0,,0.7091695178847216,-1.4059664946745913e-17,8.782983330852169e-16,3.0364104108624256e-15,0.0,0.0,8.928700294851453,0.7091695178847215,-3.112472049718528e-16,223.06108913958684,223.06108913958693,216.7375868209182,216.73758682091827,-0.14776368184607763,0.14776368184609023,0.4535808093678659,2.310959605634628e-18,948.3759625262563,948.3759625262561,985.9724490687814,985.9724490687812,-0.5,-0.5,-0.5,-0.5
1,626,13,after_integrate,0.6260000000000004,0.6250000000000004,0.001,0,0,0.5,0.0,0.0,,0.7116458202398636,-1.4076525258041455e-17,8.812665239041714e-16,2.9469240564934224e-15,0.0,0.0,8.944714719581055,0.7116458202398636,-3.123507141186964e-16,223.34725862411312,223.34725862411318,217.09588587825567,217.09588587825573,-0.14767358494186633,0.14767358494187893,0.4536402485413481,2.698020966318496e-18,948.7371312002524,948.7371312002522,985.9134807373821,985.9134807373819,-0.5,-0.5,-0.5,-0.5
1,627,13,after_integrate,0.6270000000000004,0.6260000000000004,0.001,0,0,0.5,0.0,0.0,,0.7141265823237954,-1.4093337230063035e-17,8.842146733787182e-16,2.9802596653548684e-15,0.0,0.0,8.960731241353686,0.7141265823237954,-3.1206490806023836e-16,223.6339289554072,223.63392895540727,217.45390012246054,217.4539001224606,-0.14758306315940373,0.14758306315941636,0.45369973763542654,2.292694171310643e-17,949.0985128183607,949.0985128183605,985.8590067107978,985.8590067107975,-0.5,-0.5,-0.5,-0.5
1,628,13,after_integrate,0.6280000000000004,0.6270000000000004,0.001,0,0,0.5,0.0,0.0,,0.7166118050682995,-1.4109475197192293e-17,8.87123911406797e-16,2.918276652708257e-15,0.0,0.0,8.976749861621865,0.7166118050682996,-3.1243638835377047e-16,223.92110373393524,223.9211037339353,217.8116375300336,217.81163753003366,-0.14749212746973878,0.14749212746973878,0.45375925969767483,5.5414760264499795e-18,949.4600812144189,949.4600812144187,985.8089882708108,985.8089882708106,-0.5,-0.5,-0.5,-0.5
1,629,13,after_integrate,0.6290000000000004,0.6280000000000004,0.001,0,0,0.5,0.0,0.0,,0.7191014893987967,-1.4123619768818793e-17,8.900848820334799e-16,3.0022701055522197e-15,0.0,0.0,8.992770581249793,0.7191014893987967,-3.125572840622076e-16,224.20878650578112,224.2087865057812,218.1691061293275,218.16910612932756,-0.14740078880043725,0.14740078880043725,0.4538187982445113,-2.060162001084457e-17,949.821809501208,949.8218095012078,985.7633849652507,985.7633849652505,-0.5,-0.5,-0.5,-0.5
1,630,13,after_integrate,0.6300000000000004,0.6290000000000004,0.001,0,0,0.5,0.0,0.0,,0.7215956362343455,-1.413847514076753e-17,8.930613608619502e-16,3.0662758742044702e-15,0.0,0.0,9.008793400529736,0.7215956362343456,-3.125779263956872e-16,224.49698076007618,224.49698076007627,218.52631399222452,218.5263139922246,-0.14730905803442945,0.14730905803442945,0.45387833725368704,-1.9865368220504048e-17,950.1836701020351,950.1836701020349,985.7221546810134,985.7221546810132,-0.5,-0.5,-0.5,-0.5
1,631,13,after_integrate,0.6310000000000004,0.6300000000000004,0.001,0,0,0.5,0.0,0.0,,0.7240942464876383,-1.4150888780330574e-17,8.96110930801659e-16,3.0165623677375164e-15,0.0,0.0,9.024818319198092,0.7240942464876383,-3.1456176542119197e-16,224.78568992652714,224.78568992652723,218.8832692260588,218.88326922605884,-0.14721694600886914,0.14721694600888177,0.45393786115663226,3.039480105767047e-17,950.5456347824082,950.545634782408,985.6852537163813,985.6852537163811,-0.5,-0.5,-0.5,-0.5
1,632,13,after_integrate,0.6320000000000005,0.6310000000000004,0.001,0,0,0.5,0.0,0.0,,0.7265973210649999,-1.4164689634153363e-17,8.991102488249397e-16,3.0327768426471886e-15,0.0,0.0,9.040845336451198,0.7265973210649997,-3.1313819900761734e-16,225.07491737304395,225.074917373044,219.23997996578132,219.23997996578137,-0.14712446351396571,0.14712446351396571,0.45399735483071924,-1.9619129277917404e-17,950.9076746817232,950.9076746817229,985.6526368525571,985.6526368525568,-0.5,-0.5,-0.5,-0.5
1,633,13,after_integrate,0.6330000000000005,0.6320000000000005,0.001,0,0,0.5,0.0,0.0,,0.7291048608663843,-1.4177482568145824e-17,9.021242422072154e-16,2.9973598197848038e-15,0.0,0.0,9.056874450960873,0.7291048608663843,-3.1595021841714295e-16,225.36466640346694,225.364666403467,219.5964543663669,219.596454366367,-0.1470316212918408,0.14703162129182817,0.4540568035913891,-2.0466511285246727e-17,951.269760345003,951.2697603450027,985.6242574244415,985.6242574244412,-0.5,-0.5,-0.5,-0.5
1,634,13,after_integrate,0.6340000000000005,0.6330000000000005,0.001,0,0,0.5,0.0,0.0,,0.7316168667853739,-1.4188329288126645e-17,9.051961908189128e-16,3.211894511249705e-15,0.0,0.0,9.072905660889678,0.7316168667853739,-3.156262681444929e-16,225.65494025539508,225.6549402553951,219.95270059546164,219.9527005954617,-0.14693843003530901,0.14693843003530901,0.45411619318424723,-1.7658330267382116e-17,951.6318617546871,951.6318617546871,985.60006739066,985.6000673906598,-0.5,-0.5,-0.5,-0.5
1,635,13,after_integrate,0.6350000000000005,0.6340000000000005,0.001,0,0,0.5,0.0,0.0,,0.7341333397091757,-1.4196692420098944e-17,9.083727356378472e-16,3.2102139693044486e-15,0.0,0.0,9.088938963905894,0.7341333397091756,-3.1873634802279103e-16,225.94574209811395,225.94574209811398,220.3087268262689,220.30872682626895,-0.1468449003868348,0.14684490038682216,0.4541755097770431,-4.8541454618238924e-17,951.9939483623523,951.9939483623523,985.5800174027013,985.5800174027011,-0.5,-0.5,-0.5,-0.5
1,636,13,after_integrate,0.6360000000000005,0.6350000000000005,0.001,0,0,0.5,0.0,0.0,,0.7366542805186207,-1.420474858071332e-17,9.115641824950949e-16,3.20636116740831e-15,0.0,0.0,9.104974357198222,0.7366542805186207,-3.2053183732994986e-16,226.23707503062505,226.23707503062508,220.6645412306737,220.6645412306738,-0.14675104293721197,0.14675104293721197,0.4542347399516206,4.801430900966107e-18,952.3559891204762,952.3559891204762,985.5640568732872,985.564056873287,-0.5,-0.5,-0.5,-0.5
1,637,13,after_integrate,0.6370000000000005,0.6360000000000005,0.001,0,0,0.5,0.0,0.0,,0.7391796900881614,-1.421356970898121e-17,9.147483614563416e-16,3.2296162744832497e-15,0.0,0.0,9.12101183749019,0.7391796900881615,-3.1966451521031715e-16,226.5289420797757,226.52894207977573,221.02015197260218,221.02015197260224,-0.14665686822459673,0.14665686822460933,0.4542938706958393,3.1217595060440064e-17,952.7179525140793,952.7179525140793,985.5521340438039,985.5521340438037,-0.5,-0.5,-0.5,-0.5
1,638,13,after_integrate,0.6380000000000005,0.6370000000000005,0.001,0,0,0.5,0.0,0.0,,0.7417095692858701,-1.422041376232141e-17,9.179605277083276e-16,3.2251432235846e-15,0.0,0.0,9.137051401054293,0.74170956928587,-3.190784785591744e-16,226.82134619848944,226.82134619848946,221.37556720161461,221.37556720161464,-0.14656238673322675,0.14656238673322675,0.4543528893954349,3.3899281299453208e-18,953.07980659228,953.07980659228,985.54419605083,985.54419605083,-0.5,-0.5,-0.5,-0.5
1,639,13,after_integrate,0.6390000000000005,0.6380000000000005,0.001,0,0,0.5,0.0,0.0,,0.7442439189734369,-1.42278715501084e-17,9.211641442935571e-16,3.2771462370048856e-15,0.0,0.0,9.153093043725832,0.7442439189734368,-3.2044627483010593e-16,227.11429026409695,227.11429026409698,221.73079504673075,221.7307950467308,-0.1464676088923549,0.1464676088923549,0.45441178382589975,5.71666214009854e-18,953.4415189997235,953.4415189997235,985.5401889917218,985.5401889917216,-0.5,-0.5,-0.5,-0.5
1,640,13,after_integrate,0.6400000000000005,0.6390000000000005,0.001,0,0,0.5,0.0,0.0,,0.7467827400061685,-1.4235463957716917e-17,9.244162652068794e-16,3.2274495927336563e-15,0.0,0.0,9.169136760916459,0.7467827400061685,-3.1970033826190744e-16,227.40777707676676,227.4077770767668,222.0858436104841,222.08584361048415,-0.14637254507513436,0.14637254507513436,0.4544705421443245,6.3526924658603394e-18,953.8030570078781,953.8030570078781,985.5400579892498,985.5400579892496,-0.5,-0.5,-0.5,-0.5
1,641,13,after_integrate,0.6410000000000005,0.6400000000000005,0.001,0,0,0.5,0.0,0.0,,0.7493260332329865,-1.424253135084858e-17,9.276241273771595e-16,3.1277448319211872e-15,0.0,0.0,9.18518254762747,0.7493260332329865,-3.2129957371601868e-16,227.70180935803546,227.70180935803555,222.44072096320372,222.44072096320377,-0.14627720559754312,0.1462772055975305,0.4545291528812781,-4.636279243549073e-17,954.1643875460775,954.1643875460773,985.5437472551669,985.5437472551666,-0.5,-0.5,-0.5,-0.5
1,642,13,after_integrate,0.6420000000000005,0.6410000000000005,0.001,0,0,0.5,0.0,0.0,,0.7518737994964256,-1.4257339507521866e-17,9.306276816552606e-16,2.987851152906893e-15,0.0,0.0,9.20123039846277,0.7518737994964256,-3.2483525243334987e-16,227.99638974943682,227.99638974943693,222.7954351375205,222.7954351375206,-0.14618160071727215,0.14618160071727215,0.45458760493269385,4.260870558364625e-18,954.5254772324116,954.5254772324114,985.5512001528197,985.5512001528194,-0.5,-0.5,-0.5,-0.5
1,643,13,after_integrate,0.6430000000000005,0.6420000000000005,0.001,0,0,0.5,0.0,0.0,,0.7544260396326326,-1.4275733438610046e-17,9.335125091103024e-16,2.7372056702927054e-15,0.0,0.0,9.217280307641593,0.7544260396326326,-3.2563597500657085e-16,228.2915208112284,228.2915208112285,223.14999412309567,223.14999412309572,-0.14608574063271657,0.14608574063271657,0.45464588755176155,-2.079605528958018e-18,954.8862924043483,954.8862924043481,985.5623592586785,985.5623592586783,-0.5,-0.5,-0.5,-0.5
1,644,13,after_integrate,0.6440000000000005,0.6430000000000005,0.001,0,0,0.5,0.0,0.0,,0.7569827544713645,-1.4299908612081485e-17,9.36048004608383e-16,2.4234934228621223e-15,0.0,0.0,9.233332269010901,0.7569827544713645,-3.236549799650861e-16,228.5872050212157,228.58720502121582,223.5044058615685,223.5044058615686,-0.14598963548193136,0.14598963548191873,0.454703990340897,-5.566942775842623e-17,955.2467991490817,955.2467991490814,985.5771664227883,985.5771664227881,-0.5,-0.5,-0.5,-0.5
1,645,13,after_integrate,0.6450000000000005,0.6440000000000005,0.001,0,0,0.5,0.0,0.0,,0.7595439448359882,-1.4324153084418985e-17,9.38352319639648e-16,2.2130467564576317e-15,0.0,0.0,9.24938627605754,0.7595439448359882,-3.260405598804058e-16,228.88344477367244,228.88344477367252,223.858678241721,223.85867824172112,-0.1458932953416146,0.145893295341602,0.4547619032437161,-3.088103459877543e-17,955.6069633335885,955.6069633335883,985.5955628281396,985.5955628281394,-0.5,-0.5,-0.5,-0.5
1,646,13,after_integrate,0.6460000000000005,0.6450000000000005,0.001,0,0,0.5,0.0,0.0,,0.762109611543478,-1.434961815154865e-17,9.403789210537923e-16,1.8608360316893488e-15,0.0,0.0,9.265442321920064,0.762109611543478,-3.287905434048921e-16,229.1802423783554,229.1802423783555,224.21281909485592,224.2128190948561,-0.14579673022616882,0.1457967302261562,0.454819616537104,-5.3573929619617227e-17,955.9667506343824,955.9667506343822,985.6174890489299,985.6174890489297,-0.5,-0.5,-0.5,-0.5
1,647,13,after_integrate,0.6470000000000005,0.6460000000000005,0.001,0,0,0.5,0.0,0.0,,0.7646797554044156,-1.437589129250872e-17,9.420647684160277e-16,1.566579331052962e-15,0.0,0.0,9.281500399400352,0.7646797554044157,-3.293704801249282e-16,229.47760005961368,229.4776000596138,224.56683619038563,224.56683619038577,-0.14569995008671444,0.14569995008671444,0.4548771208233016,-5.622448085862254e-18,956.3261265669004,956.3261265669001,985.6428851076845,985.6428851076843,-0.5,-0.5,-0.5,-0.5
1,648,13,after_integrate,0.6480000000000005,0.6470000000000005,0.001,0,0,0.5,0.0,0.0,,0.767254377222988,-1.440077587092601e-17,9.434620235769624e-16,1.3228979180164915e-15,0.0,0.0,9.297560500974878,0.7672543772229878,-3.307526602789855e-16,229.77551995559008,229.77551995559023,224.92073723162866,224.9207372316288,-0.14560296481019502,0.14560296481020765,0.45493440702210763,-4.713818560456862e-18,956.6850565145573,956.6850565145571,985.6716905312502,985.67169053125,-0.5,-0.5,-0.5,-0.5
1,649,13,after_integrate,0.6490000000000005,0.6480000000000005,0.001,0,0,0.5,0.0,0.0,,0.769833477796987,-1.442144934660516e-17,9.44672600593251e-16,1.114725653196807e-15,0.0,0.0,9.313622618805752,0.769833477796987,-3.289485131518114e-16,230.07400411751397,230.07400411751414,225.27452985181043,225.27452985181057,-0.14550578421853527,0.14550578421853527,0.45499146636312,-6.519436059911208e-18,957.0435057574043,957.0435057574041,985.7038444056301,985.7038444056299,-0.5,-0.5,-0.5,-0.5
1,650,13,after_integrate,0.6500000000000005,0.6490000000000005,0.001,0,0,0.5,0.0,0.0,,0.7724170579178085,-1.4437870654130163e-17,9.456095019216937e-16,8.260373647404031e-16,0.0,0.0,9.329686744751474,0.7724170579178085,-3.323280438076052e-16,230.37305450908374,230.3730545090839,225.6282216102654,225.62822161026557,-0.14540841806765079,0.14540841806763816,0.45504829037808864,-5.780370962358557e-17,957.401439500362,957.4014395003618,985.7392854296198,985.7392854296196,-0.5,-0.5,-0.5,-0.5
1,651,14,after_integrate,0.6510000000000005,0.6500000000000005,0.001,0,0,0.5,0.0,0.0,,0.7750051183704507,-1.445098924628128e-17,9.462793371184388e-16,6.104403865758953e-16,0.0,0.0,9.345752870377419,0.7750051183704507,-3.331998800609828e-16,230.67267300593753,230.67267300593767,225.981819988837,225.9818199888372,-0.14531087604676424,0.14531087604676424,0.4551048708933361,-2.404708556759905e-18,957.7588229010894,957.7588229010892,985.7779519673195,985.777951967319,-0.5,-0.5,-0.5,-0.5
1,652,14,after_integrate,0.6520000000000005,0.6510000000000005,0.001,0,0,0.5,0.0,0.0,,0.7775976599335136,-1.445797898771998e-17,9.467202626368603e-16,2.4494786878483684e-16,0.0,0.0,9.361820986966082,0.7775976599335137,-3.3372976534672e-16,230.97286139521077,230.97286139521097,226.33533238847178,226.33533238847198,-0.14521316777757318,0.14521316777756058,0.4551612000223033,-5.624337644225021e-17,958.1156210973587,958.1156210973583,985.819782099406,985.8197820994055,-0.5,-0.5,-0.5,-0.5
1,653,14,after_integrate,0.6530000000000005,0.6520000000000005,0.001,0,0,0.5,0.0,0.0,,0.7801946833791985,-1.4462980488068182e-17,9.467998593799626e-16,-1.6453615673739882e-17,0.0,0.0,9.377891085527018,0.7801946833791986,-3.344592055182481e-16,231.2736213751788,231.273621375179,226.68876612600494,226.68876612600516,-0.14511530281342044,0.14511530281342044,0.45521727015815094,-2.904117383874263e-17,958.4717992340202,958.4717992340197,985.8647136732479,985.8647136732475,-0.5,-0.5,-0.5,-0.5
1,654,14,after_integrate,0.6540000000000005,0.6530000000000005,0.001,0,0,0.5,0.0,0.0,,0.7827961894733062,-1.4459194386403855e-17,9.466782398349077e-16,-1.5452253982197629e-16,0.0,0.0,9.393963156806562,0.7827961894733063,-3.3496799771412087e-16,231.57495455498258,231.5749545549828,227.04212843113297,227.0421284311332,-0.1450172906386962,0.1450172906386962,0.4552730739665231,-2.600851416497931e-17,958.8273224894658,958.8273224894654,985.9126843517845,985.912684351784,-0.5,-0.5,-0.5,-0.5
1,655,14,after_integrate,0.6550000000000005,0.6540000000000005,0.001,0,0,0.5,0.0,0.0,,0.7854021789752375,-1.44468674731387e-17,9.464022208555417e-16,-3.097739289407673e-16,0.0,0.0,9.410037191297285,0.7854021789752375,-3.380589845008939e-16,231.87686245443624,231.87686245443643,227.3954264435704,227.39542644357064,-0.14491914066805375,0.14491914066805378,0.4553286043783638,-2.4733182647860415e-17,959.1821561016174,959.1821561016169,985.9636316612101,985.9636316612097,-0.5,-0.5,-0.5,-0.5
1,656,14,after_integrate,0.6560000000000005,0.6550000000000005,0.001,0,0,0.5,0.0,0.0,,0.7880126526379909,-1.44247692419879e-17,9.460778572141322e-16,-1.9670066084548371e-16,0.0,0.0,9.4261131792472,0.7880126526379909,-3.3781523659477206e-16,232.17934650391425,232.17934650391447,227.74866721038677,227.74866721038703,-0.1448208622457796,0.1448208622457796,0.4553838545829083,-2.0126647665155845e-17,959.5362653934448,959.5362653934443,986.0174930374685,986.0174930374681,-0.5,-0.5,-0.5,-0.5
1,657,14,after_integrate,0.6570000000000005,0.6560000000000005,0.001,0,0,0.5,0.0,0.0,,0.7906276112081635,-1.4388030759029216e-17,9.459445314104544e-16,-9.99270308526516e-17,0.0,0.0,9.442191110668713,0.7906276112081635,-3.3617662154651155e-16,232.48240804431694,232.48240804431714,228.1018576835203,228.10185768352054,-0.1447224646451676,0.1447224646451676,0.4554388180207312,-1.9186944862087357e-17,959.8896157979347,959.8896157979342,986.0742058714927,986.0742058714923,-0.5,-0.5,-0.5,-0.5
1,658,14,after_integrate,0.6580000000000005,0.6570000000000005,0.001,0,0,0.5,0.0,0.0,,0.7932470554259492,-1.4339519400762e-17,9.4587965039627e-16,-5.416019737314093e-17,0.0,0.0,9.458270975347359,0.7932470554259492,-3.381811892045617e-16,232.7860483271115,232.7860483271117,228.45500471746448,228.4550047174647,-0.14462395706797251,0.1446239570679599,0.45549348837696724,-4.775428520115471e-17,960.2421728825593,960.2421728825589,986.1337075532526,986.1337075532522,-0.5,-0.5,-0.5,-0.5
1,659,14,after_integrate,0.6590000000000005,0.6580000000000005,0.001,0,0,0.5,0.0,0.0,,0.7958709860251385,-1.4283277380076773e-17,9.458128125436612e-16,1.7109327344931883e-17,0.0,0.0,9.474352762850263,0.7958709860251384,-3.4070120869052844e-16,233.09026851444767,233.09026851444787,228.80811506712377,228.80811506712396,-0.14452534864379066,0.14452534864380331,0.4555478595746309,2.830109579360525e-17,960.5939023732025,960.593902373202,986.1959355145727,986.1959355145723,-0.5,-0.5,-0.5,-0.5
1,660,14,after_integrate,0.6600000000000005,0.6590000000000005,0.001,0,0,0.5,0.0,0.0,,0.7984994037331179,-1.421392244660772e-17,9.45875321538192e-16,1.1769379434155814e-16,0.0,0.0,9.490436462534417,0.798499403733118,-3.39572770248291e-16,233.39506967934534,233.39506967934554,229.1611953858349,229.16119538583513,-0.144426648429621,0.14442664842962102,0.4556019257680632,-6.244970223012004e-19,960.9447701775805,960.94477017758,986.2608272707697,986.2608272707693,-0.5,-0.5,-0.5,-0.5
1,661,14,after_integrate,0.6610000000000005,0.6600000000000005,0.001,0,0,0.5,0.0,0.0,,0.8011323092708692,-1.4137386109394818e-17,9.459730816528112e-16,1.8089451368996539e-16,0.0,0.0,9.50652206355468,0.8011323092708692,-3.409017811015436e-16,233.70045280595258,233.70045280595278,229.51425222354996,229.51425222355016,-0.14432786540931644,0.14432786540931647,0.45565568133652323,4.3280138029113286e-18,961.294742408039,961.2947424080386,986.3283204610054,986.328320461005,-0.5,-0.5,-0.5,-0.5
1,662,14,after_integrate,0.6620000000000005,0.6610000000000005,0.001,0,0,0.5,0.0,0.0,,0.8037697033529692,-1.4052283837132886e-17,9.461407892584306e-16,2.0481164565064478e-16,0.0,0.0,9.52260955487159,0.8037697033529692,-3.3872797144439757e-16,234.00641878987182,234.00641878987201,229.86729202517705,229.86729202517728,-0.14422900849317685,0.14422900849316425,0.4557091208778989,-1.7691762518429326e-17,961.6437854038796,961.6437854038792,986.3983528875106,986.3983528875101,-0.5,-0.5,-0.5,-0.5
1,663,14,after_integrate,0.6630000000000005,0.6620000000000005,0.001,0,0,0.5,0.0,0.0,,0.8064115866875894,-1.3960941831489517e-17,9.463828680901244e-16,3.421120191870675e-16,0.0,0.0,9.538698925258942,0.8064115866875894,-3.400018951876231e-16,234.31296843855222,234.31296843855242,230.22032112907524,230.22032112907544,-0.1441300865174702,0.14413008651747022,0.45576223920254844,-1.6034533134241086e-17,961.9918657530401,961.9918657530396,986.4708625535297,986.4708625535293,-0.5,-0.5,-0.5,-0.5
1,664,14,after_integrate,0.6640000000000005,0.6630000000000005,0.001,0,0,0.5,0.0,0.0,,0.8090579599764952,-1.3861503926431123e-17,9.468638438030671e-16,5.460998401719193e-16,0.0,0.0,9.554790163311154,0.8090579599764952,-3.3998128960891345e-16,234.62010247174652,234.62010247174672,230.5733457656997,230.57334576569988,-0.14403110824418408,0.1440311082441715,0.4558150313272887,-4.3599625600281464e-17,962.3389503132584,962.3389503132579,986.5457877001103,986.54578770011,-0.5,-0.5,-0.5,-0.5
1,665,14,after_integrate,0.6650000000000005,0.6640000000000005,0.001,0,0,0.5,0.0,0.0,,0.8117088239150461,-1.3758790915846595e-17,9.47416309067875e-16,6.12560992821529e-16,0.0,0.0,9.570883257450436,0.8117088239150461,-3.431373429055793e-16,234.92782152202957,234.92782152202977,230.92637205639335,230.9263720563935,-0.1439320823605154,0.14393208236051544,0.4558674924695121,1.1276967565092405e-18,962.6850062326379,962.6850062326374,986.6230668416799,986.6230668416797,-0.5,-0.5,-0.5,-0.5
1,666,14,after_integrate,0.6660000000000005,0.6650000000000005,0.001,0,0,0.5,0.0,0.0,,0.8143641791921948,-1.3651898800211179e-17,9.48048873084271e-16,8.033322318332792e-16,0.0,0.0,9.586978195933732,0.8143641791921948,-3.429746018821906e-16,235.23612613537767,235.23612613537787,231.2794060123208,231.27940601232092,-0.14383301747866628,0.14383301747867897,0.4559196180414383,3.660041833272971e-17,963.0300009696149,963.0300009696144,986.7026388004175,986.7026388004173,-0.5,-0.5,-0.5,-0.5
1,667,14,after_integrate,0.6670000000000005,0.6660000000000005,0.001,0,0,0.5,0.0,0.0,,0.817024026490488,-1.3537123693415108e-17,9.489325107450043e-16,9.057870701802228e-16,0.0,0.0,9.60307496685948,0.817024026490488,-3.413365573335743e-16,235.5450167718054,235.54501677180556,231.63245353354142,231.63245353354156,-0.1437339221355297,0.14373392213552974,0.45597140364450445,-2.0343992310392906e-17,963.3739023123545,963.3739023123543,986.7844427394556,986.7844427394554,-0.5,-0.5,-0.5,-0.5
1,668,14,after_integrate,0.6680000000000005,0.6670000000000005,0.001,0,0,0.5,0.0,0.0,,0.8196883664860654,-1.3421972913625289e-17,9.49805403037379e-16,8.779165935166349e-16,0.0,0.0,9.619173558174182,0.8196883664860654,-3.4420530741383635e-16,235.85449380605846,235.85449380605866,231.98552040821704,231.98552040821716,-0.1436348047923784,0.14363480479239102,0.45602284506389346,3.268787289987266e-17,963.716678397569,963.7166783975686,986.8684181949201,986.8684181949199,-0.5,-0.5,-0.5,-0.5
1,669,14,after_integrate,0.6690000000000005,0.6680000000000005,0.001,0,0,0.5,0.0,0.0,,0.8223571998486598,-1.3304251130606949e-17,9.507659035565297e-16,1.1030400379600726e-15,0.0,0.0,9.635273957678752,0.82235719984866,-3.419741403333456e-16,236.16455752836134,236.1645575283615,232.33861231195053,232.33861231195067,-0.1435356738347582,0.1435356738347582,0.45607393826319675,-1.4607300847575617e-17,964.0582977286965,964.0582977286963,986.9545051067657,986.9545051067655,-0.5,-0.5,-0.5,-0.5
1,670,14,after_integrate,0.6700000000000005,0.6690000000000005,0.001,0,0,0.5,0.0,0.0,,0.8250305272415981,-1.3181587135482506e-17,9.519349060033634e-16,1.156009428585344e-15,0.0,0.0,9.651376153034732,0.8250305272415981,-3.4173658420571965e-16,236.47520814521553,236.4752081452157,232.69173480725217,232.69173480725232,-0.14343653757214525,0.14343653757214528,0.45612467937921736,3.672676516780317e-18,964.3987291935258,964.3987291935256,987.0426438484845,987.0426438484843,-0.5,-0.5,-0.5,-0.5
1,671,14,after_integrate,0.6710000000000005,0.6700000000000005,0.001,0,0,0.5,0.0,0.0,,0.8277083493218003,-1.305761018454647e-17,9.531044048342128e-16,1.4080589231989616e-15,0.0,0.0,9.66748013177027,0.8277083493218003,-3.4388984876127463e-16,236.78644578024895,236.7864457802491,233.04489334312896,233.04489334312908,-0.14333740423790867,0.1433374042379213,0.4561750647169049,1.7809004836559496e-18,964.7379420812158,964.7379420812156,987.1327752556759,987.1327752556757,-0.5,-0.5,-0.5,-0.5
1,672,14,after_integrate,0.6720000000000005,0.6710000000000005,0.001,0,0,0.5,0.0,0.0,,0.8303906667397805,-1.2930693189016407e-17,9.545363843238223e-16,1.4247063033835653e-15,0.0,0.0,9.683585881285973,0.8303906667397805,-3.425695764083402e-16,237.09827047511237,237.09827047511249,233.39809325479354,233.39809325479365,-0.14323828198909933,0.14323828198911195,0.45622509074442114,4.5847741268452675e-18,965.0759060986821,965.0759060986819,987.224840653436,987.2248406534358,-0.5,-0.5,-0.5,-0.5
1,673,14,after_integrate,0.6730000000000005,0.6720000000000005,0.001,0,0,0.5,0.0,0.0,,0.8330774801396472,-1.2805402533803766e-17,9.55994802417287e-16,1.5716439651276982e-15,0.0,0.0,9.699693388860547,0.8330774801396472,-3.42272017819597e-16,237.41068219042205,237.4106821904222,233.75133976348945,233.7513397634896,-0.143139178906368,0.14313917890635539,0.45627475408836266,-3.777432017680974e-17,965.4125913864377,965.4125913864375,987.3187818826805,987.3187818826802,-0.5,-0.5,-0.5,-0.5
1,674,14,after_integrate,0.6740000000000005,0.6730000000000005,0.001,0,0,0.5,0.0,0.0,,0.8357687901591038,-1.2678703132456724e-17,9.576308795740364e-16,1.6666166479113981e-15,0.0,0.0,9.715802641656307,0.8357687901591038,-3.447773028943774e-16,237.72368080674624,237.72368080674633,234.10463797642808,234.1046379764282,-0.14304010299382217,0.1430401029938348,0.45632405152907685,3.50590994974581e-17,965.7479685337833,965.747968533783,987.4145413253102,987.41454132531,-0.5,-0.5,-0.5,-0.5
1,675,14,after_integrate,0.6750000000000005,0.6740000000000005,0.001,0,0,0.5,0.0,0.0,,0.838464597429449,-1.255413874668806e-17,9.593068247593824e-16,1.807708047080853e-15,0.0,0.0,9.731913626724506,0.838464597429449,-3.426659596078455e-16,238.03726612563324,238.03726612563335,234.45799288683392,234.45799288683403,-0.1429410621790887,0.14294106217907612,0.4563729799961518,-4.4305819540651675e-17,966.0820085934241,966.0820085934239,987.5120619282957,987.5120619282955,-0.5,-0.5,-0.5,-0.5
1,676,14,after_integrate,0.6760000000000005,0.6750000000000005,0.001,0,0,0.5,0.0,0.0,,0.8411649025755782,-1.2429624550380186e-17,9.611336977465863e-16,1.9174729323059614e-15,0.0,0.0,9.748026331010498,0.8411649025755782,-3.451695993626008e-16,238.3514378706798,238.35143787067986,234.81140937409498,234.81140937409504,-0.14284206431308735,0.1428420643130874,0.4564215365640087,-3.1893939223149555e-20,966.4146830954733,966.414683095473,987.6112872266659,987.6112872266657,-0.5,-0.5,-0.5,-0.5
1,677,14,after_integrate,0.6770000000000005,0.6760000000000005,0.001,0,0,0.5,0.0,0.0,,0.843869706215984,-1.2304726748162798e-17,9.63068829001188e-16,1.9226863092857397e-15,0.0,0.0,9.764140741358775,0.8438697062159839,-3.4559128372250167e-16,238.66619568863698,238.66619568863703,235.1648922040134,235.1648922040135,-0.14274311717022403,0.14274311717022406,0.4564697184476327,-2.4364298570757536e-17,966.7459640608945,966.7459640608943,987.7121613654604,987.7121613654601,-0.5,-0.5,-0.5,-0.5
1,678,14,after_integrate,0.6780000000000005,0.6770000000000005,0.001,0,0,0.5,0.0,0.0,,0.8465790089627576,-1.2183526338004802e-17,9.650187098671928e-16,2.0180933791756587e-15,0.0,0.0,9.780256844517835,0.8465790089627576,-3.4703181625130084e-16,238.98153915055244,238.98153915055252,235.5184460291544,235.51844602915455,-0.14264422844824526,0.14264422844824529,0.45651752299842896,1.6861237899209137e-18,967.075824014301,967.0758240143008,987.8146291205704,987.8146291205702,-0.5,-0.5,-0.5,-0.5
1,679,14,after_integrate,0.6790000000000005,0.6780000000000005,0.001,0,0,0.5,0.0,0.0,,0.8492928114215899,-1.2063545855268871e-17,9.670126308639366e-16,1.9574688074321186e-15,0.0,0.0,9.796374627144885,0.8492928114215899,-3.4888564521888527e-16,239.297467325269,239.29746732526908,235.8720749604669,235.87207496046702,-0.14254540576832192,0.14254540576833455,0.4565649476953615,3.4345361793054365e-17,967.4035068775345,967.4035068775343,987.9179068067216,987.9179068067214,-0.5,-0.5,-0.5,-0.5
1,680,14,after_integrate,0.6800000000000005,0.6790000000000005,0.001,0,0,0.5,0.0,0.0,,0.8520111141914289,-1.1948479711674128e-17,9.690045434374874e-16,2.065602009610339e-15,0.0,0.0,9.812494075810244,0.852011114191429,-3.454558263843786e-16,239.613976604115,239.61397660411507,236.22578038580886,236.22578038580892,-0.14244665667108286,0.1424466566710955,0.45661199014755544,6.659441491321574e-18,967.7285941755853,967.728594175585,988.0215485232346,988.0215485232344,-0.5,-0.5,-0.5,-0.5
1,681,14,after_integrate,0.6810000000000005,0.6800000000000005,0.001,0,0,0.5,0.0,0.0,,0.8547339178641017,-1.1832777699115483e-17,9.711516902489084e-16,2.222439618362502e-15,0.0,0.0,9.828615177001998,0.8547339178641017,-3.462490382945798e-16,239.93106336388158,239.93106336388163,236.57956363978772,236.57956363978775,-0.14234798861251605,0.14234798861251607,0.456658648087229,8.463006741922697e-18,968.0509014345043,968.0509014345041,988.1253425141398,988.1253425141398,-0.5,-0.5,-0.5,-0.5
1,682,14,after_integrate,0.6820000000000005,0.6810000000000005,0.001,0,0,0.5,0.0,0.0,,0.8574612230243931,-1.1719981119378103e-17,9.734301163852649e-16,2.3710184771253348e-15,0.0,0.0,9.84473791713011,0.857461223024393,-3.468493423306885e-16,240.24872336323483,240.2487233632349,236.93342539795785,236.93342539795793,-0.14224940896535845,0.14224940896535848,0.45670491936380464,-1.9045272296081684e-17,968.3703005811029,968.3703005811027,988.2291335840056,988.2291335840054,-0.5,-0.5,-0.5,-0.5
1,683,14,after_integrate,0.6830000000000005,0.6820000000000005,0.001,0,0,0.5,0.0,0.0,,0.8601930302499419,-1.1608730317498521e-17,9.758672958658181e-16,2.58637955705713e-15,0.0,0.0,9.860862282530515,0.8601930302499419,-3.482292466280612e-16,240.5669521224431,240.56695212244313,237.2873660572117,237.28736605721173,-0.14215092501835883,0.14215092501834622,0.4567508019387465,-4.1308737356354875e-17,968.6867058456356,968.6867058456356,988.3328089995231,988.3328089995231,-0.5,-0.5,-0.5,-0.5
1,684,14,after_integrate,0.6840000000000005,0.6830000000000005,0.001,0,0,0.5,0.0,0.0,,0.8629293401112246,-1.1497503393906491e-17,9.785162543784274e-16,2.6784129207576322e-15,0.0,0.0,9.87698825946894,0.8629293401112246,-3.4928609493169225e-16,240.88574497675313,240.88574497675316,237.64138578894435,237.64138578894438,-0.14205254397652897,0.142052543976529,0.4567962938808603,6.345598100496096e-18,969.0000609061078,969.0000609061078,988.4362856378393,988.4362856378393,-0.5,-0.5,-0.5,-0.5
1,685,14,after_integrate,0.6850000000000005,0.6840000000000005,0.001,0,0,0.5,0.0,0.0,,0.8656701531715477,-1.1388503683664845e-17,9.812523572336323e-16,2.848494845659754e-15,0.0,0.0,9.893115834144627,0.8656701531715477,-3.483465888102195e-16,241.20509713111085,241.2050971311109,237.99548459363461,237.99548459363467,-0.14195427296158172,0.14195427296158172,0.45684139336184276,-2.654454801855115e-17,969.310325662808,969.310325662808,988.539496764601,988.539496764601,-0.5,-0.5,-0.5,-0.5
1,686,14,after_integrate,0.6860000000000005,0.6850000000000005,0.001,0,0,0.5,0.0,0.0,,0.8684154699870469,-1.1279952549277117e-17,9.841638611494627e-16,3.0401790519181285e-15,0.0,0.0,9.90924499269387,0.8684154699870469,-3.5048155958861085e-16,241.5250036922228,241.5250036922228,238.3496623327715,238.34966233277152,-0.14185611901239023,0.14185611901237763,0.45688609865217705,-4.44113077930239e-17,969.617468914432,969.617468914432,988.6423847134745,988.6423847134745,-0.5,-0.5,-0.5,-0.5
1,687,14,after_integrate,0.6870000000000005,0.6860000000000005,0.001,0,0,0.5,0.0,0.0,,0.8711652911066905,-1.1176626096940386e-17,9.872092055220787e-16,3.0533983044457106e-15,0.0,0.0,9.925375721193424,0.8711652911066905,-3.552256886541848e-16,241.84545968670943,241.84545968670946,238.70391874689892,238.70391874689898,-0.14175808908551624,0.14175808908552887,0.45693040811731844,3.2485280948152936e-17,969.9214646591006,969.9214646591006,988.744897190328,988.744897190328,-0.5,-0.5,-0.5,-0.5
1,688,14,after_integrate,0.6880000000000005,0.6870000000000005,0.001,0,0,0.5,0.0,0.0,,0.8739196170722868,-1.1078066026568058e-17,9.903332918821427e-16,3.2669739285969643e-15,0.0,0.0,9.941508005663795,0.8739196170722868,-3.5168203892826497e-16,242.16646007208112,242.16646007208115,239.0582534665257,239.0582534665257,-0.14166019005579017,0.14166019005577757,0.4569743202141836,-4.1376278101124624e-17,970.2222902611514,970.2222902611514,988.8469854428474,988.8469854428474,-0.5,-0.5,-0.5,-0.5
1,689,14,after_integrate,0.6890000000000005,0.6880000000000005,0.001,0,0,0.5,0.0,0.0,,0.8766784484184917,-1.0984440142180292e-17,9.93609493557388e-16,3.300395742138095e-15,0.0,0.0,9.957641832072378,0.8766784484184917,-3.557853856092304e-16,242.48799974412992,242.48799974412998,239.41266601949897,239.412666019499,-0.1415624287167777,0.1415624287167651,0.45701783348787905,-4.380105221966149e-17,970.5199255425274,970.5199255425274,988.9486033543922,988.9486033543922,-0.5,-0.5,-0.5,-0.5
1,690,14,after_integrate,0.6900000000000005,0.6890000000000005,0.001,0,0,0.5,0.0,0.0,,0.8794417856728179,-1.0894826206699955e-17,9.969261786988557e-16,3.383022019264968e-15,0.0,0.0,9.973777186336543,0.8794417856728178,-3.544124803937628e-16,242.8100735425326,242.81007354253262,239.76715583663898,239.767155836639,-0.1414648117814108,0.14146481178139816,0.4570609465686674,-4.130068176497434e-17,970.8143523278002,970.8143523278002,989.0497069911103,989.0497069911103,-0.5,-0.5,-0.5,-0.5
1,691,14,after_integrate,0.6910000000000005,0.6900000000000005,0.001,0,0,0.5,0.0,0.0,,0.882209629355645,-1.081000450022116e-17,1.0003746485726127e-15,3.4226769825325993e-15,0.0,0.0,9.989914054326551,0.882209629355645,-3.5838844736461843e-16,243.13267625554698,243.132676255547,240.12172225651517,240.1217222565152,-0.1413673458824526,0.1413673458824526,0.45710365816915033,-1.7749415842605416e-17,971.1055542108443,971.1055542108443,989.1502543703442,989.1502543703442,-0.5,-0.5,-0.5,-0.5
1,692,14,after_integrate,0.6920000000000005,0.6910000000000005,0.001,0,0,0.5,0.0,0.0,,0.8849819799802292,-1.073076459696185e-17,1.0038573961149734e-15,3.680633299984195e-15,0.0,0.0,10.006052421868436,0.8849819799802291,-3.6028607872023125e-16,243.45580262423334,243.45580262423334,240.47636452979256,240.4763645297926,-0.14127003757307477,0.14127003757307477,0.45714596708166605,9.159392930059015e-18,971.3935164295732,971.3935164295732,989.25020533676,989.25020533676,-0.5,-0.5,-0.5,-0.5
1,693,14,after_integrate,0.6930000000000005,0.6920000000000005,0.001,0,0,0.5,0.0,0.0,,0.8877588380527157,-1.0654595284817909e-17,1.0075444564338614e-15,3.676980288689764e-15,0.0,0.0,10.02219227474674,0.8877588380527157,-3.629903102449753e-16,243.779447346411,243.779447346411,240.83108182335556,240.8310818233556,-0.14117289332732103,0.14117289332732103,0.45718787217585327,9.917058393108739e-18,971.6782257930943,971.6782257930943,989.3495214905722,989.3495214905722,-0.5,-0.5,-0.5,-0.5
1,694,14,after_integrate,0.6940000000000005,0.6930000000000005,0.001,0,0,0.5,0.0,0.0,,0.89054020407215,-1.0586308806231554e-17,1.0112414737066846e-15,3.747921117132824e-15,0.0,0.0,10.038333598707222,0.8905402040721498,-3.6054673986367207e-16,244.10360508045179,244.10360508045179,241.18587322430827,241.1858732243082,-0.14107591954060497,0.14107591954060497,0.45722937239640504,6.729852151991139e-18,971.9596706342294,971.9596706342294,989.4481661408286,989.4481661408286,-0.5,-0.5,-0.5,-0.5
1,695,14,after_integrate,0.6950000000000005,0.6940000000000005,0.001,0,0,0.5,0.0,0.0,,0.8933260785304897,-1.0523351270325428e-17,1.0150088130291787e-15,3.770221871363715e-15,0.0,0.0,10.05447637945946,0.8933260785304897,-3.6108663745043477e-16,244.42827044896126,244.42827044896126,241.54073774389698,241.54073774389698,-0.14097912253022116,0.14097912253020853,0.4572704667609586,-4.161940806658198e-17,972.237840774173,972.237840774173,989.5461042705655,989.5461042705655,-0.5,-0.5,-0.5,-0.5
1,696,14,after_integrate,0.6960000000000005,0.6950000000000005,0.001,0,0,0.5,0.0,0.0,,0.8961164619126186,-1.0468161992276873e-17,1.0187476530667195e-15,3.702862820975473e-15,0.0,0.0,10.070620602679382,0.8961164619126186,-3.635791256975546e-16,244.75343804236942,244.75343804236942,241.8956743213768,241.8956743213768,-0.1408825085357394,0.1408825085357394,0.4573111543581657,-2.330021429934115e-17,972.5127274928706,972.5127274928706,989.6433025074117,989.6433025074117,-0.5,-0.5,-0.5,-0.5
1,697,14,after_integrate,0.6970000000000005,0.6960000000000005,0.001,0,0,0.5,0.0,0.0,,0.8989113546963603,-1.0420694782429438e-17,1.022439089109994e-15,3.770547361109629e-15,0.0,0.0,10.086766254011732,0.8989113546963603,-3.6424408969546274e-16,245.07910242244407,245.079102422444,242.25068182782837,242.25068182782837,-0.14078608371957513,0.14078608371956253,0.45735143434585346,-2.556396688492511e-17,972.7843235019886,972.7843235019886,989.7397290965556,989.7397290965556,-0.5,-0.5,-0.5,-0.5
1,698,14,after_integrate,0.6980000000000005,0.6970000000000005,0.001,0,0,0.5,0.0,0.0,,0.9017107573524922,-1.0379376729076849e-17,1.0261786139991537e-15,3.775065059779927e-15,0.0,0.0,10.102913319072496,0.9017107573524923,-3.6633733738394514e-16,245.40525812573097,245.40525812573094,242.60575906992975,242.60575906992975,-0.14068985416729338,0.14068985416728075,0.4573913059493422,-4.4762061407574655e-17,973.0526229189959,973.0526229189959,989.8353538745981,989.8353538745981,-0.5,-0.5,-0.5,-0.5
1,699,14,after_integrate,0.6990000000000005,0.6980000000000005,0.001,0,0,0.5,0.0,0.0,,0.9045146703447615,-1.0343698442731456e-17,1.0299912113452743e-15,3.856637941978421e-15,0.0,0.0,10.119061783451235,0.9045146703447615,-3.682711929814178e-16,245.73189966692402,245.731899666924,242.96090479368084,242.96090479368084,-0.14059382588811167,0.14059382588812425,0.45743076845986935,2.7898931376294304e-17,973.3176212416662,973.3176212416662,989.9301482436305,989.9301482436305,-0.5,-0.5,-0.5,-0.5
1,700,14,after_integrate,0.7000000000000005,0.6990000000000005,0.001,0,0,0.5,0.0,0.0,,0.9073230941299011,-1.0311168837538216e-17,1.033824417483411e-15,3.802488378050692e-15,0.0,0.0,10.135211632713398,0.9073230941299011,-3.666365559776058e-16,246.05902154216557,246.05902154216554,243.31611768808028,243.31611768808028,-0.14049800481531535,0.14049800481531535,0.45746982123310564,6.911304442348461e-19,973.5793153225975,973.5793153225975,990.0240851451407,990.0240851451407,-0.5,-0.5,-0.5,-0.5
1,701,15,after_integrate,0.7010000000000005,0.7000000000000005,0.001,0,0,0.5,0.0,0.0,,0.9101360291576462,-1.0285199157482486e-17,1.037605517921999e-15,3.848323348225879e-15,0.0,0.0,10.15136285240256,0.9101360291576462,-3.6848241048451505e-16,246.38661823227804,246.386618232278,243.67139638875182,243.67139638875182,-0.1404023968065808,0.1404023968065934,0.45750846368777803,2.9015223004106455e-17,973.8377033436343,973.8377033436343,990.1171390336619,990.1171390336619,-0.5,-0.5,-0.5,-0.5
1,702,15,after_integrate,0.7020000000000005,0.7010000000000005,0.001,0,0,0.5,0.0,0.0,,0.9129534758707527,-1.0260805372625745e-17,1.0414430255370576e-15,3.782516341872959e-15,0.0,0.0,10.167515428042627,0.9129534758707527,-3.6666788718521944e-16,246.71468420592666,246.71468420592663,244.02673948151818,244.02673948151818,-0.14030700764445064,0.14030700764445064,0.45754669530437175,-2.3521202106495467e-17,974.0927847901736,974.0927847901736,990.2092858501487,990.2092858501487,-0.5,-0.5,-0.5,-0.5
1,703,15,after_integrate,0.7030000000000005,0.7020000000000005,0.001,0,0,0.5,0.0,0.0,,0.9157754347050147,-1.0243356977784152e-17,1.0451610454916237e-15,3.7132784687719295e-15,0.0,0.0,10.18366934514,0.9157754347050148,-3.714521484025188e-16,247.04321392271333,247.04321392271333,244.38214550592056,244.38214550592056,-0.14021184303661668,0.14021184303660406,0.4575845156239138,-2.1842179488627173e-17,974.3445604252448,974.3445604252448,990.3005029949927,990.3005029949927,-0.5,-0.5,-0.5,-0.5
1,704,15,after_integrate,0.7040000000000005,0.7030000000000005,0.001,0,0,0.5,0.0,0.0,,0.9186019060892845,-1.023202298218967e-17,1.0488593606201663e-15,3.6954996307136236e-15,0.0,0.0,10.199824589185683,0.9186019060892845,-3.706514324771948e-16,247.37220183620138,247.37220183620138,244.73761295868084,244.73761295868084,-0.14011690861630346,0.14011690861630346,0.4576219242468343,-1.518720313925802e-17,974.5930322634359,974.5930322634359,990.3907693007621,990.3907693007621,-0.5,-0.5,-0.5,-0.5
1,705,15,after_integrate,0.7050000000000005,0.7040000000000005,0.001,0,0,0.5,0.0,0.0,,0.9214328904454928,-1.0223441346716486e-17,1.0526499356133595e-15,3.859887157498529e-15,0.0,0.0,10.21598114565735,0.9214328904454928,-3.7150672792939976e-16,247.70164239687173,247.70164239687173,245.0931402971053,245.0931402971053,-0.14002220994266265,0.14002220994265002,0.45765892083188936,-4.7394101433066093e-17,974.8382035446605,974.8382035446605,990.4800650046731,990.4800650046731,-0.5,-0.5,-0.5,-0.5
1,706,15,after_integrate,0.7060000000000005,0.7050000000000005,0.001,0,0,0.5,0.0,0.0,,0.9242683881886693,-1.0219288927787288e-17,1.056474053005606e-15,3.8645641068304775e-15,0.0,0.0,10.23213900002141,0.9242683881886693,-3.751695497928144e-16,248.03153005501002,248.03153005501002,245.44872594242725,245.44872594242725,-0.13992775250104017,0.13992775250102754,0.4576955050951322,-4.815500322627642e-17,975.0800787077428,975.0800787077428,990.5683717207903,990.5683717207903,-0.5,-0.5,-0.5,-0.5
1,707,15,after_integrate,0.7070000000000005,0.7060000000000005,0.001,0,0,0.5,0.0,0.0,,0.927108399726965,-1.0223780982156829e-17,1.0602234119036268e-15,3.6890975058820644e-15,0.0,0.0,10.248298137735002,0.927108399726965,-3.7942640064045486e-16,248.3618592635249,248.36185926352493,245.8043682830875,245.8043682830875,-0.13983354170329262,0.13983354170329262,0.45773167680896476,-2.2997396415746968e-17,975.3186633639049,975.3186633639049,990.6556724120321,990.6556724120321,-0.5,-0.5,-0.5,-0.5
1,708,15,after_integrate,0.7080000000000005,0.7070000000000005,0.001,0,0,0.5,0.0,0.0,,0.9299529254616745,-1.0232962474006227e-17,1.063927868383893e-15,3.705785326963394e-15,0.0,0.0,10.264458544247956,0.9299529254616746,-3.7765182288621215e-16,248.69262448069745,248.6926244806975,246.16006567795083,246.16006567795083,-0.1397395828881782,0.1397395828881782,0.45776743580120405,-2.4981814179189144e-17,975.5539642700969,975.5539642700969,990.7419513619639,990.7419513619639,-0.5,-0.5,-0.5,-0.5
1,709,15,after_integrate,0.7090000000000005,0.7080000000000005,0.001,0,0,0.5,0.0,0.0,,0.93280196578726,-1.0244737679334116e-17,1.067624936936231e-15,3.662340566183175e-15,0.0,0.0,10.280620205004743,0.9328019657872602,-3.7919798733014444e-16,249.02382017286234,249.0238201728624,246.51581645945657,246.51581645945657,-0.13964588132156994,0.13964588132156994,0.45780278195423085,1.9480825204151052e-18,975.7859893022749,975.7859893022749,990.8271941464592,990.8271941464592,-0.5,-0.5,-0.5,-0.5
1,710,15,after_integrate,0.7100000000000005,0.7090000000000005,0.001,0,0,0.5,0.0,0.0,,0.9356555210913755,-1.026075041240513e-17,1.0712220493970463e-15,3.643945695966176e-15,0.0,0.0,10.296783105446398,0.9356555210913756,-3.8116441447603613e-16,249.35544081702,249.35544081702002,246.87161893670304,246.87161893670304,-0.13955244219679452,0.1395524421967819,0.4578377152041374,-1.8323740142418642e-17,976.0147474285639,976.0147474285639,990.9113876052141,990.9113876052141,-0.5,-0.5,-0.5,-0.5
1,711,15,after_integrate,0.7110000000000005,0.7100000000000005,0.001,0,0,0.5,0.0,0.0,,0.9385135917548922,-1.027748592066847e-17,1.0748578677211497e-15,3.621712038242304e-15,0.0,0.0,10.31294723101238,0.9385135917548922,-3.821007335539331e-16,249.68748090338102,249.68748090338104,247.2274713984635,247.2274713984635,-0.13945927063486824,0.13945927063486824,0.4578722355399552,8.694563942669775e-19,976.2402486823772,976.2402486823772,990.9945198131599,990.9945198131599,-0.5,-0.5,-0.5,-0.5
1,712,15,after_integrate,0.7120000000000005,0.7110000000000005,0.001,0,0,0.5,0.0,0.0,,0.9413761781519246,-1.029774864187568e-17,1.0784662962709307e-15,3.6080499928665524e-15,0.0,0.0,10.329112567142454,0.9413761781519246,-3.8242156682676547e-16,250.01993493784246,250.0199349378425,247.58337211613352,247.58337211613352,-0.13936637168484714,0.13936637168484714,0.45790634300287114,1.0978892657443958e-18,976.4625041354667,976.4625041354667,991.0765800517839,991.0765800517839,-0.5,-0.5,-0.5,-0.5
1,713,15,after_integrate,0.7130000000000005,0.7120000000000005,0.001,0,0,0.5,0.0,0.0,,0.9442432806498575,-1.0318367526472326e-17,1.0820597620219682e-15,3.5679537119418956e-15,0.0,0.0,10.345279099278493,0.9442432806498576,-3.8371089568726633e-16,250.35279744439603,250.35279744439606,247.9393193466081,247.9393193466081,-0.1392737503240235,0.1392737503240361,0.457940037685504,1.0036475982504694e-18,976.6815258709961,976.6815258709961,991.1575587804447,991.1575587804447,-0.5,-0.5,-0.5,-0.5
1,714,15,after_integrate,0.7140000000000005,0.7130000000000005,0.001,0,0,0.5,0.0,0.0,,0.9471148996093741,-1.0340871242201177e-17,1.0856276245743716e-15,3.652988057703848e-15,0.0,0.0,10.361446812866303,0.9471148996093741,-3.8417936098273307e-16,250.68606296746935,250.68606296746938,248.29531133508857,248.29531133508857,-0.1391814114582489,0.1391814114582489,0.4579733197311993,3.1472484800665117e-18,976.8973269565447,976.8973269565447,991.2374476076018,991.2374476076018,-0.5,-0.5,-0.5,-0.5
1,715,15,after_integrate,0.7150000000000005,0.7140000000000005,0.001,0,0,0.5,0.0,0.0,,0.9499910353844846,-1.0361104745417103e-17,1.0892670438247783e-15,3.6407508891058e-15,0.0,0.0,10.377615693357386,0.9499910353844846,-3.846336372835926e-16,251.01972607419964,251.01972607419967,248.65134631781748,248.6513463178175,-0.13908935992210494,0.13908935992210494,0.45800618933333626,-2.244547207456593e-17,977.1099214171703,977.1099214171703,991.3162392620982,991.3162392620982,-0.5,-0.5,-0.5,-0.5
1,716,15,after_integrate,0.7160000000000005,0.7150000000000005,0.001,0,0,0.5,0.0,0.0,,0.9528716883225553,-1.0381286575435873e-17,1.092946769408204e-15,3.709925791649312e-15,0.0,0.0,10.393785726210721,0.9528716883225553,-3.8486057059194693e-16,251.35378135664112,251.35378135664115,249.0074225247423,249.00742252474234,-0.1389976004792371,0.1389976004792371,0.45803864673466793,-2.5645127998719288e-17,977.3193242084482,977.3193242084482,991.3939275644121,991.3939275644121,-0.5,-0.5,-0.5,-0.5
1,717,15,after_integrate,0.7170000000000005,0.7160000000000005,0.001,0,0,0.5,0.0,0.0,,0.9557568587643399,-1.0401670678284756e-17,1.0966405566035827e-15,3.7830651891526335e-15,0.0,0.0,10.409956896894464,0.9557568587643399,-3.8798957963283e-16,251.68822343390556,251.6882234339056,249.36353818210586,249.36353818210588,-0.13890613782254993,0.13890613782256253,0.4580706922266885,3.0037821859150485e-17,977.5255511895872,977.5255511895872,991.4705073979936,991.4705073979936,-0.5,-0.5,-0.5,-0.5
1,718,15,after_integrate,0.7180000000000005,0.7170000000000005,0.001,0,0,0.5,0.0,0.0,,0.9586465470440102,-1.0420613699302854e-17,1.100412123187092e-15,3.775320567596028e-15,0.0,0.0,10.426129190887687,0.9586465470440102,-3.854515203791954e-16,252.02304695423734,252.02304695423737,249.71969151496438,249.7196915149644,-0.13881497657450226,0.13881497657450226,0.4581023261489806,3.3150395831280614e-18,977.7286190966048,977.7286190966048,991.5459746806669,991.5459746806669,-0.5,-0.5,-0.5,-0.5
1,719,15,after_integrate,0.7190000000000005,0.7180000000000005,0.001,0,0,0.5,0.0,0.0,,0.9615407534891879,-1.0440220591416799e-17,1.1041767675715938e-15,3.727658502851748e-15,0.0,0.0,10.442302593682045,0.9615407534891879,-3.8619693347490537e-16,252.3582465970227,252.35824659702274,250.07588074963255,250.07588074963257,-0.13872412128723888,0.13872412128723888,0.4581335488886258,-1.996554990498981e-17,977.9285455155249,977.9285455155249,991.620326336073,991.620326336073,-0.5,-0.5,-0.5,-0.5
1,720,15,after_integrate,0.7200000000000005,0.7190000000000005,0.001,0,0,0.5,0.0,0.0,,0.9644394784209778,-1.04624341656898e-17,1.107896218444993e-15,3.739141317934445e-15,0.0,0.0,10.458477090783463,0.9644394784209778,-3.8883718011516693e-16,252.69381707473408,252.6938170747341,250.43210411605483,250.43210411605486,-0.1386335764429733,0.1386335764429733,0.4581643608795863,4.204178959810713e-18,978.1253488557056,978.1253488557056,991.6935602652629,991.6935602652629,-0.5,-0.5,-0.5,-0.5
1,721,15,after_integrate,0.7210000000000005,0.7200000000000005,0.001,0,0,0.5,0.0,0.0,,0.967342722154001,-1.0485746865742631e-17,1.111621080566938e-15,3.7970009982456836e-15,0.0,0.0,10.474652667713766,0.967342722154001,-3.8956075042927244e-16,253.02975313480988,253.0297531348099,250.7883598501037,250.78835985010375,-0.13854334645408134,0.13854334645408134,0.45819476260213454,-2.1448053838369152e-17,978.3190483232555,978.3190483232555,991.7656753184017,991.7656753184017,-0.5,-0.5,-0.5,-0.5
1,722,15,after_integrate,0.7220000000000005,0.7210000000000005,0.001,0,0,0.5,0.0,0.0,,0.9702504849964297,-1.0507712499601859e-17,1.115413658528479e-15,3.687450511278748e-15,0.0,0.0,10.490829310012321,0.9702504849964297,-3.9045594071324763e-16,253.36604956147005,253.3660495614701,251.14464619580434,251.14464619580437,-0.1384534356634332,0.13845343566344584,0.4582247545822662,4.626780997882577e-18,978.509663894561,978.509663894561,991.8366712666113,991.8366712666113,-0.5,-0.5,-0.5,-0.5
1,723,15,after_integrate,0.7230000000000005,0.7220000000000005,0.001,0,0,0.5,0.0,0.0,,0.9731627672500224,-1.0532269088050367e-17,1.1190996196913695e-15,3.785589424441053e-15,0.0,0.0,10.507007003237623,0.9731627672500224,-3.924045107724488e-16,253.70270117746844,253.70270117746847,251.50096140748587,251.50096140748587,-0.13836384834462556,0.13836384834461296,0.45825433739112986,-2.4413767777239457e-17,978.6972162899489,978.6972162899489,991.9065487739884,991.9065487739884,-0.5,-0.5,-0.5,-0.5
1,724,15,after_integrate,0.7240000000000005,0.7230000000000005,0.001,0,0,0.5,0.0,0.0,,0.9760795692101589,-1.0556918504747125e-17,1.1228655955504003e-15,3.814186082675918e-15,0.0,0.0,10.523185732968896,0.9760795692101589,-3.9381336575611003e-16,254.0397028457819,254.03970284578193,251.8573037518593,251.85730375185932,-0.13827458870208706,0.13827458870208706,0.45828351164447156,-1.938576689743118e-17,978.8817269474749,978.8817269474749,991.9753093697752,991.9753093697752,-0.5,-0.5,-0.5,-0.5
1,725,15,after_integrate,0.7250000000000005,0.7240000000000005,0.001,0,0,0.5,0.0,0.0,,0.9790008911658781,-1.058288664170568e-17,1.126626694876052e-15,3.6824131841561445e-15,0.0,0.0,10.539365484807663,0.9790008911658781,-3.950366192391795e-16,254.37704947123706,254.37704947123714,252.21367151002264,252.21367151002266,-0.13818566087151246,0.13818566087151246,0.4583122780020896,2.0958189361943365e-18,979.0632179968981,979.0632179968978,992.0429554207627,992.0429554207627,-0.5,-0.5,-0.5,-0.5
1,726,15,after_integrate,0.7260000000000005,0.7250000000000005,0.001,0,0,0.5,0.0,0.0,,0.9819267333999142,-1.0611386804198837e-17,1.1303065941979017e-15,3.696937119414233e-15,0.0,0.0,10.55554624437928,0.9819267333999142,-3.9375985980676506e-16,254.71473600207548,254.71473600207554,252.57006297939301,252.57006297939307,-0.13809706891993034,0.13809706891993034,0.4583406371672799,2.263971967870226e-18,979.2417122337719,979.2417122337716,992.1094901038449,992.1094901038449,-0.5,-0.5,-0.5,-0.5
1,727,15,after_integrate,0.7270000000000005,0.7260000000000005,0.001,0,0,0.5,0.0,0.0,,0.9848570961887355,-1.0639525886902943e-17,1.133991924530566e-15,3.7080287817182486e-15,0.0,0.0,10.571727997334468,0.9848570961887355,-3.953866726054508e-16,255.05275743145702,255.05275743145708,252.92647647556643,252.92647647556646,-0.1380088168460244,0.13800881684603702,0.45836858988630197,2.7297876577403423e-17,979.4172330937934,979.4172330937931,992.1749173788824,992.1749173788824,-0.5,-0.5,-0.5,-0.5
1,728,15,after_integrate,0.7280000000000005,0.7270000000000005,0.001,0,0,0.5,0.0,0.0,,0.9877919798025825,-1.066639755856051e-17,1.1376964552017306e-15,3.714090080553388e-15,0.0,0.0,10.58791072935083,0.9877919798025825,-3.957723603787804e-16,255.3911087989034,255.39110879890345,253.2829103341053,253.28291033410534,-0.1379209085803786,0.1379209085803786,0.4583961369478487,-2.1952330953751487e-17,979.5898046272513,979.589804627251,992.2392419617096,992.2392419617096,-0.5,-0.5,-0.5,-0.5
1,729,15,after_integrate,0.7290000000000005,0.7280000000000005,0.001,0,0,0.5,0.0,0.0,,0.9907313845055076,-1.069361968907254e-17,1.1414095841896582e-15,3.733890231251944e-15,0.0,0.0,10.604094426134335,0.9907313845055076,-3.9592915772065234e-16,255.72978519168097,255.72978519168103,253.63936291225485,253.63936291225488,-0.13783334798565983,0.13783334798565983,0.4584232791825142,5.324186076506732e-18,979.7594514737651,979.7594514737649,992.3024692974728,992.3024692974728,-0.5,-0.5,-0.5,-0.5
1,730,15,after_integrate,0.7300000000000005,0.7290000000000005,0.001,0,0,0.5,0.0,0.0,,0.9936753105554146,-1.0718925598394554e-17,1.145131166085983e-15,3.731990400319111e-15,0.0,0.0,10.620279073420786,0.9936753105554146,-3.971951204764401e-16,256.0687817461247,256.0687817461248,253.99583259058798,253.995832590588,-0.1377461388569404,0.1377461388569278,0.4584500174622774,-4.341732235141577e-17,979.9261988371765,979.9261988371762,992.3646055341826,992.3646055341826,-0.5,-0.5,-0.5,-0.5
1,731,15,after_integrate,0.7310000000000005,0.7300000000000005,0.001,0,0,0.5,0.0,0.0,,0.9966237582040999,-1.0745578794506358e-17,1.1488518822503647e-15,3.734619430892476e-15,0.0,0.0,10.63646465697729,0.9966237582040999,-3.9918996367291566e-16,256.4080936489034,256.4080936489035,254.3523177745799,254.35231777457994,-0.13765928492186894,0.13765928492186894,0.4584763526999757,-2.4582202048248764e-17,980.0900724607188,980.0900724607186,992.4256574965865,992.4256574965865,-0.5,-0.5,-0.5,-0.5
1,732,15,after_integrate,0.7320000000000005,0.7310000000000005,0.001,0,0,0.5,0.0,0.0,,0.9995767276972929,-1.0772337639174374e-17,1.1525835580582937e-15,3.755345742940681e-15,0.0,0.0,10.652651162603666,0.9995767276972929,-4.01219414252782e-16,256.7477161382267,256.74771613822674,254.7088168961128,254.70881689611284,-0.13757278984103122,0.13757278984104385,0.45850228584880326,2.76203914289071e-17,980.2510986023644,980.2510986023642,992.4856326602735,992.4856326602735,-0.5,-0.5,-0.5,-0.5
1,733,15,after_integrate,0.7330000000000005,0.7320000000000005,0.001,0,0,0.5,0.0,0.0,,1.0025342192746982,-1.079931621782534e-17,1.1563298132481384e-15,3.761821928422481e-15,0.0,0.0,10.668838576133895,1.0025342192746982,-4.0093750935609935e-16,257.08764450499467,257.0876445049948,255.06532841491165,255.06532841491168,-0.13748665720813533,0.13748665720813533,0.45852781790178737,6.301333611936612e-18,980.409304010494,980.4093040104938,992.5445391261528,992.5445391261528,-0.5,-0.5,-0.5,-0.5
1,734,15,after_integrate,0.7340000000000005,0.7330000000000005,0.001,0,0,0.5,0.0,0.0,,1.0054962331700381,-1.082475682531848e-17,1.1601312848699552e-15,3.846019324803708e-15,0.0,0.0,10.6850268834375,1.0054962331700381,-4.0043618927742846e-16,257.4278740938917,257.4278740938917,255.4218508199109,255.42185081991093,-0.1374008905502604,0.1374008905502604,0.4585529498912864,-2.2095031888514835e-17,980.5647158997488,980.5647158997488,992.602385595167,992.602385595167,-0.5,-0.5,-0.5,-0.5
1,735,15,after_integrate,0.7350000000000005,0.7340000000000005,0.001,0,0,0.5,0.0,0.0,,1.008462769611095,-1.0849748811802863e-17,1.1639634828126122e-15,3.8542891722806094e-15,0.0,0.0,10.70121607042093,1.008462769611095,-4.0422986987128624e-16,257.7684003044229,257.76840030442304,255.77838263055426,255.7783826305543,-0.13731549332820686,0.1373154933282195,0.45857768288850004,2.015973610335709e-18,980.7173619272029,980.7173619272027,992.6591813433836,992.6591813433836,-0.5,-0.5,-0.5,-0.5
1,736,15,after_integrate,0.7360000000000005,0.7350000000000005,0.001,0,0,0.5,0.0,0.0,,1.0114338288197544,-1.0875747279191776e-17,1.167814105340625e-15,3.878006311006076e-15,0.0,0.0,10.717406123028926,1.0114338288197546,-4.028846156096964e-16,258.1092185918971,258.1092185918972,256.13492239802713,256.13492239802713,-0.1372304689367339,0.1372304689367339,0.45860201800294853,-2.4308448797135144e-17,980.8672701687947,980.8672701687944,992.7149361973884,992.7149361973884,-0.5,-0.5,-0.5,-0.5
1,737,15,after_integrate,0.7370000000000005,0.7360000000000005,0.001,0,0,0.5,0.0,0.0,,1.0144094110120496,-1.0900590612963703e-17,1.1716865341842393e-15,3.8903510112399935e-15,0.0,0.0,10.733597027245873,1.0144094110120496,-4.0518836002507575e-16,258.4503244683538,258.45032446835387,256.49146870642295,256.49146870642295,-0.13714582070482337,0.13714582070482337,0.45862595638198705,-2.231487877973189e-17,981.0144690960275,981.0144690960273,992.7696605100161,992.7696605100161,-0.5,-0.5,-0.5,-0.5
1,738,15,after_integrate,0.7380000000000005,0.7370000000000005,0.001,0,0,0.5,0.0,0.0,,1.0173895163982054,-1.0924881970510061e-17,1.1756222952103925e-15,3.968418632332985e-15,0.0,0.0,10.749788769097115,1.0173895163982054,-4.050685734437419e-16,258.7917135034374,258.7917135034375,256.84802017384476,256.8480201738448,-0.13706155189601932,0.13706155189601932,0.4586494992103187,-2.0537891360684098e-17,981.1589875530079,981.1589875530077,992.8233651364551,992.8233651364551,-0.5,-0.5,-0.5,-0.5
1,739,15,after_integrate,0.7390000000000005,0.7380000000000005,0.001,0,0,0.5,0.0,0.0,,1.0203741451826829,-1.0950001844812796e-17,1.1795740108617434e-15,3.988798491658124e-15,0.0,0.0,10.765981334650277,1.0203741451826829,-4.0787052678656377e-16,259.1333813252183,259.1333813252184,257.2045754534425,257.2045754534425,-0.13697766570866882,0.1369776657086814,0.4586726477094939,1.6124348104581374e-18,981.3008547337199,981.3008547337197,992.8760614106517,992.8760614106517,-0.5,-0.5,-0.5,-0.5
1,740,15,after_integrate,0.7400000000000005,0.7390000000000005,0.001,0,0,0.5,0.0,0.0,,1.0233632975642244,-1.0974028313767085e-17,1.1835665003131406e-15,4.008305265339237e-15,0.0,0.0,10.782174710016577,1.0233632975642244,-4.086330313607456e-16,259.47532362096166,259.4753236209617,257.56113323438615,257.56113323438615,-0.13689416527632567,0.13689416527632567,0.4586954031374248,3.1048271239130636e-18,981.440100159678,981.4401001596777,992.9277611221451,992.9277611221451,-0.5,-0.5,-0.5,-0.5
1,741,15,after_integrate,0.7410000000000005,0.7400000000000005,0.001,0,0,0.5,0.0,0.0,,1.0263569737359004,-1.0999444234798036e-17,1.1875609928772865e-15,4.013839913858334e-15,0.0,0.0,10.798368881352147,1.0263569737359002,-4.082233011773394e-16,259.81753613784457,259.8175361378446,257.9176922427782,257.91769224277823,-0.1368110536679427,0.1368110536679427,0.4587177667879104,2.7189566292955997e-18,981.5767536578554,981.5767536578552,992.9784764932191,992.9784764932191,-0.5,-0.5,-0.5,-0.5
1,742,15,after_integrate,0.7420000000000005,0.7410000000000005,0.001,0,0,0.5,0.0,0.0,,1.0293551738851532,-1.1024305569987829e-17,1.191509826732925e-15,3.926552563851899e-15,0.0,0.0,10.814563834861373,1.0293551738851532,-4.0956886619171745e-16,260.160014683612,260.1600146836121,258.27425124249106,258.2742512424911,-0.13672833388826525,0.13672833388826525,0.45873973999015466,-2.1150065230708374e-17,981.7108453390255,981.7108453390252,993.0282201565329,993.0282201565329,-0.5,-0.5,-0.5,-0.5
1,743,15,after_integrate,0.7430000000000005,0.7420000000000005,0.001,0,0,0.5,0.0,0.0,,1.0323578981938435,-1.1049029947460432e-17,1.1954396065874242e-15,3.942638243757315e-15,0.0,0.0,10.83075955679456,1.0323578981938435,-4.1108965666332313e-16,260.5027551271582,260.50275512715825,258.6308090359171,258.6308090359171,-0.1366460088781629,0.1366460088781503,0.4587613241089416,-1.9984458364271387e-17,981.8424055766216,981.8424055766213,993.0770051333399,993.0770051333399,-0.5,-0.5,-0.5,-0.5
1,744,15,after_integrate,0.7440000000000005,0.7430000000000005,0.001,0,0,0.5,0.0,0.0,,1.0353651468382956,-1.1074449921395385e-17,1.1993673826531263e-15,3.93018598560565e-15,0.0,0.0,10.846956033449649,1.0353651468382956,-4.118525855804412e-16,260.8457533991612,260.84575339916125,258.9873644647616,258.98736446476164,-0.13656408151492408,0.13656408151492408,0.4587825205446224,-2.1825543911398152e-17,981.9714649851854,981.9714649851852,993.1248448113374,993.1248448113374,-0.5,-0.5,-0.5,-0.5
1,745,15,after_integrate,0.7450000000000006,0.7440000000000005,0.001,0,0,0.5,0.0,0.0,,1.0383769199893451,-1.1099425191863507e-17,1.2032982601189263e-15,3.9505057653114805e-15,0.0,0.0,10.863153251174461,1.0383769199893453,-4.145909467336052e-16,261.1890054925853,261.1890054925854,259.34391641068987,259.34391641068987,-0.13648255461264053,0.13648255461264053,0.458803330732145,6.325720166989492e-18,982.0980543997542,982.098054399754,993.1717529235297,993.1717529235297,-0.5,-0.5,-0.5,-0.5
1,746,15,after_integrate,0.7460000000000006,0.7450000000000006,0.001,0,0,0.5,0.0,0.0,,1.041393217812387,-1.112531525658482e-17,1.2072357334621206e-15,3.998556045531843e-15,0.0,0.0,10.879351196367912,1.041393217812387,-4.15323441093983e-16,261.5325074631569,261.53250746315695,259.7004637959399,259.7004637959399,-0.1364014309225297,0.1364014309225171,0.45882375614057064,-4.504303371558821e-17,982.22220485547,982.2222048554697,993.2177435273442,993.2177435273442,-0.5,-0.5,-0.5,-0.5
1,747,15,after_integrate,0.7470000000000006,0.7460000000000006,0.001,0,0,0.5,0.0,0.0,,1.0444140404674225,-1.1151927398007275e-17,1.2112267579087238e-15,3.949125594755658e-15,0.0,0.0,10.895549855481201,1.0444140404674225,-4.159409751349187e-16,261.87625542978867,261.8762554297888,260.05700558387736,260.0570055838774,-0.13632071313330812,0.13632071313330812,0.45884379827249605,5.9745565628740594e-18,982.3439475675872,982.343947567587,993.2628309841776,993.2628309841776,-0.5,-0.5,-0.5,-0.5
1,748,15,after_integrate,0.7480000000000006,0.7470000000000006,0.001,0,0,0.5,0.0,0.0,,1.0474393881091077,-1.1177779032928566e-17,1.2151650551908178e-15,3.962340573166485e-15,0.0,0.0,10.911749215018999,1.0474393881091077,-4.174765087192193e-16,262.22024557495956,262.2202455749596,260.41354077949603,260.41354077949603,-0.13624040387159117,0.13624040387157857,0.45886345866345424,-4.4775222953162516e-17,982.4633139117799,982.4633139117797,993.3070299392824,993.3070299392824,-0.5,-0.5,-0.5,-0.5
1,749,15,after_integrate,0.7490000000000006,0.7480000000000006,0.001,0,0,0.5,0.0,0.0,,1.0504692608868018,-1.1205179327609308e-17,1.219118740556502e-15,3.947827846301625e-15,0.0,0.0,10.927949261540588,1.0504692608868018,-4.2024046688976143e-16,262.5644741450482,262.5644741450483,260.7700684298657,260.7700684298658,-0.1361605057021805,0.1361605057021805,0.45888273888138625,4.168527263769086e-19,982.5803354048703,982.5803354048701,993.3503553021081,993.3503553021081,-0.5,-0.5,-0.5,-0.5
1,750,15,after_integrate,0.7500000000000006,0.7490000000000006,0.001,0,0,0.5,0.0,0.0,,1.053503658944615,-1.123340691449994e-17,1.223056683500007e-15,3.959745072961312e-15,0.0,0.0,10.944149981661015,1.0535036589446147,-4.2036785565614e-16,262.90893745062345,262.90893745062357,261.12658762452924,261.1265876245293,-0.13608102112859166,0.13608102112857906,0.4589016405260631,-2.505236193692886e-17,982.6950436858907,982.6950436858905,993.3928222270107,993.3928222270107,-0.5,-0.5,-0.5,-0.5
1,751,16,after_integrate,0.7510000000000006,0.7500000000000006,0.001,0,0,0.5,0.0,0.0,,1.0565425824214583,-1.1260956521010424e-17,1.227003963580327e-15,3.9696926235612884e-15,0.0,0.0,10.960351362052185,1.0565425824214583,-4.221313006116176e-16,263.2536318666912,263.25363186669125,261.4830974958487,261.4830974958487,-0.1360019525932801,0.1360019525932675,0.45892016522856904,-4.8417457060928785e-17,982.807470497513,982.8074704975128,993.4344460943605,993.4344460943605,-0.5,-0.5,-0.5,-0.5
1,752,16,after_integrate,0.7520000000000006,0.7510000000000006,0.001,0,0,0.5,0.0,0.0,,1.0595860314510908,-1.1289146896936991e-17,1.2309663688903952e-15,3.962432768873455e-15,0.0,0.0,10.976553389443984,1.0595860314510908,-4.246614863738827e-16,263.59855383289874,263.5985538328988,261.83959721930245,261.8395972193025,-0.13592330247815815,0.13592330247817075,0.45893831465075763,2.8259031907705105e-17,982.9176476678679,982.9176476678676,993.4752424920733,993.4752424920733,-0.5,-0.5,-0.5,-0.5
1,753,16,after_integrate,0.7530000000000006,0.7520000000000006,0.001,0,0,0.5,0.0,0.0,,1.0626340061621695,-1.1316783673729023e-17,1.2349225217719675e-15,3.978086783816123e-15,0.0,0.0,10.99275605062534,1.0626340061621697,-4.248403872925436e-16,263.943699853698,263.9436998536981,262.1960860137345,262.1960860137345,-0.13584507310498722,0.13584507310498722,0.45895609048475444,-2.0452132720064878e-17,983.0256070927434,983.0256070927431,993.5152271975505,993.5152271975505,-0.5,-0.5,-0.5,-0.5
1,754,16,after_integrate,0.7540000000000006,0.7530000000000006,0.001,0,0,0.5,0.0,0.0,,1.0656865066782983,-1.1344051442711639e-17,1.2388965505065934e-15,3.983431443128539e-15,0.0,0.0,11.008959332445295,1.0656865066782983,-4.266938195024002e-16,264.289066498468,264.28906649846806,262.55256314155577,262.5525631415558,-0.13576726673574468,0.1357672667357573,0.45897349445243885,1.141750434113547e-19,983.1313807181604,983.1313807181601,993.5544161600236,993.5544161600236,-0.5,-0.5,-0.5,-0.5
1,755,16,after_integrate,0.7550000000000006,0.7540000000000006,0.001,0,0,0.5,0.0,0.0,,1.0687435331180772,-1.1371837957936386e-17,1.2428771576624017e-15,3.996942563188177e-15,0.0,0.0,11.02516322181404,1.0687435331180772,-4.263517567630763e-16,264.63465040159707,264.6346504015972,262.90902790890084,262.9090279089009,-0.13568988557309378,0.13568988557308115,0.45899052830494524,-4.5659772834054604e-17,983.2350005233009,983.2350005233006,993.5928254832837,993.5928254832837,-0.5,-0.5,-0.5,-0.5
1,756,16,after_integrate,0.7560000000000006,0.7550000000000006,0.001,0,0,0.5,0.0,0.0,,1.0718050855951506,-1.1398322271627328e-17,1.246906152539383e-15,4.0819919273277e-15,0.0,0.0,11.04136770570395,1.0718050855951504,-4.2820830086749335e-16,264.98044826252686,264.9804482625269,263.2654796657387,263.2654796657388,-0.13561293176075262,0.13561293176074,0.4590071938221806,-4.8206320579767266e-17,983.3364985038593,983.336498503859,993.6304714088566,993.6304714088566,-0.5,-0.5,-0.5,-0.5
1,757,16,after_integrate,0.7570000000000006,0.7560000000000006,0.001,0,0,0.5,0.0,0.0,,1.0748711642182578,-1.142538941941936e-17,1.2509715327310055e-15,4.024557105012775e-15,0.0,0.0,11.057572771150586,1.0748711642182578,-4.328283923336324e-16,265.3264568457573,265.32645684575743,263.6219178059406,263.62191780594065,-0.1355364073839903,0.1355364073839903,0.4590234928123323,-2.2717748288629527e-17,983.4359066557755,983.4359066557753,993.6673702995838,993.6673702995836,-0.5,-0.5,-0.5,-0.5
1,758,16,after_integrate,0.7580000000000006,0.7570000000000006,0.001,0,0,0.5,0.0,0.0,,1.0779417690912816,-1.1454276411744246e-17,1.254992914435693e-15,4.097434998957268e-15,0.0,0.0,11.073778405253687,1.0779417690912816,-4.3421624356715917e-16,265.6726729808157,265.6726729808158,263.9783417673051,263.97834176730515,-0.13546031447006143,0.13546031447007406,0.45903942711140355,2.8224680519500135e-17,983.5332569593344,983.5332569593342,993.7035386236004,993.7035386236004,-0.5,-0.5,-0.5,-0.5
1,759,16,after_integrate,0.7590000000000006,0.7580000000000006,0.001,0,0,0.5,0.0,0.0,,1.0810169003132977,-1.1483186818734049e-17,1.2590830700699962e-15,4.0938644423844755e-15,0.0,0.0,11.089984595178159,1.0810169003132977,-4.337720943286708e-16,266.0190935621879,266.01909356218795,264.334751031542,264.33475103154205,-0.13538465498864016,0.13538465498864016,0.4590549985827282,6.745250855187333e-18,983.6285813636769,983.6285813636766,993.7389929387367,993.7389929387367,-0.5,-0.5,-0.5,-0.5
1,760,16,after_integrate,0.7600000000000006,0.7590000000000006,0.001,0,0,0.5,0.0,0.0,,1.084096557978624,-1.1513223907893569e-17,1.2631654877510199e-15,4.106953683701775e-15,0.0,0.0,11.10619132815501,1.084096557978624,-4.3294387405745487e-16,266.3657155492152,266.3657155492153,264.69114512421623,264.69114512421623,-0.13530943085223143,0.13530943085223143,0.45907020911651475,3.4538541280461236e-18,983.7219117716862,983.721911771686,993.7737498773239,993.7737498773239,-0.5,-0.5,-0.5,-0.5
1,761,16,after_integrate,0.7610000000000006,0.7600000000000006,0.001,0,0,0.5,0.0,0.0,,1.0871807421768709,-1.1542325609785515e-17,1.2672615981508666e-15,4.093790404881416e-15,0.0,0.0,11.122398591482314,1.0871807421768709,-4.3507455125142627e-16,266.7125359659562,266.71253596595625,265.0475236146526,265.0475236146526,-0.1352346439167078,0.1352346439167078,0.4590850606293864,-2.3133046785742576e-17,983.8132800252733,983.8132800252731,993.8078261314143,993.8078261314143,-0.5,-0.5,-0.5,-0.5
1,762,16,after_integrate,0.7620000000000006,0.7610000000000006,0.001,0,0,0.5,0.0,0.0,,1.0902694529929893,-1.157333968516508e-17,1.27135218683214e-15,4.1105759230602405e-15,0.0,0.0,11.138606372526128,1.090269452992989,-4.3654159696221636e-16,267.05955190101486,267.0595519010149,265.4038861158029,265.4038861158029,-0.1351602959817592,0.1351602959817592,0.45909955506391564,-2.876083973671379e-17,983.9027178910618,983.9027178910616,993.8412384384171,993.8412384384171,-0.5,-0.5,-0.5,-0.5
1,763,16,after_integrate,0.7630000000000006,0.7620000000000006,0.001,0,0,0.5,0.0,0.0,,1.0933626905073208,-1.1605371842316515e-17,1.2754083225964712e-15,4.031777866448587e-15,0.0,0.0,11.154814658721401,1.093362690507321,-4.3710436029584167e-16,267.40676050733566,267.4067605073357,265.7602322840763,265.7602322840764,-0.13508638879130547,0.13508638879130547,0.459113694388175,1.3220924921421117e-18,983.990257046433,983.9902570464328,993.8740035671101,993.8740035671101,-0.5,-0.5,-0.5,-0.5
1,764,16,after_integrate,0.7640000000000006,0.7630000000000006,0.001,0,0,0.5,0.0,0.0,,1.0964604547956467,-1.163929675917777e-17,1.2793924521275827e-15,3.968093205801446e-15,0.0,0.0,11.17102343757287,1.0964604547956467,-4.401582475970076e-16,267.7541590019673,267.75415900196737,266.11656181913503,266.11656181913503,-0.13501292403403634,0.13501292403404902,0.4591274805952997,3.0208770429372844e-17,984.0759290660131,984.0759290660129,993.906138304114,993.906138304114,-0.5,-0.5,-0.5,-0.5
1,765,16,after_integrate,0.7650000000000006,0.7640000000000006,0.001,0,0,0.5,0.0,0.0,,1.0995627459292372,-1.1672501147914966e-17,1.2833663828499695e-15,3.986226757547639e-15,0.0,0.0,11.187232696655943,1.0995627459292372,-4.374128796675567e-16,268.1017446657946,268.1017446657947,266.4728744636544,266.4728744636545,-0.13493990334388772,0.13493990334390035,0.45914091570301135,2.8699620192198746e-17,984.1597654085048,984.1597654085045,993.9376594407141,993.9376594407141,-0.5,-0.5,-0.5,-0.5
1,766,16,after_integrate,0.7660000000000006,0.7650000000000006,0.001,0,0,0.5,0.0,0.0,,1.1026695639749007,-1.1704474197189672e-17,1.2873486538368013e-15,3.9925744077102296e-15,0.0,0.0,11.203442423617556,1.1026695639749007,-4.3800420238818227e-16,268.44951484324065,268.4495148432407,266.8291700030518,266.82917000305184,-0.13486732830050702,0.13486732830049442,0.45915400175320076,-4.8189173279447355e-17,984.2417974039415,984.2417974039413,993.968583760119,993.968583760119,-0.5,-0.5,-0.5,-0.5
1,767,16,after_integrate,0.7670000000000006,0.7660000000000006,0.001,0,0,0.5,0.0,0.0,,1.1057809089950332,-1.1737297569313933e-17,1.2913337116273423e-15,4.103656890528038e-15,0.0,0.0,11.219652606177016,1.1057809089950335,-4.3950061795322424e-16,268.79746694193926,268.7974669419393,267.18544826518183,267.18544826518183,-0.13479520042970625,0.13479520042970625,0.45916674081147296,-2.4643215391102777e-17,984.3220562412906,984.3220562412904,993.9989280250846,993.9989280250846,-0.5,-0.5,-0.5,-0.5
1,768,16,after_integrate,0.7680000000000006,0.7670000000000006,0.001,0,0,0.5,0.0,0.0,,1.1088967810476662,-1.1765478581215004e-17,1.2954297146764859e-15,3.986494967052131e-15,0.0,0.0,11.235863232126853,1.1088967810476662,-4.416554888443636e-16,269.14559843237964,269.1455984323797,267.5417091200021,267.5417091200021,-0.13472352120407916,0.13472352120407916,0.45917913496669616,2.0963880023619265e-18,984.4005729565107,984.4005729565105,994.0287089659877,994.0287089659877,-0.5,-0.5,-0.5,-0.5
1,769,16,after_integrate,0.7690000000000006,0.7680000000000006,0.001,0,0,0.5,0.0,0.0,,1.1120171801865166,-1.1797421853713575e-17,1.2994097931439807e-15,4.055272812668585e-15,0.0,0.0,11.252074289333605,1.1120171801865166,-4.421266809078488e-16,269.49390684752245,269.49390684752245,267.8979524792092,267.8979524792092,-0.13465229204336765,0.13465229204336765,0.4591911863305775,3.814272151625733e-18,984.4773784209425,984.4773784209425,994.0579432692483,994.0579432692483,-0.5,-0.5,-0.5,-0.5
1,770,16,after_integrate,0.7700000000000006,0.7690000000000006,0.001,0,0,0.5,0.0,0.0,,1.1151421064610347,-1.1828059548183613e-17,1.3034126564708291e-15,3.927382486454355e-15,0.0,0.0,11.268285765738637,1.1151421064610347,-4.449546401250915e-16,269.84238978239006,269.8423897823901,268.254178295846,268.25417829584603,-0.13458151431504176,0.13458151431504176,0.45920289703720385,-2.020511845738464e-17,984.55250333008,984.5525033300797,994.0866475661336,994.0866475661336,-0.5,-0.5,-0.5,-0.5
1,771,16,after_integrate,0.7710000000000006,0.7700000000000006,0.001,0,0,0.5,0.0,0.0,,1.1182715599164539,-1.185939353777312e-17,1.3073939150694294e-15,4.037031694460659e-15,0.0,0.0,11.284497649358935,1.1182715599164537,-4.4367571949969265e-16,270.1910448936305,270.19104489363053,268.61038656388195,268.610386563882,-0.13451118933476794,0.13451118933476794,0.45921426924261727,-2.218067788324728e-17,984.6259781927731,984.6259781927731,994.114838421998,994.114838421998,-0.5,-0.5,-0.5,-0.5
1,772,16,after_integrate,0.7720000000000006,0.7710000000000006,0.001,0,0,0.5,0.0,0.0,,1.1214055405938372,-1.1888047531828417e-17,1.311416511895453e-15,4.0381632070312186e-15,0.0,0.0,11.300709928287851,1.121405540593837,-4.472760892393706e-16,270.53986989905644,270.5398698990565,268.96657731776736,268.9665773177674,-0.13444131836696482,0.13444131836696482,0.4592253051243645,-2.2703896202129682e-17,984.6978333207807,984.6978333207807,994.1425323258749,994.1425323258749,-0.5,-0.5,-0.5,-0.5
1,773,16,after_integrate,0.7730000000000006,0.7720000000000006,0.001,0,0,0.5,0.0,0.0,,1.124544048530128,-1.1916443857436272e-17,1.3154526629939165e-15,4.054272598920452e-15,0.0,0.0,11.316922590695869,1.124544048530128,-4.484673378384482e-16,270.8888625771603,270.8888625771603,269.32275063196266,269.32275063196266,-0.1343719026252343,0.13437190262524693,0.4592360068810542,7.030854891933514e-19,984.7680988186868,984.7680988186868,994.1697456804291,994.1697456804291,-0.5,-0.5,-0.5,-0.5
1,774,16,after_integrate,0.7740000000000006,0.7730000000000006,0.001,0,0,0.5,0.0,0.0,,1.1276870837581956,-1.1944292762837139e-17,1.3195078647507389e-15,4.174584544679628e-15,0.0,0.0,11.33313562483135,1.1276870837581956,-4.494057110424748e-16,271.23802076660564,271.2380207666057,269.6789066204437,269.6789066204437,-0.1343029432729942,0.1343029432729816,0.459246376731914,-5.072893635194277e-17,984.83680457422,984.83680457422,994.1964947923151,994.1964947923151,-0.5,-0.5,-0.5,-0.5
1,775,16,after_integrate,0.7750000000000006,0.7740000000000006,0.001,0,0,0.5,0.0,0.0,,1.1308346463068848,-1.1968850256055957e-17,1.3236808612460152e-15,4.079389389684401e-15,0.0,0.0,11.349349019021238,1.1308346463068848,-4.498681146722781e-16,271.587342365697,271.587342365697,270.0350454361847,270.03504543618476,-0.13423444142384638,0.13423444142384638,0.45925641691635644,4.1296906282694215e-18,984.9039802489517,984.9039802489517,994.222795862914,994.2227958629138,-0.5,-0.5,-0.5,-0.5
1,776,16,after_integrate,0.7760000000000006,0.7750000000000006,0.001,0,0,0.5,0.0,0.0,,1.1339867362010636,-1.1996295509899229e-17,1.327748975317869e-15,4.097335741825147e-15,0.0,0.0,11.365562761671773,1.1339867362010636,-4.52954602885723e-16,271.93682533182687,271.9368253318269,270.39116727061923,270.3911672706193,-0.13416639814222306,0.1341663981422357,0.45926612969352637,2.6682084406657047e-17,984.9696552693316,984.9696552693316,994.2486649793937,994.2486649793934,-0.5,-0.5,-0.5,-0.5
1,777,16,after_integrate,0.7770000000000006,0.7760000000000006,0.001,0,0,0.5,0.0,0.0,,1.1371433534616697,-1.20231757612035e-17,1.3318408083107567e-15,4.097323169266664e-15,0.0,0.0,11.3817768412692,1.1371433534616695,-4.521138310714344e-16,272.2864676809036,272.2864676809037,270.7472723530807,270.7472723530808,-0.13409881444385624,0.13409881444385624,0.4592755173418489,-2.2594097814502544e-17,985.0338588181212,985.0338588181212,994.2741181061754,994.2741181061751,-0.5,-0.5,-0.5,-0.5
1,778,16,after_integrate,0.7780000000000006,0.7770000000000006,0.001,0,0,0.5,0.0,0.0,,1.1403044981057588,-1.20524249692824e-17,1.335837615773925e-15,3.853296414045321e-15,0.0,0.0,11.3979912463804,1.1403044981057588,-4.560226798542779e-16,272.636267486758,272.6362674867581,271.10336095022365,271.1033609502237,-0.13403169129626044,0.13403169129626044,0.45928458215859586,-2.5796942371201753e-17,985.0966198261762,985.0966198261762,994.2991710767317,994.2991710767315,-0.5,-0.5,-0.5,-0.5
1,779,16,after_integrate,0.7790000000000006,0.7780000000000006,0.001,0,0,0.5,0.0,0.0,,1.143470170146551,-1.20884558328687e-17,1.3396175427776665e-15,3.645961418417455e-15,0.0,0.0,11.414205965653606,1.143470170146551,-4.565644903202446e-16,272.98622288053167,272.9862228805317,271.45943336542604,271.45943336542615,-0.1339650296193289,0.13396502961932893,0.45929332645941756,-3.2165302772222514e-17,985.1579669645961,985.1579669645961,994.3238395857536,994.3238395857534,-0.5,-0.5,-0.5,-0.5
1,780,16,after_integrate,0.7800000000000006,0.7790000000000006,0.001,0,0,0.5,0.0,0.0,,1.1466403695934777,-1.21281346574828e-17,1.3430860525370674e-15,3.3809304755823133e-15,0.0,0.0,11.430420987818993,1.1466403695934777,-4.575545907235496e-16,273.33633205004713,273.3363320500472,271.81548993817506,271.8154899381751,-0.13389883028579144,0.1338988302857788,0.45930175257791334,-5.307578185453508e-17,985.217928637207,985.217928637207,994.3481391816333,994.3481391816331,-0.5,-0.5,-0.5,-0.5
1,781,16,after_integrate,0.7810000000000006,0.7800000000000006,0.001,0,0,0.5,0.0,0.0,,1.149815096452229,-1.2170480532708285e-17,1.3463061001057426e-15,3.127535962303171e-15,0.0,0.0,11.446636301689338,1.1498150964522287,-4.60934675992762e-16,273.68659323916023,273.6865932391603,272.1715310434357,272.17153104343583,-0.13383309412177305,0.13383309412177305,0.45930986286514647,-3.088143449471992e-17,985.2765329734527,985.2765329734525,994.372085259353,994.3720852593527,-0.5,-0.5,-0.5,-0.5
1,782,16,after_integrate,0.7820000000000006,0.7810000000000006,0.001,0,0,0.5,0.0,0.0,,1.1529943507247986,-1.221256605366892e-17,1.3492797388103865e-15,2.7812540786327148e-15,0.0,0.0,11.462851896160624,1.1529943507247984,-4.616229281428228e-16,274.0370047470965,274.0370047470966,272.52755709100455,272.5275570910047,-0.13376782190730233,0.13376782190730235,0.45931765968921845,-4.868756953045857e-18,985.3338078215655,985.3338078215653,994.3956930536394,994.3956930536392,-0.5,-0.5,-0.5,-0.5
1,783,16,after_integrate,0.7830000000000006,0.7820000000000006,0.001,0,0,0.5,0.0,0.0,,1.1561781324095315,-1.2255367314605349e-17,1.35189854540727e-15,2.531223399584051e-15,0.0,0.0,11.479067760212628,1.1561781324095315,-4.625288443962408e-16,274.38756492777134,274.38756492777145,272.883568524849,272.8835685248491,-0.1337030143768203,0.1337030143768203,0.45932514543478375,-8.693140472533533e-19,985.3897807421282,985.389780742128,994.4189776324974,994.4189776324972,-0.5,-0.5,-0.5,-0.5
1,784,16,after_integrate,0.7840000000000006,0.7830000000000006,0.001,0,0,0.5,0.0,0.0,,1.1593664415011689,-1.2291839604857064e-17,1.3543790083854422e-15,2.3927500580560192e-15,0.0,0.0,11.495283882909503,1.159366441501169,-4.617007789639662e-16,274.7382721890954,274.73827218909554,273.23956582243306,273.2395658224332,-0.13363867221975131,0.13363867221976397,0.45933232250260236,-3.968436468518791e-18,985.4444790019511,985.4444790019509,994.4419538910491,994.4419538910489,-0.5,-0.5,-0.5,-0.5
1,785,16,after_integrate,0.7850000000000006,0.7840000000000006,0.001,0,0,0.5,0.0,0.0,,1.1625592779908935,-1.2324829768624886e-17,1.35665986046027e-15,2.2099549748920324e-15,0.0,0.0,11.51150025340035,1.1625592779908935,-4.623671385891964e-16,275.08912499226614,275.08912499226625,273.59554949403105,273.59554949403116,-0.13357479608097472,0.13357479608097472,0.45933919330906925,-3.662509078510237e-17,985.4979295683079,985.4979295683077,994.4646365457152,994.4646365457149,-0.5,-0.5,-0.5,-0.5
1,786,16,after_integrate,0.7860000000000006,0.7850000000000006,0.001,0,0,0.5,0.0,0.0,,1.1657566418663758,-1.2352483127781905e-17,1.358712729506782e-15,1.8972385671204253e-15,0.0,0.0,11.52771686091974,1.1657566418663758,-4.662119633852934e-16,275.4401218510452,275.4401218510454,273.95152008202945,273.9515200820296,-0.13351138656134495,0.13351138656133232,0.4593457602857483,-5.48882114371954e-17,985.5501591034849,985.5501591034847,994.4870401286961,994.4870401286959,-0.5,-0.5,-0.5,-0.5
1,787,16,after_integrate,0.7870000000000006,0.7860000000000006,0.001,0,0,0.5,0.0,0.0,,1.1689585331118186,-1.2377719429066107e-17,1.3604572687267104e-15,1.6211105269638437e-15,0.0,0.0,11.543933694788269,1.1689585331118186,-4.683494780469786e-16,275.79126133102443,275.7912613310246,274.30747816021864,274.3074781602188,-0.1334484442182517,0.13344844421823912,0.4593520258788999,-5.0635314153779e-17,985.6011939596509,985.6011939596507,994.5091789827596,994.5091789827594,-0.5,-0.5,-0.5,-0.5
1,788,16,after_integrate,0.7880000000000006,0.7870000000000006,0.001,0,0,0.5,0.0,0.0,,1.1721649517080008,-1.2396387109140858e-17,1.362029413031693e-15,1.5527057454444104e-15,0.0,0.0,11.560150744413052,1.1721649517080008,-4.695738202401679e-16,276.142542048879,276.1425420488792,274.6634243330745,274.66342433307466,-0.13338596956606447,0.1333859695660645,0.45935799254900067,-6.528084626734939e-18,985.6510601740595,985.6510601740592,994.5310672563464,994.531067256346,-0.5,-0.5,-0.5,-0.5
1,789,16,after_integrate,0.7890000000000006,0.7880000000000006,0.001,0,0,0.5,0.0,0.0,,1.1753758976323234,-1.2407010279859629e-17,1.3634150297888248e-15,1.2165615027835998e-15,0.0,0.0,11.57636799928823,1.1753758976323234,-4.703480851219117e-16,276.49396267161,276.4939626716102,275.0193592350316,275.0193592350318,-0.1333239630767801,0.13332396307678013,0.45936366277027546,-3.609150925261603e-17,985.6997834645769,985.6997834645766,994.5527188989814,994.552718898981,-0.5,-0.5,-0.5,-0.5
1,790,16,after_integrate,0.7900000000000006,0.7890000000000006,0.001,0,0,0.5,0.0,0.0,,1.178591370858853,-1.2411110989684307e-17,1.3645374644832264e-15,1.0809002239350039e-15,0.0,0.0,11.592585448995438,1.1785913708588531,-4.72015423428241e-16,276.8455219157767,276.8455219157769,275.3752835297486,275.3752835297488,-0.13326242518036696,0.133262425180367,0.45936903903022186,-3.1546806881016326e-17,985.747389225487,985.7473892254868,994.5741476569465,994.574147656946,-0.5,-0.5,-0.5,-0.5
1,791,16,after_integrate,0.7910000000000006,0.7900000000000006,0.001,0,0,0.5,0.0,0.0,,1.1818113713583644,-1.2406996158373294e-17,1.3654660711188667e-15,8.647730941315645e-16,0.0,0.0,11.608803083204274,1.1818113713583644,-4.730297985009848e-16,277.19721854671917,277.19721854671934,275.7311979093663,275.7311979093666,-0.13320135626541196,0.13320135626539936,0.45937412382911363,-3.392255653199463e-17,985.7939025236458,985.7939025236456,994.5953670692853,994.5953670692849,-0.5,-0.5,-0.5,-0.5
1,792,16,after_integrate,0.7920000000000006,0.7910000000000006,0.001,0,0,0.5,0.0,0.0,,1.1850358990983862,-1.2392327636489778e-17,1.3662234193765109e-15,5.767642487871176e-16,0.0,0.0,11.625020891672747,1.1850358990983862,-4.730543797985399e-16,277.54905137777195,277.5490513777721,276.08710309376005,276.08710309376033,-0.1331407566795655,0.13314075667955289,0.4593789196795184,-2.895484507086496e-17,985.8393480948865,985.8393480948863,994.6163904640423,994.6163904640418,-0.5,-0.5,-0.5,-0.5
1,793,16,after_integrate,0.7930000000000006,0.7920000000000006,0.001,0,0,0.5,0.0,0.0,,1.1882649540432426,-1.237069348140384e-17,1.366690224311199e-15,4.0074993125574425e-16,0.0,0.0,11.641238864247693,1.1882649540432426,-4.752102069175593e-16,277.9010192694699,277.9010192694701,276.44299982978583,276.4429998297861,-0.13308062673004917,0.1330806267300492,0.45938342910582075,-3.323185314617629e-17,985.8837503407759,985.8837503407755,994.637230954831,994.6372309548306,-0.5,-0.5,-0.5,-0.5
1,794,16,after_integrate,0.7940000000000006,0.7930000000000006,0.001,0,0,0.5,0.0,0.0,,1.1914985361540966,-1.2339610948769691e-17,1.3669428346696372e-15,1.206351560436046e-16,0.0,0.0,11.657456990865194,1.1914985361540966,-4.778525987061864e-16,278.2531211287464,278.25312112874667,276.7988888905229,276.79888889052324,-0.1330209666842268,0.1330209666842268,0.4593876546437195,-3.4814781734426614e-17,985.9271333256002,985.9271333255997,994.6579014376127,994.6579014376123,-0.5,-0.5,-0.5,-0.5
1,795,16,after_integrate,0.7950000000000006,0.7940000000000006,0.001,0,0,0.5,0.0,0.0,,1.1947366453889925,-1.2300361037466812e-17,1.366923751392851e-15,-1.8145327868753316e-16,0.0,0.0,11.673675261550969,1.1947366453889927,-4.778626326683145e-16,278.60535590812503,278.6053559081253,277.15477107451187,277.1547710745122,-0.13296177677001075,0.13296177677001078,0.4593915988397343,-3.15048036338065e-17,985.9695207736864,985.969520773686,994.6784145877955,994.6784145877948,-0.5,-0.5,-0.5,-0.5
1,796,16,after_integrate,0.7960000000000006,0.7950000000000006,0.001,0,0,0.5,0.0,0.0,,1.197979281702898,-1.2252628966493831e-17,1.3666012631887601e-15,-2.895768819741348e-16,0.0,0.0,11.689893666420735,1.1979792817028978,-4.80171871977377e-16,278.95772260490475,278.957722604905,277.51064720499005,277.5106472049904,-0.13290305717643236,0.13290305717641976,0.45939526425072036,-2.2843126295245077e-17,986.0109360669767,986.0109360669762,994.6987828575586,994.698782857558,-0.5,-0.5,-0.5,-0.5
1,797,16,after_integrate,0.7970000000000006,0.7960000000000006,0.001,0,0,0.5,0.0,0.0,,1.2012264450477468,-1.2189453720342433e-17,1.3663097234113165e-15,-2.9862618229371916e-16,0.0,0.0,11.706112195680596,1.2012264450477468,-4.792091498137982e-16,279.3102202603404,279.31022026034066,277.86651812912424,277.86651812912453,-0.13284480805407303,0.13284480805407306,0.459398653443351,1.2168089476285753e-18,986.0514022428689,986.0514022428684,994.7190184734314,994.719018473431,-0.5,-0.5,-0.5,-0.5
1,798,16,after_integrate,0.7980000000000006,0.7970000000000006,0.001,0,0,0.5,0.0,0.0,,1.2044781353724792,-1.2109683185167008e-17,1.3661895840129552e-15,7.661232654215497e-17,0.0,0.0,11.722330839627327,1.2044781353724792,-4.770382892429691e-16,279.6628476623161,279.6628476623163,278.2223844199491,278.22238441994944,-0.1327870295156595,0.1327870295156469,0.45940176898996277,-1.4960860064107496e-17,986.0903772598028,986.0903772598024,994.7385687063369,994.7385687063362,-0.5,-0.5,-0.5,-0.5
1,799,16,after_integrate,0.7990000000000006,0.7980000000000006,0.001,0,0,0.5,0.0,0.0,,1.2077343526228235,-1.2013401193019331e-17,1.3662874682143516e-15,1.5023180087709413e-16,0.0,0.0,11.73854958864854,1.2077343526228235,-4.804704887329327e-16,280.0156014155745,280.01560141557474,278.57824444176526,278.5782444417656,-0.13272972163345995,0.13272972163344737,0.45940461347252376,-4.792546325389127e-17,986.127502860354,986.1275028603535,994.7570647637069,994.7570647637062,-0.5,-0.5,-0.5,-0.5
1,800,16,after_integrate,0.8000000000000006,0.7990000000000006,0.001,0,0,0.5,0.0,0.0,,1.2109950967409728,-1.1905648346798643e-17,1.3665332876529518e-15,3.507914734275114e-16,0.0,0.0,11.754768433223148,1.2109950967409728,-4.803992207120935e-16,280.36847825033976,280.36847825034005,278.93409666534603,278.9340966653463,-0.13267288443590836,0.1326728844359084,0.4594071894804454,-2.098482761558156e-17,986.1626961437514,986.162696143751,994.77441332256,994.7744133225596,-0.5,-0.5,-0.5,-0.5
1,801,17,after_integrate,0.8010000000000006,0.8000000000000006,0.001,0,0,0.5,0.0,0.0,,1.2142603676657324,-1.1785053143690198e-17,1.3669780326363469e-15,5.418729837023374e-16,0.0,0.0,11.770987363921481,1.2142603676657324,-4.832193412203727e-16,280.72147447970576,280.721474479706,279.2899391238724,279.28993912387267,-0.13261651790964574,0.13261651790964576,0.4594094996076896,-2.160548491274948e-17,986.1959072991265,986.195907299126,994.7905542715106,994.7905542715101,-0.5,-0.5,-0.5,-0.5
1,802,17,after_integrate,0.8020000000000006,0.8010000000000006,0.001,0,0,0.5,0.0,0.0,,1.2175301653324608,-1.1654375165688001e-17,1.3676013342998226e-15,6.661645948581491e-16,0.0,0.0,11.78720637140543,1.2175301653324608,-4.832583369737607e-16,281.07458635727966,281.0745863572798,279.6457697717518,279.6457697717521,-0.13256062199914934,0.13256062199914936,0.45941154645095067,6.352754461803745e-20,986.2271140853362,986.2271140853358,994.8054551835827,994.8054551835822,-0.5,-0.5,-0.5,-0.5
1,803,17,after_integrate,0.8030000000000006,0.8020000000000006,0.001,0,0,0.5,0.0,0.0,,1.2208044896731018,-1.1513221240084683e-17,1.3683456864583494e-15,8.588986559615381e-16,0.0,0.0,11.803425446428546,1.2208044896731018,-4.838171486848029e-16,281.42781009722637,281.42781009722654,280.0015865048736,280.00158650487396,-0.13250519660743995,0.13250519660744,0.45941333260817074,5.372050404917277e-18,986.2563162343324,986.2563162343322,994.81910571836,994.8191057183595,-0.5,-0.5,-0.5,-0.5
1,804,17,after_integrate,0.8040000000000006,0.8030000000000006,0.001,0,0,0.5,0.0,0.0,,1.2240833406162193,-1.135986548685143e-17,1.3693317328775354e-15,1.094286484734417e-15,0.0,0.0,11.819644579836028,1.2240833406162193,-4.848285940138546e-16,281.78114191118624,281.7811419111864,280.3573871978058,280.3573871978061,-0.1324502415968161,0.13245024159682878,0.4594148606771334,2.545020860277988e-17,986.2835248036141,986.2835248036139,994.8315069727965,994.8315069727961,-0.5,-0.5,-0.5,-0.5
1,805,17,after_integrate,0.8050000000000006,0.8040000000000006,0.001,0,0,0.5,0.0,0.0,,1.2273667180870353,-1.1198527478593499e-17,1.3704975615351597e-15,1.2615014627147899e-15,0.0,0.0,11.835863762564715,1.2273667180870356,-4.835029660181319e-16,282.1345780295469,282.134578029547,280.7131697253224,280.7131697253227,-0.13239575678961701,0.13239575678962964,0.4594161332542517,4.714852188597243e-18,986.3087561974673,986.3087561974671,994.8426655009655,994.842665500965,-0.5,-0.5,-0.5,-0.5
1,806,17,after_integrate,0.8060000000000006,0.8050000000000006,0.001,0,0,0.5,0.0,0.0,,1.2306546220074712,-1.1030328539163369e-17,1.3717995889113418e-15,1.3346780933997826e-15,0.0,0.0,11.852082985643,1.2306546220074712,-4.858146576048764e-16,282.4881147120029,282.4881147120031,281.0689319732089,281.0689319732092,-0.13234174196898724,0.13234174196897466,0.45941715293352164,-4.7844725361790086e-17,986.3320293851069,986.3320293851067,994.8525905307605,994.85259053076,-0.5,-0.5,-0.5,-0.5
1,807,17,after_integrate,0.8070000000000006,0.8060000000000006,0.001,0,0,0.5,0.0,0.0,,1.2339470522961895,-1.0860534285570525e-17,1.3731661283470273e-15,1.5206076888457686e-15,0.0,0.0,11.868302240190745,1.2339470522961895,-4.852194151964522e-16,282.84174825285686,282.841748252857,281.42467184381076,281.42467184381104,-0.13228819687959018,0.1322881968795902,0.45941792230561085,4.386000931237e-18,986.3533646808592,986.3533646808589,994.8612927426302,994.8612927426298,-0.5,-0.5,-0.5,-0.5
1,808,17,after_integrate,0.8080000000000006,0.8070000000000006,0.001,0,0,0.5,0.0,0.0,,1.2372440088686367,-1.0682487750972204e-17,1.3748143692100589e-15,1.7903459086890957e-15,0.0,0.0,11.884521517419161,1.2372440088686367,-4.834837917992711e-16,283.1954749839579,283.19547498395804,281.78038725923,281.7803872592303,-0.13223512122844608,0.13223512122844608,0.45941844395708337,1.0307550912531234e-17,986.3727832162913,986.372783216291,994.8687837401922,994.8687837401917,-0.5,-0.5,-0.5,-0.5
1,809,17,after_integrate,0.8090000000000006,0.8080000000000006,0.001,0,0,0.5,0.0,0.0,,1.240545491637085,-1.0500140397818116e-17,1.3767159534554578e-15,1.9228109005348714e-15,0.0,0.0,11.900740808630616,1.240545491637085,-4.849826069889252e-16,283.54929127660114,283.54929127660125,282.13607616349174,282.136076163492,-0.13218251468555287,0.1321825146855529,0.45941872046972826,-2.4915967116483865e-17,986.3903067073579,986.3903067073577,994.8750758158085,994.875075815808,-0.5,-0.5,-0.5,-0.5
1,810,17,after_integrate,0.8100000000000006,0.8090000000000006,0.001,0,0,0.5,0.0,0.0,,1.243851500510676,-1.0315069293204446e-17,1.3786960681279508e-15,2.182558279419722e-15,0.0,0.0,11.916960105218491,1.243851500510676,-4.87040800833412e-16,283.90319354295457,283.9031935429547,282.4917365242502,282.4917365242505,-0.13213037688468218,0.13213037688469484,0.45941875441994756,2.0785715718363783e-18,986.4059534314805,986.4059534314803,994.8801779260227,994.8801779260223,-0.5,-0.5,-0.5,-0.5
1,811,17,after_integrate,0.8110000000000006,0.8100000000000006,0.001,0,0,0.5,0.0,0.0,,1.2471620353954604,-1.0125680003505487e-17,1.3809678790918424e-15,2.288890948752103e-15,0.0,0.0,11.933179398666839,1.2471620353954607,-4.873309533457659e-16,284.2571767588983,284.2571767588984,282.8473648519862,282.8473648519864,-0.13207870742396857,0.13207870742398123,0.459418548375716,3.2839583370505946e-17,986.4193243504542,986.419324350454,994.8836818363394,994.883681836339,-0.5,-0.5,-0.5,-0.5
1,812,17,after_integrate,0.8120000000000006,0.8110000000000006,0.001,0,0,0.5,0.0,0.0,,1.2504770961939764,-9.935444111612888e-18,1.3833769677239708e-15,2.533294463060092e-15,0.0,0.0,11.94939868055081,1.2504770961939766,-4.854756661753199e-16,284.611242072112,284.6112420721121,283.2029638291221,283.2029638291224,-0.13202750586135503,0.1320275058613551,0.45941810491861046,-2.1000587351004865e-17,986.4333628175741,986.4333628175739,994.8885217022571,994.8885217022566,-0.5,-0.5,-0.5,-0.5
1,813,17,after_integrate,0.8130000000000006,0.8120000000000006,0.001,0,0,0.5,0.0,0.0,,1.2537966828077736,-9.74456218517492e-18,1.3859223224732868e-15,2.5661208423245654e-15,0.0,0.0,11.96561794253576,1.2537966828077736,-4.877643237989969e-16,284.9653892196534,284.9653892196535,283.5585347051308,283.558534705131,-0.1319767717436791,0.13197677174369174,0.45941742659806134,5.442445383622432e-18,986.4463843627335,986.4463843627333,994.893003989166,994.8930039891655,-0.5,-0.5,-0.5,-0.5
1,814,17,after_integrate,0.8140000000000006,0.8130000000000006,0.001,0,0,0.5,0.0,0.0,,1.2571207951352834,-9.55550363668844e-18,1.3885229616371956e-15,2.654324188527089e-15,0.0,0.0,11.981837176377306,1.2571207951352834,-4.874396117564373e-16,285.31961731063757,285.3196173106377,283.9140780837743,283.91407808377454,-0.131926504581276,0.13192650458127603,0.45941651597230054,5.3603349244893364e-18,986.4584783697928,986.4584783697926,994.8972091223898,994.8972091223893,-0.5,-0.5,-0.5,-0.5
1,815,17,after_integrate,0.8150000000000006,0.8140000000000006,0.001,0,0,0.5,0.0,0.0,,1.2604494330726626,-9.368752073309119e-18,1.3912050780999475e-15,2.7796173283356053e-15,0.0,0.0,11.998056373921242,1.2604494330726626,-4.88976703993216e-16,285.6739252151818,285.67392521518184,284.26959431251254,284.2695943125128,-0.13187670385788944,0.13187670385788947,0.45941537559651885,-9.140467452201795e-20,986.4696549985647,986.4696549985647,994.9011384064213,994.9011384064208,-0.5,-0.5,-0.5,-0.5
1,816,17,after_integrate,0.8160000000000006,0.8150000000000006,0.001,0,0,0.5,0.0,0.0,,1.2637825965136138,-9.18214465421919e-18,1.394062763888148e-15,2.9118839194916213e-15,0.0,0.0,12.014275527103475,1.2637825965136138,-4.890957328078701e-16,286.0283118901092,286.02831189010925,284.6250838095257,284.62508380952596,-0.1318273690284468,0.13182736902843423,0.4594140080238006,-5.0300741814364244e-17,986.4799461487198,986.4799461487198,994.9048149809398,994.9048149809394,-0.5,-0.5,-0.5,-0.5
1,817,17,after_integrate,0.8170000000000006,0.8160000000000006,0.001,0,0,0.5,0.0,0.0,,1.2671202853494474,-8.999665601556556e-18,1.3969952160516509e-15,2.8784917871945125e-15,0.0,0.0,12.03049462794998,1.2671202853494474,-4.91970062557871e-16,286.38277638900354,286.3827763890036,284.98054707399615,284.98054707399643,-0.13177849951956247,0.1317784995195625,0.4594124158053684,7.597387869320306e-18,986.4894013601686,986.4894013601686,994.9082797198517,994.9082797198513,-0.5,-0.5,-0.5,-0.5
1,818,17,after_integrate,0.8180000000000006,0.8170000000000006,0.001,0,0,0.5,0.0,0.0,,1.2704624994691331,-8.823478688258045e-18,1.3999026571920118e-15,3.1233813754003694e-15,0.0,0.0,12.046713668576713,1.2704624994691331,-4.930521660248596e-16,286.73731788942507,286.7373178894251,285.33598471359056,285.33598471359085,-0.1317300947300935,0.13173009473010613,0.4594106014907198,1.1091085552606989e-17,986.4980782735184,986.4980782735184,994.9115816901789,994.9115816901784,-0.5,-0.5,-0.5,-0.5
1,819,17,after_integrate,0.8190000000000006,0.8180000000000006,0.001,0,0,0.5,0.0,0.0,,1.2738092387593563,-8.645319302614194e-18,1.4032141222933599e-15,3.3541633911283186e-15,0.0,0.0,12.062932641189567,1.2738092387593563,-4.9034488629258e-16,287.09193570651547,287.09193570651547,285.6913974582789,285.69139745827914,-0.1316821540315344,0.13168215403152184,0.4594085676277895,-2.5375720686737495e-17,986.5060372248031,986.5060372248031,994.914772745522,994.9147727455215,-0.5,-0.5,-0.5,-0.5
1,820,17,after_integrate,0.8200000000000006,0.8190000000000006,0.001,0,0,0.5,0.0,0.0,,1.2771605031045765,-8.472858990629926e-18,1.406562156893425e-15,3.4370556019933587e-15,0.0,0.0,12.079151538084323,1.2771605031045765,-4.949826858174168e-16,287.4466292970284,287.4466292970284,286.0467861645404,286.04678616454066,-0.13163467676851245,0.13163467676851248,0.45940631676311156,-1.6251871098380103e-17,986.5133387552802,986.5133387552802,994.9179050348247,994.9179050348242,-0.5,-0.5,-0.5,-0.5
1,821,17,after_integrate,0.8210000000000006,0.8200000000000006,0.001,0,0,0.5,0.0,0.0,,1.2805162923870832,-8.303448946294112e-18,1.4101264015379922e-15,3.555892121569304e-15,0.0,0.0,12.095370351646586,1.280516292387083,-4.93404245177148e-16,287.8013982586928,287.8013982586928,286.4021518148772,286.40215181487747,-0.13158766225934568,0.1315876622593457,0.45940385144196727,1.6447353078100457e-18,986.5200425465711,986.5200425465711,994.9210299366391,994.9210299366387,-0.5,-0.5,-0.5,-0.5
1,822,17,after_integrate,0.8220000000000006,0.8210000000000006,0.001,0,0,0.5,0.0,0.0,,1.283876606487055,-8.141794325629734e-18,1.4136849498642824e-15,3.735314725837123e-15,0.0,0.0,12.111589074351773,1.283876606487055,-4.961177568110089e-16,288.1562423275407,288.15624232754067,286.75749551527366,286.75749551527394,-0.13154110979644756,0.1315411097964476,0.4594011742085213,6.46132484106999e-18,986.526206981364,986.526206981364,994.9241976190523,994.9241976190518,-0.5,-0.5,-0.5,-0.5
1,823,17,after_integrate,0.8230000000000006,0.8220000000000006,0.001,0,0,0.5,0.0,0.0,,1.287241445282614,-7.981466794401761e-18,1.4174932121522917e-15,3.79146975943723e-15,0.0,0.0,12.127807698765052,1.287241445282614,-4.949383104872484e-16,288.51116137439055,288.51116137439055,287.11281849179863,287.1128184917989,-0.13149501864675495,0.13149501864675497,0.4593982876059319,-2.5021338444545995e-17,986.5318889674223,986.5318889674223,994.9274568630034,994.9274568630029,-0.5,-0.5,-0.5,-0.5
1,824,17,after_integrate,0.8240000000000006,0.8230000000000006,0.001,0,0,0.5,0.0,0.0,,1.2906108086498824,-7.829206475385981e-18,1.4213058282248468e-15,3.872927316785058e-15,0.0,0.0,12.144026217541319,1.2906108086498824,-4.974151907334793e-16,288.8661554009973,288.8661554009973,287.46812208686043,287.46812208686066,-0.13144938805220363,0.13144938805220363,0.45939519417643343,-2.329388867443372e-17,986.5371438702546,986.5371438702546,994.9308549943421,994.9308549943416,-0.5,-0.5,-0.5,-0.5
1,825,17,after_integrate,0.8250000000000006,0.8240000000000006,0.001,0,0,0.5,0.0,0.0,,1.2939846964630373,-7.683767113384207e-18,1.4252571403077111e-15,4.01370673466179e-15,0.0,0.0,12.160244623425163,1.2939846964630375,-4.996890604474407e-16,289.2212245360801,289.2212245360801,287.82340775532776,287.82340775532805,-0.13140421723008944,0.13140421723008947,0.4593918964613981,-2.435056219068039e-17,986.5420254906727,986.5420254906727,994.9344378608453,994.9344378608448,-0.5,-0.5,-0.5,-0.5
1,826,17,after_integrate,0.8260000000000006,0.8250000000000006,0.001,0,0,0.5,0.0,0.0,,1.2973631085943627,-7.544359317349105e-18,1.4292443611779274e-15,3.912150211052402e-15,0.0,0.0,12.17646290925086,1.2973631085943627,-5.025444318353854e-16,289.57636903131606,289.57636903131606,288.17867706060565,288.17867706060593,-0.1313595053734904,0.13135950537349042,0.45938839700135975,-2.3451443028979773e-17,986.5465860609575,986.5465860609575,994.9382498279051,994.9382498279047,-0.5,-0.5,-0.5,-0.5
1,827,17,after_integrate,0.8270000000000006,0.8260000000000006,0.001,0,0,0.5,0.0,0.0,,1.300746044914304,-7.416550756309119e-18,1.4331440490943269e-15,4.016369273730849e-15,0.0,0.0,12.192681067942303,1.300746044914304,-5.046002182115306e-16,289.93158925733763,289.93158925733763,288.5339316707026,288.5339316707028,-0.13131525165162342,0.13131525165163604,0.45938469833601586,-3.397181090123113e-18,986.5508762491366,986.5508762491366,994.9423337824051,994.9423337824046,-0.5,-0.5,-0.5,-0.5
1,828,17,after_integrate,0.8280000000000006,0.8270000000000006,0.001,0,0,0.5,0.0,0.0,,1.3041335052915177,-7.292085553784879e-18,1.4371568552097414e-15,3.991735879246563e-15,0.0,0.0,12.208899092513008,1.3041335052915177,-5.032965083192918e-16,290.2868856997493,290.2868856997493,288.88917335430693,288.88917335430716,-0.13127145521022576,0.13127145521022576,0.4593808030041813,-2.184257099801639e-17,986.5549451669526,986.5549451669526,994.9467311403465,994.9467311403461,-0.5,-0.5,-0.5,-0.5
1,829,17,after_integrate,0.8290000000000006,0.8280000000000006,0.001,0,0,0.5,0.0,0.0,,1.307525489592923,-7.174751647405722e-18,1.4411929191704537e-15,4.01169515664667e-15,0.0,0.0,12.22511697606607,1.307525489592923,-5.049926628785563e-16,290.642258955172,290.642258955172,289.2444039768802,289.24440397688045,-0.13122811517187138,0.1312281151718714,0.4593767135437414,2.5290299255573574e-18,986.5588403798316,986.5588403798316,994.9514818565391,994.9514818565386,-0.5,-0.5,-0.5,-0.5
1,830,17,after_integrate,0.8300000000000006,0.8290000000000006,0.001,0,0,0.5,0.0,0.0,,1.310921997683751,-7.065389650131916e-18,1.4451831217683812e-15,3.968943639062922e-15,0.0,0.0,12.241334711794133,1.310921997683751,-5.068539756573e-16,290.9977097273196,290.9977097273196,289.5996254967719,289.5996254967722,-0.13118523063632442,0.13118523063633702,0.4593724324915436,-2.2309443032663233e-18,986.5626079181178,986.5626079181178,994.9566244356163,994.9566244356158,-0.5,-0.5,-0.5,-0.5
1,831,17,after_integrate,0.8310000000000006,0.8300000000000006,0.001,0,0,0.5,0.0,0.0,,1.3143230294275945,-6.961830089213081e-18,1.4491538467253066e-15,4.07853386719704e-15,0.0,0.0,12.25755229297934,1.3143230294275947,-5.072690101941101e-16,291.3532388231103,291.35323882311025,289.9548399613599,289.9548399613601,-0.13114280068090384,0.13114280068090386,0.45936796238327776,2.7291896960764445e-18,986.5662922892916,986.5662922892916,994.9621959440987,994.9621959440982,-0.5,-0.5,-0.5,-0.5
1,832,17,after_integrate,0.8320000000000006,0.8310000000000006,0.001,0,0,0.5,0.0,0.0,,1.3177285846864535,-6.8619823246049516e-18,1.4532720745928944e-15,4.14445898335204e-15,0.0,0.0,12.273769712993309,1.3177285846864535,-5.070261478428667e-16,291.70884714881464,291.70884714881464,290.31004950321847,290.3100495032187,-0.1311008243607342,0.1311008243607342,0.45936330575331374,-2.5296237275535243e-17,986.5699364909699,986.5699364909699,994.9682320232831,994.9682320232827,-0.5,-0.5,-0.5,-0.5
1,833,17,after_integrate,0.8330000000000006,0.8320000000000006,0.001,0,0,0.5,0.0,0.0,,1.3211386633207842,-6.766265898374605e-18,1.4574031789638424e-15,4.18049966520279e-15,0.0,0.0,12.289986965297071,1.3211386633207842,-5.095105772575892e-16,292.0645357062443,292.0645357062443,290.66525633631767,290.6652563363179,-0.13105930070912103,0.13105930070913369,0.4593584651345236,5.949070099373572e-18,986.5735820246763,986.5735820246763,994.9747669029645,994.974766902964,-0.5,-0.5,-0.5,-0.5
1,834,17,after_integrate,0.8340000000000006,0.8330000000000006,0.001,0,0,0.5,0.0,0.0,,1.3245532651895442,-6.6736521217810645e-18,1.461729658250911e-15,4.3533859806223815e-15,0.0,0.0,12.306204043441024,1.3245532651895442,-5.100330570795037e-16,292.42030558898045,292.42030558898045,291.020462752255,291.0204627522552,-0.1310182287378385,0.13101822873783853,0.45935344305806497,4.2811197303112716e-18,986.5772689102745,986.5772689102745,994.9818334158617,994.9818334158613,-0.5,-0.5,-0.5,-0.5
1,835,17,after_integrate,0.8350000000000006,0.8340000000000006,0.001,0,0,0.5,0.0,0.0,,1.3279723901502363,-6.587574785008235e-18,1.4660387455411015e-15,4.358487552593509e-15,0.0,0.0,12.322420941064854,1.3279723901502363,-5.117166332395446e-16,292.7761579786458,292.7761579786458,291.3756711165229,291.3756711165231,-0.13097760743738943,0.13097760743740205,0.4593482420531426,-3.2696317565347714e-18,986.5810357011242,986.5810357011242,994.9894630128102,994.9894630128098,-0.5,-0.5,-0.5,-0.5
1,836,17,after_integrate,0.8360000000000006,0.8350000000000006,0.001,0,0,0.5,0.0,0.0,,1.3313960380589542,-6.506736377387926e-18,1.4704034928652583e-15,4.312685155528078e-15,0.0,0.0,12.33863765189748,1.331396038058954,-5.119447842331385e-16,293.13209414122053,293.13209414122053,291.7308838648132,291.7308838648134,-0.13093743577738048,0.13093743577736788,0.4593428646467418,-4.910930640185715e-17,986.584919499755,986.584919499755,994.9976857785208,994.9976857785206,-0.5,-0.5,-0.5,-0.5
1,837,17,after_integrate,0.8370000000000006,0.8360000000000006,0.001,0,0,0.5,0.0,0.0,,1.334824208770425,-6.433745088139728e-18,1.474701546533089e-15,4.311761788394758e-15,0.0,0.0,12.354854169756958,1.334824208770425,-5.156080102326047e-16,293.4881154234047,293.4881154234047,292.0861034993619,292.0861034993621,-0.1308977127067441,0.13089771270673148,0.4593373133633454,-5.223790711648483e-17,986.5889559742988,986.5889559742988,995.0065304481249,995.0065304481246,-0.5,-0.5,-0.5,-0.5
1,838,17,after_integrate,0.8380000000000006,0.8370000000000006,0.001,0,0,0.5,0.0,0.0,,1.3382569021380506,-6.366824955856725e-18,1.479005126332796e-15,4.304673788320173e-15,0.0,0.0,12.371070488550401,1.3382569021380506,-5.172432554146115e-16,293.8442232490272,293.8442232490272,292.44133258533464,292.4413325853348,-0.13085843715408704,0.13085843715407444,0.45933159072461427,-2.554408955174665e-17,986.5931793753125,986.5931793753125,995.0160244241484,995.0160244241482,-0.5,-0.5,-0.5,-0.5
1,839,17,after_integrate,0.8390000000000006,0.8380000000000006,0.001,0,0,0.5,0.0,0.0,,1.3416941180139499,-6.30539331399972e-18,1.4832981354467881e-15,4.283247745369228e-15,0.0,0.0,12.387286602273859,1.3416941180139499,-5.196256703087794e-16,294.20041911550373,294.20041911550373,292.7965737472568,292.79657374725696,-0.13081960802792497,0.13081960802792497,0.45932569924906347,5.616834912044759e-18,986.5976225532454,986.5976225532454,995.0261937941594,995.0261937941592,-0.5,-0.5,-0.5,-0.5
1,840,17,after_integrate,0.8400000000000006,0.8390000000000006,0.001,0,0,0.5,0.0,0.0,,1.345135856248999,-6.246920278291277e-18,1.4876194481239322e-15,4.338674953079572e-15,0.0,0.0,12.403502505012213,1.345135856248999,-5.200535441929871e-16,294.5567045903442,294.5567045903442,293.15182966548804,293.1518296654882,-0.13078122421703053,0.1307812242170432,0.4593196414517099,-4.233066851010361e-18,986.6023169764138,986.6023169764138,995.0370633489471,995.0370633489468,-0.5,-0.5,-0.5,-0.5
1,841,17,after_integrate,0.8410000000000006,0.8400000000000006,0.001,0,0,0.5,0.0,0.0,,1.3485821166928704,-6.191905010737463e-18,1.4919033060322448e-15,4.326844391434295e-15,0.0,0.0,12.41971819093905,1.3485821166928704,-5.221342657329273e-16,294.91308130771114,294.91308130771114,293.5071030727445,293.50710307274466,-0.13074328459069304,0.13074328459069307,0.4593134198436984,-3.811089893747749e-18,986.6072927494206,986.6072927494206,995.0486566011689,995.0486566011687,-0.5,-0.5,-0.5,-0.5
1,842,17,after_integrate,0.8420000000000006,0.8410000000000006,0.001,0,0,0.5,0.0,0.0,,1.3520328991940718,-6.140657438836964e-18,1.4961407574553345e-15,4.210020918699075e-15,0.0,0.0,12.435933654316495,1.3520328991940718,-5.225656594442586e-16,295.26955096502996,295.26955096502996,293.86239675067003,293.8623967506702,-0.13070578799896576,0.1307057879989784,0.4593070369319236,5.231907281036752e-18,986.6125786320616,986.6125786320616,995.0609958044998,995.0609958044996,-0.5,-0.5,-0.5,-0.5
1,843,17,after_integrate,0.8430000000000006,0.8420000000000006,0.001,0,0,0.5,0.0,0.0,,1.3554882035999831,-6.090587220617246e-18,1.5003784291401483e-15,4.127704299427844e-15,0.0,0.0,12.4521488894951,1.3554882035999833,-5.202845151891032e-16,295.62611531965234,295.62611531965234,294.21771352645766,294.2177135264578,-0.1306687332730389,0.13066873327302633,0.4593004952186204,-4.80443598801072e-17,986.618202058673,986.618202058673,995.0741019732392,995.074101973239,-0.5,-0.5,-0.5,-0.5
1,844,17,after_integrate,0.8440000000000006,0.8430000000000006,0.001,0,0,0.5,0.0,0.0,,1.3589480297568943,-6.04185050802526e-18,1.5045961556759887e-15,4.3020922608820025e-15,0.0,0.0,12.468363890913617,1.3589480297568943,-5.244290799514638e-16,295.9827761855728,295.9827761855728,294.5730562695233,294.5730562695235,-0.13063211922541149,0.13063211922541149,0.4592937972009627,-2.3953588809729282e-17,986.6241891578185,986.6241891578185,995.0879949022645,995.0879949022643,-0.5,-0.5,-0.5,-0.5
1,845,17,after_integrate,0.8450000000000006,0.8440000000000006,0.001,0,0,0.5,0.0,0.0,,1.36241237751004,-5.994769693532992e-18,1.508884094156088e-15,4.316100626996586e-15,0.0,0.0,12.484578653098861,1.36241237751004,-5.298866421515178e-16,296.33953543020044,296.33953543020044,294.9284278882325,294.92842788823265,-0.13059594465032776,0.1305959446503404,0.45928694537064,-1.083081401388611e-19,986.6305647724436,986.6305647724436,995.1026931874627,995.1026931874625,-0.5,-0.5,-0.5,-0.5
1,846,17,after_integrate,0.8460000000000006,0.8450000000000006,0.001,0,0,0.5,0.0,0.0,,1.365881246703636,-5.94886867695579e-18,1.5132533988483085e-15,4.404612601347848e-15,0.0,0.0,12.500793170665485,1.3658812467036363,-5.285348877264462e-16,296.69639497118555,296.69639497118555,295.28383132668256,295.28383132668273,-0.1305602083239491,0.1305602083239491,0.45927994221341223,4.182584765333555e-19,986.6373524803295,986.6373524803295,995.1182142464565,995.1182142464563,-0.5,-0.5,-0.5,-0.5
1,847,17,after_integrate,0.8470000000000006,0.8460000000000006,0.001,0,0,0.5,0.0,0.0,,1.3693546371809115,-5.904625217343011e-18,1.5176423915242346e-15,4.405751095243146e-15,0.0,0.0,12.517007438315765,1.3693546371809118,-5.307778134030058e-16,297.0533567733025,297.0533567733024,295.6392695615403,295.63926956154046,-0.13052490900469035,0.13052490900470298,0.4592727902086803,2.6197641194107226e-18,986.644574614897,986.644574614897,995.134574339688,995.1345743396878,-0.5,-0.5,-0.5,-0.5
1,848,17,after_integrate,0.8480000000000006,0.8470000000000006,0.001,0,0,0.5,0.0,0.0,,1.3728325487841442,-5.8608021283423755e-18,1.5220983000530757e-15,4.435344954531865e-15,0.0,0.0,12.53322145083937,1.372832548784144,-5.298560512264372e-16,297.4104228453887,297.41042284538867,295.9947455989376,295.9947455989378,-0.13049004543353046,0.13049004543353046,0.4592654918290311,4.2589528221464137e-19,986.652252286296,986.652252286296,995.1517885917777,995.1517885917773,-0.5,-0.5,-0.5,-0.5
1,849,17,after_integrate,0.8490000000000006,0.8480000000000006,0.001,0,0,0.5,0.0,0.0,,1.3763149813546907,-5.8187889916987714e-18,1.5265101613091537e-15,4.48807608335212e-15,0.0,0.0,12.549435203113127,1.3763149813546907,-5.305393287651703e-16,297.7675952373414,297.76759523734137,296.35026247142474,296.3502624714249,-0.13045561633423572,0.13045561633424835,0.4592580495397859,2.5834909446542673e-17,986.6604054028135,986.6604054028137,995.1698710131952,995.169871013195,-0.5,-0.5,-0.5,-0.5
1,850,17,after_integrate,0.8500000000000006,0.8490000000000006,0.001,0,0,0.5,0.0,0.0,,1.3798019347330204,-5.776693167070608e-18,1.5310019685671086e-15,4.4657155035714916e-15,0.0,0.0,12.565648690100732,1.3798019347330202,-5.322981812317829e-16,298.1248760371714,298.12487603717136,296.7058232349836,296.70582323498377,-0.13042162041378472,0.13042162041378472,0.4592504657985411,-1.852432630247649e-17,986.669052692533,986.6690526925332,995.1888345221697,995.1888345221695,-0.5,-0.5,-0.5,-0.5
1,851,18,after_integrate,0.8510000000000006,0.8500000000000006,0.001,0,0,0.5,0.0,0.0,,1.3832934087587436,-5.739167157911596e-18,1.535473979929227e-15,4.493222354149386e-15,0.0,0.0,12.581861906852485,1.3832934087587436,-5.329191773204265e-16,298.48226736811506,298.48226736811495,297.06143096610094,297.0614309661011,-0.1303880563625288,0.1303880563625288,0.45924274305471335,-2.3790972491569534e-17,986.67821172519,986.6782117251902,995.2086909667842,995.2086909667839,-0.5,-0.5,-0.5,-0.5
1,852,18,after_integrate,0.8520000000000006,0.8510000000000006,0.001,0,0,0.5,0.0,0.0,,1.3867894032706432,-5.702004419398064e-18,1.5399718983540355e-15,4.499664972081646e-15,0.0,0.0,12.598074848504995,1.3867894032706434,-5.353872756754059e-16,298.83977138580445,298.83977138580434,297.4170887589032,297.4170887589034,-0.13035492285459235,0.13035492285459235,0.45923488374906946,-2.4203123821216947e-17,986.6878989342528,986.687898934253,995.2294511472749,995.2294511472746,-0.5,-0.5,-0.5,-0.5
1,853,18,after_integrate,0.8530000000000006,0.8520000000000006,0.001,0,0,0.5,0.0,0.0,,1.390289918106702,-5.6679991682209056e-18,1.544474416234004e-15,4.512485949298165e-15,0.0,0.0,12.614287510280867,1.3902899181067023,-5.358090615821565e-16,299.1973902754964,299.19739027549633,297.77279972235294,297.7727997223531,-0.13032221854813464,0.13032221854812204,0.45922689031326747,-4.8039371943660144e-17,986.6981296392831,986.6981296392834,995.2511248385891,995.2511248385889,-0.5,-0.5,-0.5,-0.5
1,854,18,after_integrate,0.8540000000000006,0.8530000000000006,0.001,0,0,0.5,0.0,0.0,,1.3937949531041327,-5.6358578684377725e-18,1.5489897859464552e-15,4.471694345726535e-15,0.0,0.0,12.630499887488364,1.3937949531041327,-5.387629503177719e-16,299.5551262493601,299.55512624936006,298.1285669775082,298.1285669775084,-0.13028994208566233,0.13028994208566233,0.45921876516939486,-2.3611184104260173e-17,986.7089180683236,986.7089180683238,995.2737208129507,995.2737208129505,-0.5,-0.5,-0.5,-0.5
1,855,18,after_integrate,0.8550000000000006,0.8540000000000006,0.001,0,0,0.5,0.0,0.0,,1.3973045080994038,-5.60523458243583e-18,1.5534679087439488e-15,4.550229462903346e-15,0.0,0.0,12.646711975521061,1.3973045080994038,-5.406166421430248e-16,299.912981543824,299.91298154382395,298.48439365484535,298.48439365484546,-0.13025809209434203,0.1302580920943294,0.4592105107295075,-2.4100790065782247e-17,986.7202773805874,986.7202773805876,995.297246862698,995.2972468626978,-0.5,-0.5,-0.5,-0.5
1,856,18,after_integrate,0.8560000000000006,0.8550000000000006,0.001,0,0,0.5,0.0,0.0,,1.400818582928266,-5.576348408352662e-18,1.5579546981659962e-15,4.4430043057417744e-15,0.0,0.0,12.662923769857496,1.400818582928266,-5.424125726983461e-16,300.27095841698156,300.27095841698144,298.84028289164536,298.84028289164553,-0.13022666718630094,0.13022666718630097,0.4592021293951828,4.813670120547096e-18,986.7322196891251,986.7322196891254,995.321709823069,995.3217098230685,-0.5,-0.5,-0.5,-0.5
1,857,18,after_integrate,0.8570000000000007,0.8560000000000006,0.001,0,0,0.5,0.0,0.0,,1.4043371774257785,-5.547119075433883e-18,1.5624547140936348e-15,4.521695873929329e-15,0.0,0.0,12.679135266060792,1.4043371774257782,-5.420357302947517e-16,300.6290591460566,300.62905914605653,299.19623782944507,299.1962378294453,-0.1301956659589524,0.1301956659589524,0.4591936235570429,2.718103423165584e-20,986.7447560837464,986.7447560837467,995.3471155952171,995.3471155952167,-0.5,-0.5,-0.5,-0.5
1,858,18,after_integrate,0.8580000000000007,0.8570000000000007,0.001,0,0,0.5,0.0,0.0,,1.4078602914263338,-5.517613167321304e-18,1.5669663594393344e-15,4.580362522901449e-15,0.0,0.0,12.695346459778241,1.407860291426334,-5.453826975635898e-16,300.987286024928,300.9872860249279,299.55226161155275,299.5522616115529,-0.1301650869952967,0.13016508699529672,0.4591849955943322,-2.277234352805799e-17,986.7578966539301,986.7578966539303,995.3734691691757,995.3734691691752,-0.5,-0.5,-0.5,-0.5
1,859,18,after_integrate,0.8590000000000007,0.8580000000000007,0.001,0,0,0.5,0.0,0.0,,1.4113879247636814,-5.488764278879578e-18,1.5715561800455574e-15,4.5347613108874544e-15,0.0,0.0,12.711557346740918,1.4113879247636816,-5.455421054621548e-16,301.34564136171315,301.3456413617131,299.90835738062896,299.9083573806291,-0.13013492886422204,0.13013492886422207,0.4591762478744537,-2.6195911935313934e-17,986.7716505118616,986.7716505118618,995.4007746469157,995.4007746469152,-0.5,-0.5,-0.5,-0.5
1,860,18,after_integrate,0.8600000000000007,0.8590000000000007,0.001,0,0,0.5,0.0,0.0,,1.414920077270951,-5.46209920210137e-18,1.576094191964764e-15,4.553805585775004e-15,0.0,0.0,12.727767922763249,1.414920077270951,-5.482307155570863e-16,301.7041274764114,301.7041274764113,300.26452827633284,300.26452827633307,-0.1301051901208683,0.13010519012088093,0.4591673827525448,2.884719753974659e-17,986.7860258154997,986.7860258154999,995.4290352653999,995.4290352653994,-0.5,-0.5,-0.5,-0.5
1,861,18,after_integrate,0.8610000000000007,0.8600000000000007,0.001,0,0,0.5,0.0,0.0,,1.4184567487806756,-5.436973521697132e-18,1.5806486259826773e-15,4.561635348614241e-15,0.0,0.0,12.74397818374256,1.4184567487806756,-5.484224609876374e-16,302.06274669860596,302.06274669860585,300.6207774330342,300.62077743303445,-0.1300758693068782,0.1300758693068782,0.45915840257104223,-4.027909830295464e-19,986.801029791692,986.8010297916923,995.4582534196411,995.4582534196406,-0.5,-0.5,-0.5,-0.5
1,862,18,after_integrate,0.8620000000000007,0.8610000000000007,0.001,0,0,0.5,0.0,0.0,,1.4219979391248128,-5.412529992929101e-18,1.5852079200660138e-15,4.5127262236203534e-15,0.0,0.0,12.760188125658635,1.4219979391248128,-5.493713842792551e-16,302.42150136522537,302.4215013652253,300.977107977591,300.97710797759123,-0.13004696495077384,0.13004696495077384,0.45914930965925144,-2.5486125643651202e-17,986.8166687592975,986.8166687592977,995.4884306857284,995.488430685728,-0.5,-0.5,-0.5,-0.5
1,863,18,after_integrate,0.8630000000000007,0.8620000000000007,0.001,0,0,0.5,0.0,0.0,,1.4255436481347652,-5.390556684076974e-18,1.5897280308844074e-15,4.641244684780712e-15,0.0,0.0,12.776397744573249,1.4255436481347652,-5.517454743328885e-16,302.7803938183638,302.78039381836373,301.33352302719265,301.3335230271928,-0.13001847556820764,0.13001847556820764,0.4591401063329482,-2.2583690193563398e-17,986.8329481523318,986.832948152332,995.5195678438399,995.5195678438397,-0.5,-0.5,-0.5,-0.5
1,864,18,after_integrate,0.8640000000000007,0.8630000000000007,0.001,0,0,0.5,0.0,0.0,,1.4290938756414024,-5.367036608586912e-18,1.5944194263662859e-15,4.704116067701985e-15,0.0,0.0,12.79260703662966,1.4290938756414027,-5.515312045462885e-16,303.13942640315923,303.1394264031592,301.6900256872696,301.69002568726984,-0.1299903996623522,0.1299903996623522,0.4591307948939511,2.2370651555654085e-18,986.849872543063,986.8498725430633,995.5516649011536,995.5516649011531,-0.5,-0.5,-0.5,-0.5
1,865,18,after_integrate,0.8650000000000007,0.8640000000000007,0.001,0,0,0.5,0.0,0.0,,1.432648621475079,-5.341891559982877e-18,1.599159716599379e-15,4.7449062640559385e-15,0.0,0.0,12.808815998052138,1.432648621475079,-5.529882215265385e-16,303.4986014657313,303.4986014657312,302.0466190494684,302.0466190494686,-0.1299627357241633,0.1299627357241633,0.45912137762974,-1.8179223261881316e-18,986.8674456651148,986.867445665115,995.5847211147291,995.5847211147286,-0.5,-0.5,-0.5,-0.5
1,866,18,after_integrate,0.8660000000000007,0.8650000000000007,0.001,0,0,0.5,0.0,0.0,,1.4362078854656535,-5.319495378060237e-18,1.603893503412952e-15,4.736928428340229e-15,0.0,0.0,12.825024625145433,1.4362078854656533,-5.564317644147554e-16,303.85792135117634,303.85792135117623,302.40330618969216,302.40330618969233,-0.12993548223273185,0.12993548223273185,0.4591118568130563,1.4880406233436114e-18,986.8856704364929,986.8856704364931,995.6187350142599,995.6187350142594,-0.5,-0.5,-0.5,-0.5
1,867,18,after_integrate,0.8670000000000007,0.8660000000000007,0.001,0,0,0.5,0.0,0.0,,1.4397716674425072,-5.29893266184237e-18,1.6085759962660138e-15,4.662472353258316e-15,0.0,0.0,12.841232914294253,1.4397716674425072,-5.564630263524804e-16,304.21738840162044,304.2173884016203,302.7600901662073,302.7600901662075,-0.1299086376555603,0.1299086376555603,0.45910223470153366,-2.5313822290460958e-17,986.9045489825854,986.9045489825857,995.6537044247598,995.6537044247593,-0.5,-0.5,-0.5,-0.5
1,868,18,after_integrate,0.8680000000000007,0.8670000000000007,0.001,0,0,0.5,0.0,0.0,,1.443339967234561,-5.279542481525833e-18,1.6132552559911167e-15,4.572123471109847e-15,0.0,0.0,12.857440861962726,1.4433399672345613,-5.58327980325964e-16,304.57700495433056,304.57700495433045,303.1169740178149,303.11697401781515,-0.12988220044891333,0.12988220044892593,0.45909251353731184,5.8495272288738656e-18,986.9240826590342,986.9240826590344,995.6896264890712,995.6896264890707,-0.5,-0.5,-0.5,-0.5
1,869,18,after_integrate,0.8690000000000007,0.8680000000000007,0.001,0,0,0.5,0.0,0.0,,1.446912784670293,-5.263794145288311e-18,1.617836836728018e-15,4.6732635952212564e-15,0.0,0.0,12.873648464693847,1.4469127846702927,-5.59919793846449e-16,304.9367733398818,304.9367733398817,303.47396076208753,303.47396076208776,-0.12985616905813227,0.1298561690581449,0.4590826955467012,2.850415408674946e-17,986.9442720745524,986.9442720745526,995.7264976902691,995.7264976902686,-0.5,-0.5,-0.5,-0.5
1,870,18,after_integrate,0.8700000000000007,0.8690000000000007,0.001,0,0,0.5,0.0,0.0,,1.4504901195777533,-5.246583748447561e-18,1.6225145656996275e-15,4.716822491652231e-15,0.0,0.0,12.889855719108914,1.4504901195777533,-5.588069572095778e-16,305.2966958803826,305.29669588038246,303.8310533936703,303.8310533936705,-0.1298305419179103,0.1298305419179103,0.4590727829398105,-2.2720688059940794e-17,986.96511711364,986.9651171136402,995.7643138739196,995.7643138739191,-0.5,-0.5,-0.5,-0.5
1,871,18,after_integrate,0.8710000000000007,0.8700000000000007,0.001,0,0,0.5,0.0,0.0,,1.454071971784581,-5.229178489103577e-18,1.6272352708954191e-15,4.779779078229131e-15,0.0,0.0,12.906062621906948,1.454071971784581,-5.599087107560155e-16,305.656774887755,305.65677488775486,304.1882548826469,304.1882548826471,-0.129805317452631,0.1298053174526184,0.4590627779102242,-2.215273210637326e-17,986.986616959177,986.9866169591772,995.8030702701658,995.8030702701656,-0.5,-0.5,-0.5,-0.5
1,872,18,after_integrate,0.8720000000000007,0.8710000000000007,0.001,0,0,0.5,0.0,0.0,,1.457658341118018,-5.2121325878194755e-18,1.6320117741236571e-15,4.6705717236014815e-15,0.0,0.0,12.922269169864101,1.457658341118018,-5.624922629921294e-16,306.01701266207186,306.01701266207175,304.54556817296924,304.54556817296947,-0.12978049407664347,0.1297804940766561,0.4590526826346599,4.588330788318935e-18,987.0087701148519,987.0087701148522,995.8427615155973,995.8427615155969,-0.5,-0.5,-0.5,-0.5
1,873,18,after_integrate,0.8730000000000007,0.8720000000000007,0.001,0,0,0.5,0.0,0.0,,1.4612492274049234,-5.196679639433104e-18,1.6366897344594475e-15,4.746312960564996e-15,0.0,0.0,12.938475359833063,1.4612492274049234,-5.636592656551802e-16,306.37741148994905,306.377411489949,304.9029961809505,304.9029961809507,-0.12975607019467608,0.12975607019466348,0.459042499272675,-4.29622695557765e-17,987.0315744275129,987.0315744275131,995.8833816749993,995.8833816749989,-0.5,-0.5,-0.5,-0.5
1,874,18,after_integrate,0.8740000000000007,0.8730000000000007,0.001,0,0,0.5,0.0,0.0,,1.464844630471788,-5.182896547081617e-18,1.6414290467143948e-15,4.726434727663433e-15,0.0,0.0,12.954681188742448,1.464844630471788,-5.6558015475646255e-16,306.73797364299253,306.7379736429924,305.2605417938211,305.26054179382135,-0.12973204420195966,0.12973204420195966,0.4590322299663318,4.030357154634682e-18,987.0550271092748,987.055027109275,995.9249242628094,995.924924262809,-0.5,-0.5,-0.5,-0.5
1,875,18,after_integrate,0.8750000000000007,0.8740000000000007,0.001,0,0,0.5,0.0,0.0,,1.4684445501447454,-5.169770854862466e-18,1.6462049658368007e-15,4.855569199387397e-15,0.0,0.0,12.970886653596168,1.4684445501447454,-5.680483533724615e-16,307.0987013762996,307.0987013762995,305.6182078683475,305.6182078683477,-0.12970841448467835,0.12970841448467835,0.45902187683991846,-3.009628538716121e-18,987.0791247595714,987.0791247595716,995.967382264467,995.9673822644666,-0.5,-0.5,-0.5,-0.5
1,876,18,after_integrate,0.8760000000000007,0.8750000000000007,0.001,0,0,0.5,0.0,0.0,,1.472048986249587,-5.1589855221886044e-18,1.6509977870611579e-15,4.718906704418799e-15,0.0,0.0,12.987091751472795,1.472048986249587,-5.683158763583019e-16,307.45959692701496,307.4595969270149,305.9759972295124,305.97599722951264,-0.12968517942023117,0.12968517942021854,0.4590114419996654,-5.357841814391569e-17,987.1038633868955,987.1038633868957,996.0107481573993,996.0107481573989,-0.5,-0.5,-0.5,-0.5
1,877,18,after_integrate,0.8770000000000007,0.8760000000000007,0.001,0,0,0.5,0.0,0.0,,1.4756579386117723,-5.1504605051811734e-18,1.6557305406525744e-15,4.7308825358436264e-15,0.0,0.0,13.003296479524947,1.4756579386117723,-5.706057754158529e-16,307.82066251293867,307.8206625129386,306.3339126692561,306.3339126692563,-0.12966233737744193,0.12966233737742933,0.4590009275334639,-1.953487436054932e-17,987.1292384304987,987.129238430499,996.0550139319363,996.0550139319358,-0.5,-0.5,-0.5,-0.5
1,878,18,after_integrate,0.8780000000000007,0.8770000000000007,0.001,0,0,0.5,0.0,0.0,,1.4792714070564406,-5.1445465574873235e-18,1.6604533330103985e-15,4.7303139876604044e-15,0.0,0.0,13.019500834978588,1.4792714070564408,-5.735925571724753e-16,308.1819003311888,308.1819003311887,306.69195694527883,306.69195694527906,-0.12963988671695925,0.12963988671694665,0.45899033551060875,-2.0852723889895858e-17,987.155244781745,987.1552447817452,996.1001711118147,996.1001711118142,-0.5,-0.5,-0.5,-0.5
1,879,18,after_integrate,0.8790000000000007,0.8780000000000007,0.001,0,0,0.5,0.0,0.0,,1.482889391408422,-5.140690548656662e-18,1.6651778250328949e-15,4.768711241149394e-15,0.0,0.0,13.035704815132421,1.482889391408422,-5.751581568165574e-16,308.54331255691375,308.54331255691363,307.05013277990264,307.05013277990287,-0.12961782579149086,0.12961782579149086,0.45897966798154477,-1.0820231339838783e-18,987.1818768053862,987.1818768053864,996.1462107745643,996.1462107745639,-0.5,-0.5,-0.5,-0.5
1,880,18,after_integrate,0.8800000000000007,0.8790000000000007,0.001,0,0,0.5,0.0,0.0,,1.4865118914922482,-5.1353401614635105e-18,1.6699494635589467e-15,4.719693172946193e-15,0.0,0.0,13.051908417357176,1.4865118914922482,-5.759511117488879e-16,308.9049013420589,308.90490134205885,307.4084428589923,307.40844285899254,-0.12959615294608876,0.12959615294610138,0.4589689269776261,2.4775676132153935e-17,987.2091283604854,987.2091283604856,996.1931235715023,996.1931235715018,-0.5,-0.5,-0.5,-0.5
1,881,18,after_integrate,0.8810000000000007,0.8800000000000007,0.001,0,0,0.5,0.0,0.0,,1.490138907132162,-5.13195595559779e-18,1.6746722772290547e-15,4.7249484015738184e-15,0.0,0.0,13.068111639094953,1.490138907132162,-5.763287567890509e-16,309.2666688141816,309.26666881418157,307.76688983093453,307.76688983093476,-0.12957486651842046,0.12957486651840783,0.4589581145108792,-4.767009617583265e-17,987.2369928212579,987.2369928212581,996.2408997475881,996.2408997475876,-0.5,-0.5,-0.5,-0.5
1,882,18,after_integrate,0.8820000000000007,0.8810000000000007,0.001,0,0,0.5,0.0,0.0,,1.4937704381521262,-5.1296127072316545e-18,1.6793986572532408e-15,4.686246620632216e-15,0.0,0.0,13.084314477858532,1.4937704381521262,-5.781865485572475e-16,309.62861707531886,309.6286170753188,308.12547630567525,308.1254763056755,-0.129553964839041,0.12955396483902837,0.458947232573797,-4.7496559156807747e-17,987.2654630975469,987.2654630975471,996.2895291608875,996.289529160887,-0.5,-0.5,-0.5,-0.5
1,883,18,after_integrate,0.8830000000000007,0.8820000000000007,0.001,0,0,0.5,0.0,0.0,,1.4974064843758337,-5.128278144631531e-18,1.684087559243452e-15,4.758149095599649e-15,0.0,0.0,13.100516931230677,1.497406484375834,-5.81809578914703e-16,309.99074820090243,309.9907482009024,308.48420485381286,308.4842048538131,-0.12953344623166285,0.12953344623165025,0.4589362831391117,-2.2006422467303126e-17,987.2945316551188,987.294531655119,996.3390013017957,996.3390013017953,-0.5,-0.5,-0.5,-0.5
1,884,18,after_integrate,0.8840000000000007,0.8830000000000007,0.001,0,0,0.5,0.0,0.0,,1.5010470456267153,-5.12549589501811e-18,1.6888425889146705e-15,4.846447264781379e-15,0.0,0.0,13.116718996863439,1.501047045626715,-5.841321577737508e-16,310.3530642387249,310.35306423872476,308.843078005748,308.8430780057482,-0.12951330901343913,0.12951330901342653,0.45892526815961543,-5.0964330513298106e-17,987.3241905357185,987.3241905357187,996.38930531199,996.3893053119896,-0.5,-0.5,-0.5,-0.5
1,885,18,after_integrate,0.8850000000000007,0.8840000000000007,0.001,0,0,0.5,0.0,0.0,,1.5046921217279483,-5.121905661779156e-18,1.6936909456277713e-15,4.725377257710711e-15,0.0,0.0,13.132920672477445,1.5046921217279485,-5.859875623540718e-16,310.7155672079525,310.71556720795246,309.20209825088773,309.20209825088796,-0.12949355149516992,0.12949355149516992,0.458914189567948,-1.0938892269072108e-18,987.3544313767895,987.3544313767898,996.4404300030029,996.4404300030025,-0.5,-0.5,-0.5,-0.5
1,886,18,after_integrate,0.8860000000000007,0.8850000000000007,0.001,0,0,0.5,0.0,0.0,,1.508341712502463,-5.121953164821971e-18,1.6983667259340074e-15,4.666579331292409e-15,0.0,0.0,13.149121955861183,1.5083417125024632,-5.871402402639861e-16,311.078259098187,311.07825909818695,309.5612680369042,309.5612680369044,-0.12947417198162142,0.12947417198163402,0.4589030492764368,2.652713409803804e-17,987.3852454310241,987.3852454310244,996.4923638745922,996.4923638745918,-0.5,-0.5,-0.5,-0.5
1,887,18,after_integrate,0.8870000000000007,0.8860000000000007,0.001,0,0,0.5,0.0,0.0,,1.5119958177729522,-5.120153641942676e-18,1.7030456189037953e-15,4.684457163888498e-15,0.0,0.0,13.165322844870293,1.5119958177729522,-5.871924420418204e-16,311.4411418685731,311.441141868573,309.92058976904667,309.9205897690469,-0.129455168771719,0.12945516877170637,0.4588918491769233,-2.284234903233053e-17,987.4166235855627,987.4166235855629,996.5450951327123,996.5450951327118,-0.5,-0.5,-0.5,-0.5
1,888,18,after_integrate,0.8880000000000007,0.8870000000000007,0.001,0,0,0.5,0.0,0.0,,1.515654437361876,-5.116698138220207e-18,1.7077255694348597e-15,4.625965165527591e-15,0.0,0.0,13.181523337426825,1.5156544373618759,-5.895915843226357e-16,311.8042174469532,311.8042174469531,310.28006580950523,310.28006580950546,-0.12943654015876416,0.12943654015877679,0.4588805911405984,3.143600478600728e-17,987.4485563809476,987.4485563809478,996.5986117072143,996.5986117072139,-0.5,-0.5,-0.5,-0.5
1,889,18,after_integrate,0.8890000000000007,0.8880000000000007,0.001,0,0,0.5,0.0,0.0,,1.5193175710914697,-5.112754376858603e-18,1.7123599921994626e-15,4.69435576630157e-15,0.0,0.0,13.19772343151851,1.51931757109147,-5.896293030662374e-16,312.1674877290672,312.16748772906715,310.63969847682614,310.6396984768263,-0.12941828443076475,0.12941828443076475,0.4588692770178564,-1.560518056615835e-18,987.4810340297735,987.4810340297737,996.6529012692025,996.6529012692021,-0.5,-0.5,-0.5,-0.5
1,890,18,after_integrate,0.8900000000000007,0.8890000000000007,0.001,0,0,0.5,0.0,0.0,,1.5229852187837494,-5.1077634952334335e-18,1.717053980979511e-15,4.69671377346971e-15,0.0,0.0,13.213923125198043,1.5229852187837496,-5.9124519234555e-16,312.53095457779676,312.5309545777967,310.99949004537734,310.9994900453775,-0.12940039987057503,0.1294003998705624,0.45885790863815157,-2.2616748982429544e-17,987.5140464350459,987.5140464350461,996.7079512480674,996.7079512480669,-0.5,-0.5,-0.5,-0.5
1,891,18,after_integrate,0.8910000000000007,0.8900000000000007,0.001,0,0,0.5,0.0,0.0,,1.5266573802605181,-5.1032959877619625e-18,1.7217483263685953e-15,4.687371146594428e-15,0.0,0.0,13.230122416582313,1.5266573802605181,-5.934294902701278e-16,312.8946198224549,312.89461982245484,311.3594427448636,311.3594427448638,-0.12938288475613624,0.12938288475612364,0.45884648780988097,-5.324636799980375e-17,987.5475832082857,987.5475832082859,996.7637488482341,996.7637488482336,-0.5,-0.5,-0.5,-0.5
1,892,18,after_integrate,0.8920000000000007,0.8910000000000007,0.001,0,0,0.5,0.0,0.0,,1.5303340553433715,-5.0983652826164735e-18,1.7264398651890451e-15,4.700926895384654e-15,0.0,0.0,13.246321303851675,1.5303340553433715,-5.94726983131662e-16,313.25848525811705,313.2584852581169,311.71955875988954,311.71955875988976,-0.12936573736071663,0.12936573736070403,0.45883501632024004,-2.4031242455118157e-17,987.5816336872061,987.5816336872064,996.8202810654492,996.8202810654487,-0.5,-0.5,-0.5,-0.5
1,893,18,after_integrate,0.8930000000000007,0.8920000000000007,0.001,0,0,0.5,0.0,0.0,,1.534015243853703,-5.092725962581544e-18,1.731136992007682e-15,4.704300466178055e-15,0.0,0.0,13.2625197852492,1.534015243853703,-5.97706660561965e-16,313.62255264499595,313.6225526449958,312.0798402295702,312.07984022957044,-0.1293489559530998,0.1293489559531124,0.4588234959351309,2.6186739801818707e-17,987.6161869532814,987.6161869532816,996.8775347029357,996.8775347029352,-0.5,-0.5,-0.5,-0.5
1,894,18,after_integrate,0.8940000000000007,0.8930000000000007,0.001,0,0,0.5,0.0,0.0,,1.5377009456127086,-5.085953868844015e-18,1.7358490262581722e-15,4.702311246560582e-15,0.0,0.0,13.27871785907991,1.5377009456127086,-5.980898156194948e-16,313.98682370785866,313.98682370785855,312.4402892471877,312.44028924718793,-0.1293325387978357,0.1293325387978357,0.4588119283990483,1.8956710779390377e-18,987.6512318487912,987.6512318487914,996.9354963869998,996.9354963869994,-0.5,-0.5,-0.5,-0.5
1,895,18,after_integrate,0.8950000000000007,0.8940000000000007,0.001,0,0,0.5,0.0,0.0,,1.5413911604413926,-5.078522078322173e-18,1.7406043410835402e-15,4.7871743653385216e-15,0.0,0.0,13.294915523710033,1.5413911604413923,-5.988445173059611e-16,314.3513001354832,314.35130013548303,312.80090785989296,312.80090785989313,-0.12931648415532732,0.12931648415532732,0.4588003154349829,-2.4475020620567504e-17,987.6867569937082,987.6867569937084,996.994152582444,996.9941525824436,-0.5,-0.5,-0.5,-0.5
1,896,18,after_integrate,0.8960000000000007,0.8950000000000007,0.001,0,0,0.5,0.0,0.0,,1.5450858881605707,-5.071930231790443e-18,1.7453868672925045e-15,4.805207253962362e-15,0.0,0.0,13.311112777566242,1.5450858881605707,-6.00234963304544e-16,314.71598358015683,314.7159835801567,313.16169806845255,313.1616980684528,-0.1293007902821431,0.12930079028215574,0.4587886587443445,7.835120243678513e-18,987.7227508021556,987.7227508021558,997.053489607538,997.0534896075376,-0.5,-0.5,-0.5,-0.5
1,897,18,after_integrate,0.8970000000000007,0.8960000000000007,0.001,0,0,0.5,0.0,0.0,,1.5487851285908754,-5.064438305205648e-18,1.7502021740384674e-15,4.777032699732311e-15,0.0,0.0,13.327309619134878,1.5487851285908756,-6.017650710586921e-16,315.0808756572133,315.08087565721314,313.52266182703715,313.5226618270374,-0.12928545543113984,0.12928545543113984,0.45877696000687684,1.7262934909300684e-18,987.7592014986287,987.759201498629,997.1134936487297,997.1134936487292,-0.5,-0.5,-0.5,-0.5
1,898,18,after_integrate,0.8980000000000007,0.8970000000000007,0.001,0,0,0.5,0.0,0.0,,1.5524888815527595,-5.0575212012007365e-18,1.7549809265789106e-15,4.792812350609477e-15,0.0,0.0,13.343506046961188,1.5524888815527595,-6.025779807100021e-16,315.44597794460867,315.4459779446085,313.8838010430532,313.8838010430534,-0.12927047785163504,0.12927047785163504,0.45876522088058524,-2.343552614851914e-17,987.7960971338243,987.7960971338246,997.1741507749437,997.1741507749432,-0.5,-0.5,-0.5,-0.5
1,899,18,after_integrate,0.8990000000000007,0.8980000000000007,0.001,0,0,0.5,0.0,0.0,,1.5561971468665003,-5.052393751920123e-18,1.759729849751777e-15,4.770766101322683e-15,0.0,0.0,13.359702059648587,1.5561971468665003,-6.066919091088602e-16,315.8112919825355,315.81129198253535,314.2451175770148,314.24511757701504,-0.12925585578961693,0.12925585578961693,0.45875344300168935,5.5899576164646186e-18,987.8334256001892,987.8334256001895,997.2354469515755,997.235446951575,-0.5,-0.5,-0.5,-0.5
1,900,18,after_integrate,0.9000000000000007,0.8990000000000007,0.001,0,0,0.5,0.0,0.0,,1.5599099243522025,-5.047006215491472e-18,1.764508672672649e-15,4.770355405506149e-15,0.0,0.0,13.375897655857829,1.5599099243522028,-6.047918849833919e-16,316.1768192730742,316.1768192730741,314.6066132424563,314.60661324245655,-0.12924158748787723,0.12924158748787723,0.4587416279845494,-2.4355335457082286e-17,987.8711746470966,987.8711746470968,997.2973680541105,997.29736805411,-0.5,-0.5,-0.5,-0.5
1,901,19,after_integrate,0.9010000000000007,0.9000000000000007,0.001,0,0,0.5,0.0,0.0,,1.5636272138298029,-5.044185197344636e-18,1.7691366111059564e-15,4.482882490452062e-15,0.0,0.0,13.392092834306297,1.563627213829803,-6.088577997138889e-16,316.54256127988054,316.54256127988043,314.9682898058828,314.96828980588305,-0.12922767118616985,0.12922767118618245,0.4587297774216389,2.857801546299823e-18,987.9093318957142,987.9093318957144,997.3598998814061,997.3598998814057,-0.5,-0.5,-0.5,-0.5
1,902,19,after_integrate,0.9020000000000007,0.9010000000000007,0.001,0,0,0.5,0.0,0.0,,1.5673490151190719,-5.0436997064014174e-18,1.7736159343476035e-15,4.50278306472799e-15,0.0,0.0,13.408287593767179,1.567349015119072,-6.079513746248286e-16,316.90851942790886,316.90851942790874,315.3301489867589,315.3301489867591,-0.12921410512142992,0.12921410512141732,0.4587178928834947,-5.358635372537955e-17,987.9478848535415,987.9478848535417,997.4230281686406,997.4230281686401,-0.5,-0.5,-0.5,-0.5
1,903,19,after_integrate,0.9030000000000007,0.9020000000000007,0.001,0,0,0.5,0.0,0.0,,1.571075328039619,-5.0439544736883975e-18,1.778077782554829e-15,4.4157603119994616e-15,0.0,0.0,13.424481933068735,1.571075328039619,-6.105677130315911e-16,317.27469510317025,317.2746951031702,315.6921924575339,315.6921924575341,-0.12920088752776718,0.12920088752776718,0.458705975918699,1.4473719313974687e-18,987.9868209285843,987.9868209285845,997.4867385998823,997.4867385998818,-0.5,-0.5,-0.5,-0.5
1,904,19,after_integrate,0.9040000000000007,0.9030000000000007,0.001,0,0,0.5,0.0,0.0,,1.5748061524108938,-5.043974021727351e-18,1.78246014801509e-15,4.351797975156031e-15,0.0,0.0,13.440675851093483,1.5748061524108938,-6.115013249235109e-16,317.6410896525248,317.6410896525248,316.05442184370276,316.0544218437029,-0.12918801663681054,0.12918801663679794,0.4586940280538429,-4.810585234415462e-17,988.0261274432382,988.0261274432382,997.5510168203613,997.5510168203608,-0.5,-0.5,-0.5,-0.5
1,905,19,after_integrate,0.9050000000000007,0.9040000000000007,0.001,0,0,0.5,0.0,0.0,,1.5785414880521897,-5.043097535910495e-18,1.7868298619830373e-15,4.410953496612416e-15,0.0,0.0,13.456869346777454,1.5785414880521897,-6.150560239056124e-16,318.0077043835069,318.0077043835069,316.4168387239014,316.4168387239016,-0.12917549067766135,0.12917549067767398,0.4586820507935179,-6.001920269644248e-19,988.0657916477498,988.0657916477498,997.6158484483151,997.6158484483146,-0.5,-0.5,-0.5,-0.5
1,906,19,after_integrate,0.9060000000000007,0.9050000000000007,0.001,0,0,0.5,0.0,0.0,,1.5822813347826463,-5.04060321725203e-18,1.7912524869159093e-15,4.33059686688182e-15,0.0,0.0,13.473062419109397,1.5822813347826463,-6.154957395572662e-16,318.3745405641834,318.3745405641834,316.7794446300353,316.7794446300355,-0.1291633078771739,0.1291633078771739,0.45867004562031427,8.482868259416126e-18,988.105800733462,988.105800733462,997.6812190866058,997.6812190866053,-0.5,-0.5,-0.5,-0.5
1,907,19,after_integrate,0.9070000000000007,0.9060000000000007,0.001,0,0,0.5,0.0,0.0,,1.5860256924212528,-5.038625915690749e-18,1.7955825251845353e-15,4.398005411811392e-15,0.0,0.0,13.489255067130005,1.5860256924212528,-6.16761076217284e-16,318.741599423043,318.741599423043,317.1422410474407,317.14224104744085,-0.1291514664599332,0.12915146645992057,0.4586580139948078,-4.695353557568288e-17,988.1461418455812,988.1461418455812,997.7471143338583,997.7471143338579,-0.5,-0.5,-0.5,-0.5
1,908,19,after_integrate,0.9080000000000007,0.9070000000000007,0.001,0,0,0.5,0.0,0.0,,1.5897745607868494,-5.033708705021117e-18,1.799986344733224e-15,4.401232304864389e-15,0.0,0.0,13.505447289931146,1.5897745607868494,-6.206159324607987e-16,319.108882148917,319.108882148917,317.50522941507666,317.5052294150768,-0.12913996464845728,0.12913996464846988,0.4586459573555781,3.588173714378934e-18,988.1868020957141,988.1868020957141,997.8135197953719,997.8135197953715,-0.5,-0.5,-0.5,-0.5
1,909,19,after_integrate,0.9090000000000007,0.9080000000000007,0.001,0,0,0.5,0.0,0.0,,1.5935279396981312,-5.028954842291149e-18,1.8043523188547418e-15,4.357442944371339e-15,0.0,0.0,13.52163908665508,1.5935279396981314,-6.206199551020274e-16,319.4763898909297,319.4763898909297,317.8684111257478,317.868411125748,-0.1291288006633512,0.12912880066336382,0.4586338771192176,3.894592065401695e-18,988.2277685740097,988.2277685740097,997.8804210936238,997.8804210936233,-0.5,-0.5,-0.5,-0.5
1,910,19,after_integrate,0.9100000000000007,0.9090000000000007,0.001,0,0,0.5,0.0,0.0,,1.5972858289736491,-5.0214561076655865e-18,1.808733338822416e-15,4.364261327712649e-15,0.0,0.0,13.537830456493685,1.597285828973649,-6.2067957884623515e-16,319.8441237584785,319.8441237584785,318.2317875263555,318.2317875263557,-0.1291179727233064,0.129117972723319,0.4586217746803524,7.65709277533507e-18,988.2690283609916,988.2690283609916,997.9478038784797,997.9478038784792,-0.5,-0.5,-0.5,-0.5
1,911,19,after_integrate,0.9110000000000007,0.9100000000000007,0.001,0,0,0.5,0.0,0.0,,1.6010482284318133,-5.0127705889912105e-18,1.813107671238416e-15,4.40448713523097e-15,0.0,0.0,13.554021398687683,1.6010482284318133,-6.207057156534736e-16,320.21208482124274,320.21208482124274,318.59535991817785,318.5953599181781,-0.12910747904526512,0.12910747904526512,0.45860965141166216,-2.5246911909662938e-17,988.3105685390229,988.3105685390229,998.0156538370317,998.0156538370312,-0.5,-0.5,-0.5,-0.5
1,912,19,after_integrate,0.9120000000000007,0.9110000000000007,0.001,0,0,0.5,0.0,0.0,,1.6048151378908952,-5.000794459332512e-18,1.817567755169593e-15,4.441064178402866e-15,0.0,0.0,13.570211912525851,1.6048151378908952,-6.239642715138334e-16,320.58027410921943,320.58027410921943,318.9591295571763,318.9591295571765,-0.129097317844508,0.12909731784449538,0.4585975086639302,-2.0653463795306706e-17,988.3523762034463,988.3523762034463,998.083956703109,998.0839567031086,-0.5,-0.5,-0.5,-0.5
1,913,19,after_integrate,0.9130000000000007,0.9120000000000007,0.001,0,0,0.5,0.0,0.0,,1.6085865571690292,-4.987678070159139e-18,1.821999835885717e-15,4.50273275954787e-15,0.0,0.0,13.586401997344284,1.6085865571690292,-6.255677769211925e-16,320.94869261278717,320.94869261278717,319.3230976543278,319.32309765432797,-0.12908748733471592,0.1290874873347033,0.45858534776607035,-1.9942091836588032e-17,988.3944384733908,988.3944384733908,998.1526982664809,998.1526982664805,-0.5,-0.5,-0.5,-0.5
1,914,19,after_integrate,0.9140000000000007,0.9130000000000007,0.001,0,0,0.5,0.0,0.0,,1.6123624860842156,-4.972659506124909e-18,1.826499095199643e-15,4.537922656177951e-15,0.0,0.0,13.602591652525586,1.6123624860842156,-6.272601401841991e-16,321.3173412827954,321.3173412827954,319.6872653759829,319.6872653759831,-0.1290779857281191,0.1290779857281191,0.4585731700251874,2.1134336760799764e-18,988.4367425022667,988.4367425022667,998.2218643817355,998.221864381735,-0.5,-0.5,-0.5,-0.5
1,915,19,after_integrate,0.9150000000000007,0.9140000000000007,0.001,0,0,0.5,0.0,0.0,,1.6161429244543228,-4.9572326378678226e-18,1.8310390965364723e-15,4.4892063500096045e-15,0.0,0.0,13.618780877498121,1.616142924454323,-6.2833427795395e-16,321.6862210306794,321.6862210306794,320.0516338442471,320.0516338442473,-0.12906881123553338,0.12906881123553335,0.4585609767266112,5.3792666894972436e-18,988.4792754878532,988.4792754878532,998.2914409767727,998.2914409767723,-0.5,-0.5,-0.5,-0.5
1,916,19,after_integrate,0.9160000000000007,0.9150000000000007,0.001,0,0,0.5,0.0,0.0,,1.619927872097089,-4.941667352829131e-18,1.8355304635570456e-15,4.4978435271972875e-15,0.0,0.0,13.634969671735252,1.619927872097089,-6.28458867890389e-16,322.0553327285999,322.0553327285999,320.41620413738457,320.4162041373848,-0.12905996206641995,0.12905996206641995,0.4585487691339774,5.819596126143556e-18,988.5220246821409,988.5220246821409,998.3614140610604,998.3614140610599,-0.5,-0.5,-0.5,-0.5
1,917,19,after_integrate,0.9170000000000007,0.9160000000000007,0.001,0,0,0.5,0.0,0.0,,1.6237173288301243,-4.924653817202902e-18,1.8400313478978113e-15,4.463413557845399e-15,0.0,0.0,13.651158034754548,1.6237173288301245,-6.295559455109474e-16,322.42467720960707,322.42467720960707,320.78097729024535,320.7809772902455,-0.12905143642899536,0.12905143642898276,0.45853654848928815,-2.4252012052825532e-17,988.5649774007976,988.5649774007976,998.4317697335223,998.4317697335218,-0.5,-0.5,-0.5,-0.5
1,918,19,after_integrate,0.9180000000000007,0.9170000000000007,0.001,0,0,0.5,0.0,0.0,,1.627511294470914,-4.909920412223455e-18,1.8444417530998788e-15,4.383653427385905e-15,0.0,0.0,13.667345966117054,1.627511294470914,-6.337728149755284e-16,322.79425526782654,322.79425526782654,321.14595429471166,321.1459542947118,-0.12904323253027855,0.12904323253027855,0.4585243160129754,5.508049095288318e-18,988.6081210322972,988.6081210322972,998.5024941901082,998.5024941901078,-0.5,-0.5,-0.5,-0.5
1,919,19,after_integrate,0.9190000000000007,0.9180000000000007,0.001,0,0,0.5,0.0,0.0,,1.6313097688368192,-4.892921732019873e-18,1.848935547078414e-15,4.632924612770223e-15,0.0,0.0,13.683533465426507,1.6313097688368192,-6.306397664410304e-16,323.1640676586693,323.1640676586693,321.5111361001651,321.51113610016534,-0.129035348576162,0.129035348576162,0.4585120729039988,2.948155134002827e-18,988.6514430467477,988.6514430467477,998.5735737310722,998.5735737310717,-0.5,-0.5,-0.5,-0.5
1,920,19,after_integrate,0.9200000000000007,0.9190000000000007,0.001,0,0,0.5,0.0,0.0,,1.6351127517450805,-4.872399965786408e-18,1.8535492261109375e-15,4.5278675995597355e-15,0.0,0.0,13.699720532328593,1.6351127517450808,-6.355273666782713e-16,323.534115099062,323.534115099062,321.8765236139729,321.87652361397306,-0.12902778277148266,0.12902778277147006,0.45849982033991304,-2.0645017180216325e-17,988.6949310044267,988.6949310044267,998.6449947679837,998.6449947679832,-0.5,-0.5,-0.5,-0.5
1,921,19,after_integrate,0.9210000000000007,0.9200000000000007,0.001,0,0,0.5,0.0,0.0,,1.6389202430128191,-4.854954928409614e-18,1.8580738384017535e-15,4.489626825876788e-15,0.0,0.0,13.71590716651019,1.6389202430128194,-6.362541360778589e-16,323.904398267699,323.904398267699,322.2421177019915,322.2421177019917,-0.1290205333200168,0.1290205333200168,0.4584875594769714,-1.7247300335898788e-17,988.7385725638966,988.7385725638966,998.7167438303219,998.7167438303214,-0.5,-0.5,-0.5,-0.5
1,922,19,after_integrate,0.9220000000000007,0.9210000000000007,0.001,0,0,0.5,0.0,0.0,,1.6427322424570399,-4.837425831012038e-18,1.8626198858688198e-15,4.640572766114856e-15,0.0,0.0,13.732093367698608,1.6427322424570396,-6.368815526853446e-16,324.2749177342178,324.2749177342178,322.60791911780296,322.60791911780314,-0.12901359842465088,0.12901359842463825,0.45847529144799126,-2.552657505950978e-17,988.782011741142,988.782011741142,998.7884638242602,998.7884638242598,-0.5,-0.5,-0.5,-0.5
1,923,19,after_integrate,0.9230000000000007,0.9220000000000007,0.001,0,0,0.5,0.0,0.0,,1.6465487498944986,-4.818325355946634e-18,1.8671966709730803e-15,4.589566907673791e-15,0.0,0.0,13.748279135660688,1.6465487498944984,-6.403034375538932e-16,324.6456720149108,324.6456720149108,322.9739265536388,322.97392655363905,-0.1290069762857377,0.1290069762857251,0.4584630173634816,-4.586045252094553e-17,988.8247209397348,988.8247209397348,998.8596260915177,998.8596260915173,-0.5,-0.5,-0.5,-0.5
1,924,19,after_integrate,0.9240000000000007,0.9230000000000007,0.001,0,0,0.5,0.0,0.0,,1.6503697651412434,-4.799472876729763e-18,1.871804717634342e-15,4.6016139733231155e-15,0.0,0.0,13.764464470202173,1.6503697651412432,-6.414475493669945e-16,325.01665956727163,325.01665956727163,323.3401386409195,323.3401386409197,-0.12900066509616762,0.12900066509616762,0.45845073831372896,3.191653263304477e-18,988.8666298586215,988.8666298586215,998.9301592812315,998.930159281231,-0.5,-0.5,-0.5,-0.5
1,925,19,after_integrate,0.9250000000000007,0.9240000000000007,0.001,0,0,0.5,0.0,0.0,,1.6541952880127921,-4.77983059113202e-18,1.876407321260717e-15,4.490698270762425e-15,0.0,0.0,13.780649371166867,1.6541952880127921,-6.421822745871154e-16,325.3878783477455,325.3878783477455,323.7065535069199,323.70655350692005,-0.12899466304375143,0.1289946630437388,0.4584384553652151,-2.040997173263508e-17,988.9076687251146,988.9076687251146,998.999992589444,998.9999925894435,-0.5,-0.5,-0.5,-0.5
1,926,19,after_integrate,0.9260000000000007,0.9250000000000007,0.001,0,0,0.5,0.0,0.0,,1.658025318324008,-4.7630433337407244e-18,1.8808518625829584e-15,4.5377927431548885e-15,0.0,0.0,13.796833838435763,1.6580253183240077,-6.464609683372641e-16,325.7593260175859,325.7593260175859,324.07316898151635,324.0731689815165,-0.12898896830991932,0.1289889683099067,0.4584261695550123,-4.481866406700534e-17,988.9470626328159,988.9470626328159,999.0683500916912,999.0683500916907,-0.5,-0.5,-0.5,-0.5
1,927,19,after_integrate,0.9270000000000007,0.9260000000000007,0.001,0,0,0.5,0.0,0.0,,1.6618598558888065,-4.745187818692562e-18,1.885398029829563e-15,4.521141418476713e-15,0.0,0.0,13.813017871926249,1.6618598558888062,-6.459387083156504e-16,326.1310008248332,326.1310008248332,324.43998348047694,324.43998348047717,-0.12898357906678823,0.12898357906678823,0.458413881926488,3.3187310994106025e-18,988.989045731716,988.989045731716,999.1394649252404,999.13946492524,-0.5,-0.5,-0.5,-0.5
1,928,19,after_integrate,0.9280000000000007,0.9270000000000007,0.001,0,0,0.5,0.0,0.0,,1.6656989005220761,-4.7254881524810865e-18,1.8899729979320915e-15,4.6024786667540575e-15,0.0,0.0,13.829201471591865,1.6656989005220761,-6.471960516751211e-16,326.50291013793947,326.50291013793947,324.80700456166403,324.80700456166426,-0.12897849349960291,0.1289784934995903,0.4584015934544535,-2.5266651619560473e-17,989.0310605371636,989.0310605371636,999.2107784627351,999.2107784627347,-0.5,-0.5,-0.5,-0.5
1,929,19,after_integrate,0.9290000000000007,0.9280000000000007,0.001,0,0,0.5,0.0,0.0,,1.669542452038874,-4.705441611273122e-18,1.894562632756701e-15,4.5065268096881886e-15,0.0,0.0,13.845384637420269,1.6695424520388742,-6.521591621160782e-16,326.87505447039587,326.87505447039587,325.1742329088226,325.17423290882283,-0.12897370979606793,0.12897370979608055,0.4583893051162494,2.727045363163893e-18,989.0736884044868,989.0736884044868,999.2828710316006,999.2828710316002,-0.5,-0.5,-0.5,-0.5
1,930,19,after_integrate,0.9300000000000007,0.9290000000000007,0.001,0,0,0.5,0.0,0.0,,1.673390510254562,-4.688434314477149e-18,1.899038140043006e-15,4.469473424455711e-15,0.0,0.0,13.861567369433184,1.6733905102545619,-6.525077184832907e-16,327.24743530924184,327.24743530924184,325.54167018057194,325.54167018057217,-0.12896922614849743,0.12896922614851006,0.45837701786439117,8.09129164241026e-18,989.116859518707,989.116859518707,999.3556717809852,999.3556717809847,-0.5,-0.5,-0.5,-0.5
1,931,19,after_integrate,0.9310000000000007,0.9300000000000007,0.001,0,0,0.5,0.0,0.0,,1.6772430749845686,-4.671487504621891e-18,1.9035259274648692e-15,4.580404486996204e-15,0.0,0.0,13.87774966768565,1.6772430749845686,-6.532300426113787e-16,327.6200542498727,327.6200542498727,325.909318143507,325.9093181435072,-0.12896504075047724,0.12896504075047724,0.45836473263261646,2.8616167112969523e-19,989.1605099321831,989.1605099321831,999.4291157296346,999.4291157296342,-0.5,-0.5,-0.5,-0.5
1,932,19,after_integrate,0.9320000000000007,0.9310000000000007,0.001,0,0,0.5,0.0,0.0,,1.681100146044465,-4.651099488385015e-18,1.9081048265463842e-15,4.525457913274411e-15,0.0,0.0,13.893931532265357,1.681100146044465,-6.525226285344875e-16,327.99291283968006,327.99291283968006,326.2771785155485,326.27717851554866,-0.12896115179774947,0.12896115179774947,0.4583524503368904,-1.630213788814444e-17,989.2046305035423,989.2046305035423,999.5031927065619,999.5031927065614,-0.5,-0.5,-0.5,-0.5
1,933,19,after_integrate,0.9330000000000007,0.9320000000000007,0.001,0,0,0.5,0.0,0.0,,1.6849617232499834,-4.6291295716553966e-18,1.912682187300129e-15,4.662311675435503e-15,0.0,0.0,13.910112963292033,1.6849617232499834,-6.541800298698281e-16,328.36601264340266,328.36601264340266,326.6452530316393,326.6452530316395,-0.1289575574881788,0.1289575574881788,0.45834017187590437,-2.2392402308798258e-17,989.2492438600949,989.2492438600949,999.5779243113917,999.5779243113913,-0.5,-0.5,-0.5,-0.5
1,934,19,after_integrate,0.9340000000000007,0.9330000000000007,0.001,0,0,0.5,0.0,0.0,,1.6888278064170352,-4.607244674043181e-18,1.9172933435145306e-15,4.5806154225475804e-15,0.0,0.0,13.926293960916807,1.6888278064170354,-6.576595546585386e-16,328.7393552948315,328.7393552948315,327.01354349574217,327.0135434957424,-0.12895425602184696,0.1289542560218596,0.4583278981316072,8.371651547368428e-18,989.2943857450932,989.2943857450932,999.6533452598679,999.6533452598675,-0.5,-0.5,-0.5,-0.5
1,935,19,after_integrate,0.9350000000000007,0.9340000000000007,0.001,0,0,0.5,0.0,0.0,,1.6926983953617354,-4.585000593908712e-18,1.9218963818257702e-15,4.596205084041926e-15,0.0,0.0,13.942474525321666,1.6926983953617352,-6.572839764761762e-16,329.1129425196085,329.1129425196085,327.38205180383085,327.382051803831,-0.12895124560111562,0.12895124560111562,0.45831562996980624,-2.2166618794361066e-17,989.3400959476854,989.3400959476854,999.7294943126502,999.7294943126498,-0.5,-0.5,-0.5,-0.5
1,936,19,after_integrate,0.9360000000000007,0.9350000000000007,0.001,0,0,0.5,0.0,0.0,,1.6965734899004292,-4.560677048413507e-18,1.9265479182037484e-15,4.701227156434777e-15,0.0,0.0,13.958654656718883,1.6965734899004292,-6.578648315523153e-16,329.4867761418667,329.4867761418667,327.75077995066187,327.7507799506621,-0.1289485244307435,0.12894852443073093,0.45830336824076473,-2.410508246251177e-17,989.3864146024212,989.3864146024212,999.8064105740385,999.8064105740381,-0.5,-0.5,-0.5,-0.5
1,937,19,after_integrate,0.9370000000000007,0.9360000000000007,0.001,0,0,0.5,0.0,0.0,,1.7004530898497228,-4.53534136582174e-18,1.9311873307555057e-15,4.555461030734132e-15,0.0,0.0,13.974834355350481,1.7004530898497225,-6.62838020327928e-16,329.8608580838792,329.8608580838792,328.1197300295193,328.1197300295195,-0.12894609071804117,0.12894609071802854,0.45829111377982334,-4.934147337868016e-17,989.4333808248289,989.4333808248289,999.8841321269689,999.8841321269684,-0.5,-0.5,-0.5,-0.5
1,938,19,after_integrate,0.9380000000000007,0.9370000000000007,0.001,0,0,0.5,0.0,0.0,,1.7043371950265085,-4.5117696859068756e-18,1.9357628264657276e-15,4.605321404973667e-15,0.0,0.0,13.991013621487701,1.7043371950265083,-6.643817141398909e-16,330.23519036304634,330.23519036304634,328.48890422927514,328.48890422927536,-0.1289439426729989,0.12894394267298626,0.4582788674080034,-2.120731134689927e-17,989.4810322490824,989.4810322490824,999.9626955702497,999.9626955702493,-0.5,-0.5,-0.5,-0.5
1,939,19,after_integrate,0.9390000000000007,0.9380000000000007,0.001,0,0,0.5,0.0,0.0,,1.708225805247994,-4.488292819291334e-18,1.9403685333974353e-15,4.6429223818802686e-15,0.0,0.0,14.007192455430536,1.708225805247994,-6.680374207289994e-16,330.60977508796884,330.60977508796884,328.85830483051853,328.85830483051876,-0.1289420785083759,0.1289420785083759,0.45826662993259404,-2.3177399476761443e-17,989.5294048896081,989.5294048896081,1000.0421358798282,1000.0421358798277,-0.5,-0.5,-0.5,-0.5
1,940,19,after_integrate,0.9400000000000007,0.9390000000000007,0.001,0,0,0.5,0.0,0.0,,1.712118920331727,-4.4638910529553454e-18,1.945024930263888e-15,4.660329439291006e-15,0.0,0.0,14.023370857507233,1.7121189203317269,-6.686820420231153e-16,330.9846144542522,330.9846144542522,329.2279342014002,329.22793420140033,-0.1289404964397875,0.1289404964397875,0.45825440214771707,-1.7383862386600166e-17,989.5785331127175,989.5785331127175,1000.1224863801878,1000.1224863801875,-0.5,-0.5,-0.5,-0.5
1,941,19,after_integrate,0.9410000000000007,0.9400000000000007,0.001,0,0,0.5,0.0,0.0,,1.7160165400956222,-4.439439532627866e-18,1.9496885905136843e-15,4.66134220838134e-15,0.0,0.0,14.03954882807385,1.7160165400956222,-6.706740617775517e-16,331.3597107402672,331.3597107402672,329.5977947934185,329.59779479341864,-0.12893919468579032,0.12893919468577772,0.45824218483486495,-4.618413258054626e-17,989.6284496442644,989.6284496442644,1000.2037787518478,1000.2037787518476,-0.5,-0.5,-0.5,-0.5
1,942,19,after_integrate,0.9420000000000007,0.9410000000000007,0.001,0,0,0.5,0.0,0.0,,1.7199186643579842,-4.4146523004972575e-18,1.954356894309802e-15,4.6662565834331724e-15,0.0,0.0,14.055726367513806,1.7199186643579842,-6.723590033617673e-16,331.73506630294224,331.73506630294224,329.9678891372238,329.96788913722384,-0.12893817146791714,0.12893817146791714,0.4582299787634164,-3.04898853993052e-17,989.6791855889759,989.6791855889759,1000.2860430506311,1000.2860430506308,-0.5,-0.5,-0.5,-0.5
1,943,19,after_integrate,0.9430000000000007,0.9420000000000007,0.001,0,0,0.5,0.0,0.0,,1.723825292937531,-4.391241893755015e-18,1.9589783280987285e-15,4.556607908734533e-15,0.0,0.0,14.071903476237482,1.723825292937531,-6.759979334858605e-16,332.1106835736121,332.1106835736121,330.3382198384643,330.3382198384644,-0.12893742501080988,0.12893742501080988,0.45821778469113084,-2.6408261182392875e-17,989.7307704534711,989.7307704534711,1000.3693077306921,1000.3693077306918,-0.5,-0.5,-0.5,-0.5
1,944,19,after_integrate,0.9440000000000007,0.9430000000000007,0.001,0,0,0.5,0.0,0.0,,1.7277364256534185,-4.369111289196229e-18,1.9635071865047793e-15,4.600675240433929e-15,0.0,0.0,14.088080154681808,1.7277364256534185,-6.77285903609523e-16,332.48656505393075,332.48656505393075,330.7087895736846,330.70878957368467,-0.12893695354216314,0.12893695354217577,0.45820560336458804,2.795555593662831e-17,989.7832321707649,989.7832321707649,1000.4535996691166,1000.4535996691163,-0.5,-0.5,-0.5,-0.5
1,945,19,after_integrate,0.9450000000000007,0.9440000000000007,0.001,0,0,0.5,0.0,0.0,,1.7316520623252596,-4.34267050057278e-18,1.9681281293177006e-15,4.5550824687842086e-15,0.0,0.0,14.104256403309872,1.7316520623252596,-6.772630700340891e-16,332.8627133118531,332.8627133118531,331.07960108627856,331.0796010862786,-0.1289367552928565,0.12893675529286913,0.4581934355196495,3.2153283502434096e-17,989.8365971255035,989.8365971255035,1000.5389441913223,1000.5389441913221,-0.5,-0.5,-0.5,-0.5
1,946,19,after_integrate,0.9460000000000007,0.9450000000000007,0.001,0,0,0.5,0.0,0.0,,1.7355722027731464,-4.315843401513312e-18,1.9726912366010684e-15,4.52306499527717e-15,0.0,0.0,14.120432222610514,1.7355722027731464,-6.774060544489476e-16,333.23913097871934,333.23913097871934,331.4506571823912,331.45065718239124,-0.12893682849693355,0.12893682849692095,0.4581812818744041,-4.6540346242486235e-17,989.8908901728862,989.8908901728862,1000.6253650970743,1000.6253650970741,-0.5,-0.5,-0.5,-0.5
1,947,19,after_integrate,0.9470000000000007,0.9460000000000007,0.001,0,0,0.5,0.0,0.0,,1.7394968468176393,-4.290117144470815e-18,1.977170405697105e-15,4.523116681608112e-15,0.0,0.0,14.136607613097489,1.739496846817639,-6.818208211411963e-16,333.61582075735924,333.61582075735924,331.8219607257095,331.82196072570963,-0.12893717138595118,0.12893717138595118,0.4581691431243303,2.9216938752646803e-18,989.9461345869324,989.9461345869324,1000.7128846885221,1000.7128846885219,-0.5,-0.5,-0.5,-0.5
1,948,19,after_integrate,0.9480000000000007,0.9470000000000007,0.001,0,0,0.5,0.0,0.0,,1.7434259942797155,-4.261293750842439e-18,1.9817090216137942e-15,4.51019654137279e-15,0.0,0.0,14.152782575308517,1.7434259942797157,-6.802545530404986e-16,333.992785405319,333.992785405319,332.19351463498526,332.1935146349853,-0.12893778217634178,0.1289377821763544,0.458157019924354,2.850064547784023e-17,990.0023521722617,990.0023521722617,1000.8015237963178,1000.8015237963176,-0.5,-0.5,-0.5,-0.5
1,949,19,after_integrate,0.9490000000000007,0.9480000000000007,0.001,0,0,0.5,0.0,0.0,,1.7473596449808169,-4.230999308082923e-18,1.986227797167759e-15,4.524411628892256e-15,0.0,0.0,14.168957109803733,1.7473596449808169,-6.813207674946696e-16,334.370027730339,334.370027730339,332.56532188035214,332.56532188035226,-0.12893865907481675,0.12893865907482935,0.45814491289216763,-7.74190895219851e-19,990.0595632946822,990.0595632946822,1000.8913018051736,1000.8913018051734,-0.5,-0.5,-0.5,-0.5
1,950,19,after_integrate,0.9500000000000007,0.9490000000000007,0.001,0,0,0.5,0.0,0.0,,1.7512977987428664,-4.198771974767593e-18,1.990768651073071e-15,4.554164689667537e-15,0.0,0.0,14.185131217164393,1.7512977987428664,-6.818704937123332e-16,334.7475505874145,334.7475505874145,332.93738547952876,332.9373854795288,-0.12893980027851748,0.12893980027851748,0.4581328226087289,-2.2835517918222166e-17,990.1177869035545,990.1177869035545,1000.9822366813652,1000.982236681365,-0.5,-0.5,-0.5,-0.5
1,951,20,after_integrate,0.9510000000000007,0.9500000000000007,0.001,0,0,0.5,0.0,0.0,,1.7552404553882874,-4.164891619130395e-18,1.995332667425775e-15,4.5775114618410675e-15,0.0,0.0,14.201304897991642,1.7552404553882874,-6.8344983860895465e-16,335.1253568751785,335.1253568751785,333.30970849416804,333.30970849416815,-0.1289412039756915,0.1289412039756915,0.45812074962007787,-2.2862708942640122e-17,990.1770405593599,990.1770405593599,1001.0743450005011,1001.0743450005009,-0.5,-0.5,-0.5,-0.5
1,952,20,after_integrate,0.9520000000000007,0.9510000000000007,0.001,0,0,0.5,0.0,0.0,,1.7591876147400223,-4.130629979147055e-18,1.9999193696424e-15,4.553726056094492e-15,0.0,0.0,14.217478152905317,1.7591876147400223,-6.868849975683849e-16,335.50344953264664,335.50344953264664,333.68229402624064,333.68229402624075,-0.12894286834681712,0.12894286834680452,0.45810869443975055,-5.2021290905402366e-17,990.2373404597763,990.2373404597763,1001.1676419757687,1001.1676419757684,-0.5,-0.5,-0.5,-0.5
1,953,20,after_integrate,0.9530000000000007,0.9520000000000007,0.001,0,0,0.5,0.0,0.0,,1.763139276621549,-4.097473453230789e-18,2.004425298933573e-15,4.5267975740917834e-15,0.0,0.0,14.233650982542832,1.763139276621549,-6.88948275179032e-16,335.88183153601466,335.88183153601466,334.05514521448674,334.0551452144868,-0.12894479156550928,0.12894479156549668,0.45809665755115425,-4.76065767146491e-17,990.29870146607,990.29870146607,1001.2621414863935,1001.2621414863933,-0.5,-0.5,-0.5,-0.5
1,954,20,after_integrate,0.9540000000000007,0.9530000000000007,0.001,0,0,0.5,0.0,0.0,,1.7670954408568993,-4.061996908286664e-18,2.0089684321274165e-15,4.478146941743626e-15,0.0,0.0,14.249823387558157,1.7670954408568993,-6.919153266676078e-16,336.26050589550874,336.26050589550874,334.42826523093635,334.4282652309364,-0.1289469717995255,0.12894697179951287,0.45808463940987687,-2.3698204319078626e-17,990.3611371298748,990.3611371298748,1001.3578561063982,1001.357856106398,-0.5,-0.5,-0.5,-0.5
1,955,20,after_integrate,0.9550000000000007,0.9540000000000007,0.001,0,0,0.5,0.0,0.0,,1.7710561072706725,-4.029155588300731e-18,2.013446718817765e-15,4.539935633346674e-15,0.0,0.0,14.265995368620908,1.7710561072706725,-6.947149142790561e-16,336.6394756522907,336.6394756522907,334.80165727750114,334.8016572775012,-0.12894940721170534,0.12894940721170534,0.45807264044592594,-2.032611582559711e-17,990.4246597202826,990.4246597202826,1001.4547971335696,1001.4547971335694,-0.5,-0.5,-0.5,-0.5
1,956,20,after_integrate,0.9560000000000007,0.9550000000000007,0.001,0,0,0.5,0.0,0.0,,1.7750212756880497,-3.9935417520113014e-18,2.0179987585446955e-15,4.541082506859451e-15,0.0,0.0,14.282166926415432,1.7750212756880497,-6.960697703368719e-16,337.01874387541704,337.01874387541704,335.1753245826367,335.17532458263673,-0.1289520959609069,0.1289520959609069,0.45806066106590937,-2.0404484327360264e-17,990.489280251198,990.489280251198,1001.5529746185974,1001.5529746185972,-0.5,-0.5,-0.5,-0.5
1,957,20,after_integrate,0.9570000000000007,0.9560000000000007,0.001,0,0,0.5,0.0,0.0,,1.7789909459348066,-3.957237099647969e-18,2.0225501585038966e-15,4.5662382931689956e-15,0.0,0.0,14.298338061640058,1.7789909459348066,-6.977378029021663e-16,337.3983136588548,337.3983136588548,335.5492703980768,335.5492703980769,-0.1289550362028653,0.1289550362028653,0.4580487016551529,-2.5865247848470188e-17,990.5550085089338,990.5550085089338,1001.6523973943463,1001.652397394346,-0.5,-0.5,-0.5,-0.5
1,958,20,after_integrate,0.9580000000000007,0.9570000000000007,0.001,0,0,0.5,0.0,0.0,,1.7829651178373247,-3.9210224228464914e-18,2.0271265320604334e-15,4.535764421865707e-15,0.0,0.0,14.314508775006363,1.782965117837325,-6.991661391286878e-16,337.7781881185533,337.7781881185533,335.92349799564096,335.923497995641,-0.1289582260911102,0.1289582260910976,0.45803676257971115,-2.7657813428408956e-17,990.62185308003,990.62185308003,1001.7530731052663,1001.753073105266,-0.5,-0.5,-0.5,-0.5
1,959,20,after_integrate,0.9590000000000007,0.9580000000000007,0.001,0,0,0.5,0.0,0.0,,1.7869437912226016,-3.886108482679602e-18,2.031562774471796e-15,4.4287419744264475e-15,0.0,0.0,14.330679067238522,1.7869437912226016,-7.032928331490652e-16,338.15837038957284,338.15837038957284,336.2980106641156,336.2980106641157,-0.12896166377776774,0.12896166377776774,0.45802484418833544,4.476348046582253e-18,990.6898213792654,990.6898213792654,1001.855008236885,1001.8550082368848,-0.5,-0.5,-0.5,-0.5
1,960,20,after_integrate,0.9600000000000007,0.9590000000000007,0.001,0,0,0.5,0.0,0.0,,1.7909269659182612,-3.849271339127917e-18,2.036068752337505e-15,4.362853316755623e-15,0.0,0.0,14.346848939072757,1.7909269659182612,-7.01075051590929e-16,338.5388636232717,338.5388636232717,336.6728117062092,336.67281170620925,-0.1289653474144217,0.12896534741440907,0.4580129468143516,-4.9915328669234703e-17,990.758919677723,990.758919677723,1001.9582081452595,1001.9582081452593,-0.5,-0.5,-0.5,-0.5
1,961,20,after_integrate,0.9610000000000007,0.9600000000000007,0.001,0,0,0.5,0.0,0.0,,1.794914641752561,-3.8123786960586895e-18,2.0404300675438598e-15,4.557042349206393e-15,0.0,0.0,14.363018391256801,1.7949146417525608,-7.069730721703105e-16,338.91967098455194,338.91967098455194,337.04790443558204,337.0479044355821,-0.12896927515282022,0.1289692751528076,0.4580010707774452,-2.0747427914576292e-17,990.8291531311467,990.8291531311467,1002.0626770866292,1002.0626770866289,-0.5,-0.5,-0.5,-0.5
1,962,20,after_integrate,0.9620000000000007,0.9610000000000007,0.001,0,0,0.5,0.0,0.0,,1.7989068185544002,-3.772457746019176e-18,2.0449333350013163e-15,4.3765766876643095e-15,0.0,0.0,14.37918742454945,1.7989068185544002,-7.080071417244338e-16,339.30079564916343,339.30079564916343,337.4232921739518,337.42329217395195,-0.128973445145705,0.128973445145705,0.4579892163853846,1.040883360018365e-18,990.900525808287,990.900525808287,1002.1684182469461,1002.1684182469459,-0.5,-0.5,-0.5,-0.5
1,963,20,after_integrate,0.9630000000000007,0.9620000000000007,0.001,0,0,0.5,0.0,0.0,,1.802903496153326,-3.731148568492584e-18,2.0493239004142794e-15,4.35004353677848e-15,0.0,0.0,14.395356039720173,1.802903496153326,-7.075512291702782e-16,339.68224080106813,339.68224080106813,337.79897824827464,337.7989782482747,-0.12897785554749933,0.12897785554751193,0.45797738393565524,7.96430062585957e-18,990.9730407193464,990.9730407193464,1002.2754337714229,1002.2754337714226,-0.5,-0.5,-0.5,-0.5
1,964,20,after_integrate,0.9640000000000007,0.9630000000000007,0.001,0,0,0.5,0.0,0.0,,1.8069046743795385,-3.6863822663074356e-18,2.053737345218368e-15,4.5693268864857716e-15,0.0,0.0,14.411524237548788,1.8069046743795387,-7.095682599541379e-16,340.06400962986436,340.06400962986436,338.1749659880012,338.17496598800125,-0.1289825045150419,0.12898250451502927,0.4579655737169964,-4.680906476692216e-17,991.0466998444765,991.0466998444765,1002.3837247940317,1002.3837247940314,-0.5,-0.5,-0.5,-0.5
1,965,20,after_integrate,0.9650000000000007,0.9640000000000007,0.001,0,0,0.5,0.0,0.0,,1.8109103530638961,-3.6383972184854444e-18,2.0583011485638197e-15,4.541218006345137e-15,0.0,0.0,14.427692018825164,1.8109103530638961,-7.138611493831518e-16,340.446105328272,340.446105328272,338.5512587224107,338.5512587224108,-0.1289873902081542,0.12898739020815417,0.45795378601087544,-2.2589738526234796e-17,991.1215041623228,991.1215041623228,1002.4932914669545,1002.4932914669542,-0.5,-0.5,-0.5,-0.5
1,966,20,after_integrate,0.9660000000000007,0.9650000000000007,0.001,0,0,0.5,0.0,0.0,,1.8149205320379194,-3.590660620539889e-18,2.06285257531217e-15,4.521758872392137e-15,0.0,0.0,14.443859384348993,1.8149205320379194,-7.142331101856837e-16,340.8285310896776,340.8285310896776,338.92785977801975,338.9278597780198,-0.12899251079038065,0.12899251079039326,0.4579420210928691,2.8885619057155726e-17,991.1974536785248,991.1974536785248,1002.6041329899022,1002.6041329899019,-0.5,-0.5,-0.5,-0.5
1,967,20,after_integrate,0.9670000000000007,0.9660000000000007,0.001,0,0,0.5,0.0,0.0,,1.8189352111337935,-3.542354260316219e-18,2.0673824274773345e-15,4.531839067199715e-15,0.0,0.0,14.460026334929614,1.8189352111337935,-7.155269961105589e-16,341.2112901057427,341.2112901057427,339.3047724760685,339.3047724760686,-0.12899786442957384,0.12899786442956124,0.45793027923395313,-4.779605051248319e-17,991.2745474542536,991.2745474542536,1002.7162476393773,1002.7162476393771,-0.5,-0.5,-0.5,-0.5
1,968,20,after_integrate,0.9680000000000007,0.9670000000000007,0.001,0,0,0.5,0.0,0.0,,1.8229543901843703,-3.492543939444273e-18,2.0719238856320886e-15,4.5898253305269085e-15,0.0,0.0,14.47619287138587,1.8229543901843703,-7.170623664801575e-16,341.5943855640717,341.59438556407173,339.68200013008334,339.6820001300834,-0.12900344929836322,0.12900344929836322,0.4579185607017283,3.9821989331056666e-19,991.3527836346576,991.3527836346574,1002.8296327977504,1002.8296327977502,-0.5,-0.5,-0.5,-0.5
1,969,20,after_integrate,0.9690000000000007,0.9680000000000007,0.001,0,0,0.5,0.0,0.0,,1.8269780690231714,-3.4427251611479787e-18,2.076474621774429e-15,4.580626594101157e-15,0.0,0.0,14.49235899454599,1.8269780690231712,-7.183810096066433e-16,341.97782064594344,341.9778206459436,340.05954604351547,340.0595460435155,-0.1290092635748723,0.12900926357485967,0.45790686576154344,-4.981962006437177e-17,991.4321594772442,991.432159477244,1002.9442849822001,1002.9442849821999,-0.5,-0.5,-0.5,-0.5
1,970,20,after_integrate,0.9700000000000008,0.9690000000000007,0.001,0,0,0.5,0.0,0.0,,1.8310062474843867,-3.3915129274059063e-18,2.081070522834271e-15,4.5822861380174715e-15,0.0,0.0,14.50852470524755,1.8310062474843867,-7.200581079512986e-16,342.36159852410407,342.3615985241042,340.43741350745694,340.437413507457,-0.12901530544304113,0.12901530544304113,0.45789519467755524,-2.4314180677899385e-17,991.5126713802257,991.5126713802255,1003.060199873513,1003.0601998735128,-0.5,-0.5,-0.5,-0.5
1,971,20,after_integrate,0.9710000000000008,0.9700000000000008,0.001,0,0,0.5,0.0,0.0,,1.8350389254028767,-3.339929296305905e-18,2.085614533382681e-15,4.470222202790286e-15,0.0,0.0,14.524690004337463,1.8350389254028767,-7.226381123911467e-16,342.7457223606222,342.7457223606223,340.8156057984317,340.81560579843176,-0.1290215730932744,0.1290215730932744,0.4578835477136963,2.602429448141638e-18,991.5943149106539,991.5943149106537,1003.1773723446066,1003.1773723446064,-0.5,-0.5,-0.5,-0.5
1,972,20,after_integrate,0.9720000000000008,0.9710000000000008,0.001,0,0,0.5,0.0,0.0,,1.8390761026141709,-3.2880798531277612e-18,2.090096447944924e-15,4.427360423031327e-15,0.0,0.0,14.540854892671932,1.8390761026141706,-7.250934523073734e-16,343.13019530480705,343.13019530480716,341.19412617626375,341.1941261762638,-0.12902806472278205,0.12902806472279468,0.4578719251345602,8.006979237541027e-19,991.6770848325306,991.6770848325303,1003.2957964889313,1003.295796488931,-0.5,-0.5,-0.5,-0.5
1,973,20,after_integrate,0.9730000000000008,0.9720000000000008,0.001,0,0,0.5,0.0,0.0,,1.843117778954467,-3.2369972517501815e-18,2.0945395912546844e-15,4.508250629982537e-15,0.0,0.0,14.557019371116548,1.843117778954467,-7.255857905469956e-16,343.51502049118864,343.51502049118875,341.57297788202004,341.5729778820201,-0.1290347785360564,0.1290347785360564,0.45786032720622916,-1.8235791888919424e-17,991.7609751347252,991.760975134725,1003.4154656486154,1003.4154656486152,-0.5,-0.5,-0.5,-0.5
1,974,20,after_integrate,0.9740000000000008,0.9730000000000008,0.001,0,0,0.5,0.0,0.0,,1.8471639542606295,-3.1835294974851583e-18,2.0990573390462734e-15,4.5130895701916895e-15,0.0,0.0,14.573183440546323,1.8471639542606293,-7.281821194462903e-16,343.90020103756126,343.90020103756143,341.9521641360297,341.95216413602975,-0.1290417127452071,0.1290417127452197,0.4578487541970073,1.108120902442905e-18,991.8459790586637,991.8459790586635,1003.5363724422932,1003.536372442293,-0.5,-0.5,-0.5,-0.5
1,975,20,after_integrate,0.9750000000000008,0.9740000000000008,0.001,0,0,0.5,0.0,0.0,,1.8512146283701878,-3.12951708173387e-18,2.1035832191886936e-15,4.4739366206983534e-15,0.0,0.0,14.589347101845785,1.8512146283701876,-7.286019837918049e-16,344.2857400430885,344.2857400430886,342.33168813597723,342.3316881359773,-0.12904886557041828,0.12904886557043088,0.4578372063780797,3.895515930691516e-18,991.9320891259566,991.9320891259564,1003.6585087928034,1003.6585087928032,-0.5,-0.5,-0.5,-0.5
1,976,20,after_integrate,0.9760000000000008,0.9750000000000008,0.001,0,0,0.5,0.0,0.0,,1.8552698011213329,-3.0745024938356333e-18,2.1080725866802054e-15,4.5747036398482595e-15,0.0,0.0,14.605510355909106,1.8552698011213329,-7.290876263428654e-16,344.6716405864714,344.67164058647154,342.7115530550709,342.71155305507097,-0.1290562352402014,0.1290562352402014,0.45782568402411483,-1.6965989543562198e-17,992.0192971656874,992.0192971656871,1003.7818659544782,1003.781865954478,-0.5,-0.5,-0.5,-0.5
1,977,20,after_integrate,0.9770000000000008,0.9760000000000008,0.001,0,0,0.5,0.0,0.0,,1.8593294723529148,-3.0162850688776284e-18,2.112658060863617e-15,4.537646074565255e-15,0.0,0.0,14.621673203640203,1.8593294723529148,-7.314509807190576e-16,345.05790572417976,345.05790572417993,343.0917620402848,343.09176204028483,-0.12906381999173358,0.129063819991721,0.45781418741378127,-2.446861790028511e-17,992.1075943415457,992.1075943415455,1003.9064345402006,1003.9064345402004,-0.5,-0.5,-0.5,-0.5
1,978,20,after_integrate,0.9780000000000008,0.9770000000000008,0.001,0,0,0.5,0.0,0.0,,1.8633936419044397,-2.9594522484157444e-18,2.117194441441815e-15,4.589830915615839e-15,0.0,0.0,14.63783564595293,1.8633936419044395,-7.327752781898997e-16,345.4445384887438,345.4445384887439,343.4723182106738,343.47231821067385,-0.12907161807112896,0.12907161807112896,0.4578027168302059,-2.275674692737224e-17,992.1969711787416,992.1969711787414,1004.0322045481888,1004.0322045481886,-0.5,-0.5,-0.5,-0.5
1,979,20,after_integrate,0.9790000000000008,0.9780000000000008,0.001,0,0,0.5,0.0,0.0,,1.867462309616065,-2.9000273860294298e-18,2.1217993419235722e-15,4.592297881036071e-15,0.0,0.0,14.653997683771193,1.867462309616065,-7.357179828144054e-16,345.8315418871095,345.8315418871096,343.85322465576246,343.8532246557625,-0.1290796277337326,0.1290796277337326,0.457791272561359,-1.950642192717874e-17,992.2874175906085,992.2874175906082,1004.1591653883887,1004.1591653883885,-0.5,-0.5,-0.5,-0.5
1,980,20,after_integrate,0.9800000000000008,0.9790000000000008,0.001,0,0,0.5,0.0,0.0,,1.871535475328595,-2.84082300067774e-18,2.1263995793889173e-15,4.611590780212515e-15,0.0,0.0,14.670159318029176,1.871535475328595,-7.362804973446554e-16,346.21891889905567,346.2189188990558,344.23448443400434,344.2344844340044,-0.12908784724431122,0.12908784724431122,0.45777985490038126,3.605446814056985e-18,992.3789229049412,992.378922904941,1004.2873059085593,1004.2873059085591,-0.5,-0.5,-0.5,-0.5
1,981,20,after_integrate,0.9810000000000008,0.9800000000000008,0.001,0,0,0.5,0.0,0.0,,1.8756131388834782,-2.781759345364889e-18,2.131012012372408e-15,4.574244052456366e-15,0.0,0.0,14.686320549671507,1.8756131388834782,-7.380598275004805e-16,346.60667247567136,346.60667247567153,344.616100571314,344.61610057131406,-0.12909627487727818,0.12909627487726558,0.4577684641458482,-1.9460150942191578e-17,992.4714758901023,992.471475890102,1004.4166144200487,1004.4166144200485,-0.5,-0.5,-0.5,-0.5
1,982,20,after_integrate,0.9820000000000008,0.9810000000000008,0.001,0,0,0.5,0.0,0.0,,1.8796953001227992,-2.725369875247444e-18,2.1354900446894297e-15,4.459506411740928e-15,0.0,0.0,14.702481379653438,1.8796953001227992,-7.414818493373035e-16,346.994805537896,346.9948055378961,344.99807605966873,344.9980760596688,-0.1291049089168278,0.1291049089168278,0.457757100601971,-1.9103957984307974e-17,992.5650647807468,992.5650647807465,1004.5470787231512,1004.547078723151,-0.5,-0.5,-0.5,-0.5
1,983,20,after_integrate,0.9830000000000008,0.9820000000000008,0.001,0,0,0.5,0.0,0.0,,1.8837819588892764,-2.6681643101988723e-18,2.139974754492913e-15,4.468985928942447e-15,0.0,0.0,14.718641808941063,1.8837819588892764,-7.396495127124469e-16,347.38332097511926,347.3833209751194,345.38041385578003,345.3804138557801,-0.12911374765716824,0.12911374765718087,0.4577457645787492,2.7872947729536204e-17,992.6596773033,992.6596773032998,1004.6786861321515,1004.6786861321513,-0.5,-0.5,-0.5,-0.5
1,984,20,after_integrate,0.9840000000000008,0.9830000000000008,0.001,0,0,0.5,0.0,0.0,,1.8878731150262547,-2.611203193646669e-18,2.144410118025742e-15,4.299899615585585e-15,0.0,0.0,14.734801838511542,1.8878731150262544,-7.426111312621406e-16,347.772221643842,347.7722216438421,345.7631168798347,345.76311687983474,-0.1291227894026247,0.12912278940262467,0.4577344563920628,2.8804716223927993e-18,992.7553007010703,992.75530070107,1004.8114234999562,1004.8114234999559,-0.5,-0.5,-0.5,-0.5
1,985,20,after_integrate,0.9850000000000008,0.9840000000000008,0.001,0,0,0.5,0.0,0.0,,1.8919687683777007,-2.557295662869098e-18,2.1486739775262923e-15,4.313818553197567e-15,0.0,0.0,14.75096146935327,1.8919687683777007,-7.438016808251668e-16,348.1615103663968,348.1615103663969,346.14618801430225,346.1461880143023,-0.12913203246770374,0.12913203246770372,0.4577231763637213,-1.394932605312636e-18,992.8519217590283,992.8519217590281,1004.9452772423513,1004.945277242351,-0.5,-0.5,-0.5,-0.5
1,986,20,after_integrate,0.9860000000000008,0.9850000000000008,0.001,0,0,0.5,0.0,0.0,,1.8960689187881963,-2.5024277172840607e-18,2.1529561078197905e-15,4.2263139208435565e-15,0.0,0.0,14.767120702466118,1.8960689187881963,-7.43844166529943e-16,348.5511899297283,348.5511899297284,346.52963010281144,346.5296301028115,-0.12914147517725477,0.12914147517725474,0.45771192482145007,-2.8444087614578056e-17,992.9495268282325,992.9495268282323,1005.0802333618489,1005.0802333618486,-0.5,-0.5,-0.5,-0.5
1,987,20,after_integrate,0.9870000000000008,0.9860000000000008,0.001,0,0,0.5,0.0,0.0,,1.9001735661029326,-2.4452648336947554e-18,2.1571920459877456e-15,4.179788014927618e-15,0.0,0.0,14.78327953886163,1.9001735661029326,-7.440400012185861e-16,348.94126308423233,348.9412630842325,346.9134459490906,346.91344594909066,-0.12915111586650413,0.12915111586650413,0.45770070209883595,-2.4536448197959843e-17,993.0481018499371,993.0481018499369,1005.2162774711898,1005.2162774711895,-0.5,-0.5,-0.5,-0.5
1,988,20,after_integrate,0.9880000000000008,0.9870000000000008,0.001,0,0,0.5,0.0,0.0,,1.9042827101677031,-2.3885189350649635e-18,2.1612896334647715e-15,4.0983641873404815e-15,0.0,0.0,14.799437979563224,1.9042827101677031,-7.494715514508136e-16,349.3317325426535,349.3317325426537,347.29763831597467,347.2976383159748,-0.1291609528811242,0.1291609528811242,0.4576895085352487,-2.9105531863980116e-17,993.1476323792616,993.1476323792614,1005.3533948163504,1005.3533948163501,-0.5,-0.5,-0.5,-0.5
1,989,20,after_integrate,0.9890000000000008,0.9880000000000008,0.001,0,0,0.5,0.0,0.0,,1.9083963508288981,-2.330095699027673e-18,2.165418709675523e-15,4.064015256315802e-15,0.0,0.0,14.815596025606407,1.908396350828898,-7.504264473977276e-16,349.7226009790407,349.72260097904086,347.6822099244755,347.6822099244756,-0.1291709845772378,0.1291709845772504,0.4576783444756822,-2.146578010099107e-18,993.2481036084896,993.2481036084894,1005.4915702991582,1005.491570299158,-0.5,-0.5,-0.5,-0.5
1,990,20,after_integrate,0.9900000000000008,0.9890000000000008,0.001,0,0,0.5,0.0,0.0,,1.9125144879334972,-2.271172164249916e-18,2.1694557294439583e-15,4.026809618593199e-15,0.0,0.0,14.831753678038957,1.9125144879334972,-7.52565443828676e-16,350.1138710277595,350.11387102775967,348.067163452915,348.06716345291505,-0.1291812093214832,0.1291812093214958,0.4576672102705993,3.183249057830207e-17,993.3495003900297,993.3495003900294,1005.6307884995263,1005.630788499526,-0.5,-0.5,-0.5,-0.5
1,991,20,after_integrate,0.9910000000000008,0.9900000000000008,0.001,0,0,0.5,0.0,0.0,,1.9166371213290625,-2.209802958552809e-18,2.173499753975345e-15,4.139481208624441e-15,0.0,0.0,14.847910937921126,1.9166371213290625,-7.494412949261332e-16,350.50554528256146,350.50554528256157,348.45250153611977,348.4525015361198,-0.12919162549096413,0.12919162549096413,0.4576561062757028,-2.4539610450557656e-17,993.4518072589506,993.4518072589503,1005.771033697233,1005.7710336972327,-0.5,-0.5,-0.5,-0.5
1,992,20,after_integrate,0.9920000000000008,0.9910000000000008,0.001,0,0,0.5,0.0,0.0,,1.9207642508637321,-2.1455291319800783e-18,2.1775521911236007e-15,3.985534745318499e-15,0.0,0.0,14.864067806325798,1.9207642508637321,-7.535508306559434e-16,350.8976262957087,350.8976262957088,348.8382267646774,348.8382267646775,-0.12920223147323576,0.12920223147323573,0.45764503285170255,3.379069317279113e-18,993.5550084550566,993.5550084550564,1005.9122898932089,1005.9122898932087,-0.5,-0.5,-0.5,-0.5
1,993,20,after_integrate,0.9930000000000008,0.9920000000000008,0.001,0,0,0.5,0.0,0.0,,1.9248958763862136,-2.0790820133248498e-18,2.1815633406735808e-15,3.940897479168895e-15,0.0,0.0,14.880224284338688,1.9248958763862134,-7.524207560190267e-16,351.2901165771541,351.2901165771542,349.2243416842514,349.22434168425144,-0.1292130256663137,0.12921302566632634,0.4576339903640352,1.8710499702484204e-18,993.6590879446181,993.6590879446179,1006.0545408304638,1006.0545408304636,-0.5,-0.5,-0.5,-0.5
1,994,20,after_integrate,0.9940000000000008,0.9930000000000008,0.001,0,0,0.5,0.0,0.0,,1.9290319977457755,-2.0107537709319908e-18,2.1855253344426314e-15,3.9738145643697874e-15,0.0,0.0,14.896380373058495,1.9290319977457757,-7.541269322884589e-16,351.68301859377544,351.6830185937756,349.6108487949544,349.61084879495445,-0.12922400647860652,0.12922400647860652,0.45762297918256456,1.990986727467117e-18,993.7640294416636,993.7640294416634,1006.1977700145343,1006.1977700145341,-0.5,-0.5,-0.5,-0.5
1,995,20,after_integrate,0.9950000000000008,0.9940000000000008,0.001,0,0,0.5,0.0,0.0,,1.9331726147922412,-1.942509409470844e-18,2.189357304558161e-15,3.753538023909276e-15,0.0,0.0,14.912536073597037,1.9331726147922412,-7.570582896377034e-16,352.0763347686631,352.0763347686633,349.9977505507792,349.99775055077924,-0.12923517232880816,0.12923517232882079,0.45761199968124117,1.110849009389534e-18,993.8698164288484,993.8698164288481,1006.3419607335007,1006.3419607335005,-0.5,-0.5,-0.5,-0.5
1,996,20,after_integrate,0.9960000000000008,0.9950000000000008,0.001,0,0,0.5,0.0,0.0,,1.9373177273759816,-1.872080559873374e-18,2.193103428704144e-15,3.7072328322645005e-15,0.0,0.0,14.928691387079418,1.9373177273759816,-7.55185544994716e-16,352.47006748046067,352.47006748046084,350.385049359085,350.38504935908503,-0.12924652164591574,0.12924652164592837,0.4576010522377606,2.7479385011723877e-17,993.9764321778448,993.9764321778446,1006.4870960775036,1006.4870960775033,-0.5,-0.5,-0.5,-0.5
1,997,20,after_integrate,0.9970000000000008,0.9960000000000008,0.001,0,0,0.5,0.0,0.0,,1.9414673353479082,-1.797698482695094e-18,2.19683202807059e-15,3.7164217893966305e-15,0.0,0.0,14.94484631464412,1.9414673353479084,-7.56944680803839e-16,352.8642190627569,352.86421906275706,350.772747580139,350.7727475801391,-0.12925805286906888,0.12925805286906888,0.4575901372331742,-2.834109581700604e-17,994.0838597693623,994.0838597693621,1006.6331589578612,1006.6331589578609,-0.5,-0.5,-0.5,-0.5
1,998,20,after_integrate,0.9980000000000008,0.9970000000000008,0.001,0,0,0.5,0.0,0.0,,1.9456214385594652,-1.7206189841297476e-18,2.2005129671090336e-15,3.659375659638966e-15,0.0,0.0,14.961000857443148,1.9456214385594652,-7.583625686471427e-16,353.2587918035292,353.25879180352933,351.160847526711,351.16084752671105,-0.12926976444746338,0.129269764447476,0.45757925505150926,2.7945814569508785e-17,994.1920821127043,994.192082112704,1006.7801321257277,1006.7801321257275,-0.5,-0.5,-0.5,-0.5
1,999,20,after_integrate,0.9990000000000008,0.9980000000000008,0.001,0,0,0.5,0.0,0.0,,1.9497800368626226,-1.6390691731175509e-18,2.2041985718573794e-15,3.675628854537959e-15,0.0,0.0,14.977155016642106,1.9497800368626226,-7.592354266263299e-16,353.65378794463686,353.653787944637,351.5493514637201,351.5493514637202,-0.12928165484030243,0.12928165484030243,0.4575684060793463,-2.528883555663471e-17,994.3010819648277,994.3010819648275,1006.9279981902229,1006.9279981902226,-0.5,-0.5,-0.5,-0.5
1,1000,20,after_integrate,1.0000000000000007,0.9990000000000008,0.001,0,0,0.5,0.0,0.0,,1.9539431301098695,-1.554955556772893e-18,2.207837976456303e-15,3.686541614181584e-15,0.0,0.0,14.993308793420287,1.9539431301098695,-7.609214390843274e-16,354.04920968136344,354.04920968136355,351.93826160793304,351.9382616079331,-0.1292937225165945,0.12929372251660712,0.45755759070539875,2.1874543498256964e-17,994.410841949047,994.4108419490468,1007.0767396362127,1007.0767396362124,-0.5,-0.5,-0.5,-0.5
1,1001,21,after_integrate,1.0010000000000006,1.0000000000000007,0.001,0,0,0.5,0.0,0.0,,1.9581107181542063,-1.465915512742918e-18,2.2115430738731555e-15,3.679408927193861e-15,0.0,0.0,15.00946218897073,1.9581107181542066,-7.611138797437636e-16,354.4450591620075,354.4450591620077,352.32758012771103,352.3275801277111,-0.1293059659551147,0.12930596595512728,0.45754680932007374,3.465791626725083e-17,994.5213445732209,994.5213445732206,1007.2263388415523,1007.2263388415521,-0.5,-0.5,-0.5,-0.5
1,1002,21,after_integrate,1.0020000000000004,1.0010000000000006,0.001,0,0,0.5,0.0,0.0,,1.9622828008491378,-1.37349634059567e-18,2.215183856467716e-15,3.516179913974549e-15,0.0,0.0,15.025615204500292,1.9622828008491378,-7.603662201533569e-16,354.8413384875207,354.8413384875209,352.71730914280647,352.7173091428065,-0.12931838364421347,0.12931838364420087,0.4575360623150142,-5.008531725166903e-17,994.6325722475048,994.6325722475045,1007.3767780938881,1007.3767780938879,-0.5,-0.5,-0.5,-0.5
1,1003,21,after_integrate,1.0030000000000003,1.0020000000000004,0.001,0,0,0.5,0.0,0.0,,1.9664593780486663,-1.277756770471725e-18,2.218724330071566e-15,3.673108806112001e-15,0.0,0.0,15.041767841229674,1.9664593780486663,-7.627032890767702e-16,355.23804971119154,355.23804971119165,353.1074507242054,353.10745072420553,-0.12933097408167568,0.12933097408167568,0.45752535008265743,-2.3314804184944855e-17,994.744507301646,994.7445073016457,1007.5280396070083,1007.528039607008,-0.5,-0.5,-0.5,-0.5
1,1004,21,after_integrate,1.0040000000000002,1.0030000000000003,0.001,0,0,0.5,0.0,0.0,,1.970640449607284,-1.1770092095495866e-18,2.2224138388576638e-15,3.715308442097976e-15,0.0,0.0,15.05792010039344,1.970640449607284,-7.647236928634935e-16,355.63519483837524,355.6351948383754,353.49800689401644,353.4980068940165,-0.12934373577462854,0.12934373577461591,0.457514673015761,-4.643527438960771e-17,994.8571320018352,994.857132001835,1007.6801055367343,1007.6801055367341,-0.5,-0.5,-0.5,-0.5
1,1005,21,after_integrate,1.0050000000000001,1.0040000000000002,0.001,0,0,0.5,0.0,0.0,,1.9748260153799673,-1.072072611454518e-18,2.2261381844720007e-15,3.6289003953859796e-15,0.0,0.0,15.074071983240012,1.9748260153799673,-7.674048752705162e-16,356.0327758262675,356.0327758262676,353.8889796254039,353.888979625404,-0.1293566672393107,0.1293566672393233,0.4575040315069289,1.3415677361117286e-18,994.9704285670364,994.9704285670362,1007.8329579962996,1007.8329579962993,-0.5,-0.5,-0.5,-0.5
1,1006,21,after_integrate,1.006,1.0050000000000001,0.001,0,0,0.5,0.0,0.0,,1.9790160752221684,-9.66712584551716e-19,2.2297371251442522e-15,3.644414618195985e-15,0.0,0.0,15.090223491031669,1.9790160752221684,-7.685290011480616e-16,356.4307945837211,356.4307945837212,354.28037084256437,354.2803708425644,-0.12936976700102973,0.12936976700101713,0.457493425948151,-4.485754164297301e-17,995.0843791850098,995.0843791850095,1007.9865790714132,1007.986579071413,-0.5,-0.5,-0.5,-0.5
1,1007,21,after_integrate,1.007,1.006,0.001,0,0,0.5,0.0,0.0,,1.9832106289898093,-8.571300316721789e-19,2.2333968235326258e-15,3.64014841646625e-15,0.0,0.0,15.106374625044515,1.9832106289898093,-7.717292521601669e-16,356.8292529711058,356.8292529711059,354.67218242074495,354.67218242074506,-0.12938303359384193,0.12938303359384193,0.45748285673031813,-2.137712637607554e-17,995.1989660277012,995.198966027701,1008.1409508347008,1008.1409508347006,-0.5,-0.5,-0.5,-0.5
1,1008,21,after_integrate,1.0079999999999998,1.007,0.001,0,0,0.5,0.0,0.0,,1.987409676539275,-7.463870989819992e-19,2.2370516300961014e-15,3.670868142279945e-15,0.0,0.0,15.122525386568428,1.987409676539275,-7.729625410969919e-16,357.2281528002083,357.2281528002085,355.0644161863022,355.06441618630225,-0.12939646556055903,0.1293964655605464,0.45747232424275874,-4.7676611275065364e-17,995.3141712662537,995.3141712662534,1008.296055359767,1008.2960553597668,-0.5,-0.5,-0.5,-0.5
1,1009,21,after_integrate,1.0089999999999997,1.0079999999999998,0.001,0,0,0.5,0.0,0.0,,1.9916132177274077,-6.327145910790872e-19,2.2407291752298234e-15,3.639683241189433e-15,0.0,0.0,15.138675776907004,1.9916132177274077,-7.755483303375591e-16,357.62749583417275,357.62749583417286,355.4570739168001,355.45707391680014,-0.1294100614524146,0.1294100614524146,0.4574618288727637,-9.600589393999807e-19,995.4299770856322,995.429977085632,1008.4518747348718,1008.4518747348716,-0.5,-0.5,-0.5,-0.5
1,1010,21,after_integrate,1.0099999999999996,1.0089999999999997,0.001,0,0,0.5,0.0,0.0,,1.9958212524114987,-5.184266796124841e-19,2.2443770185044007e-15,3.700048459412369e-15,0.0,0.0,15.154825797377452,1.9958212524114987,-7.776968734107028e-16,358.02728378748066,358.02728378748077,355.85015734114626,355.8501573411463,-0.12942381982907028,0.12942381982905765,0.45745137100511285,-1.8828267651014496e-17,995.5463656986452,995.546365698645,1008.6083910760195,1008.6083910760193,-0.5,-0.5,-0.5,-0.5
1,1011,21,after_integrate,1.0109999999999995,1.0099999999999996,0.001,0,0,0.5,0.0,0.0,,2.0000337804492836,-4.0199200201847874e-19,2.248077999579926e-15,3.687107368043376e-15,0.0,0.0,15.170975449310541,2.0000337804492836,-7.787178086724183e-16,358.42751832596826,358.42751832596844,356.24366813976496,356.243668139765,-0.12943773925823104,0.12943773925821844,0.45744095102162197,-4.4346087283340817e-17,995.6633193596258,995.6633193596256,1008.7655865397093,1008.765586539709,-0.5,-0.5,-0.5,-0.5
1,1012,21,after_integrate,1.0119999999999993,1.0109999999999995,0.001,0,0,0.5,0.0,0.0,,2.004250801698935,-2.8475584826032484e-19,2.2517759964805535e-15,3.692759317081633e-15,0.0,0.0,15.18712473405044,2.004250801698935,-7.804050975165232e-16,358.82820106688115,358.8282010668813,356.6376079448049,356.637607944805,-0.1294518183156891,0.12945181831567648,0.4574305693006782,-4.816354605140033e-17,995.7808203776407,995.7808203776405,1008.9234433352249,1008.9234433352246,-0.5,-0.5,-0.5,-0.5
1,1013,21,after_integrate,1.0129999999999992,1.0119999999999993,0.001,0,0,0.5,0.0,0.0,,2.008472316019056,-1.6645184265654456e-19,2.2554237747481037e-15,3.632438800104643e-15,0.0,0.0,15.203273652954627,2.008472316019056,-7.841514099929153e-16,359.2293335789645,359.2293335789646,357.03197834038167,357.0319783403818,-0.12946605558496385,0.12946605558496385,0.4574202262167916,1.846864475127502e-18,995.8988511291905,995.8988511291902,1009.0819437364249,1009.0819437364247,-0.5,-0.5,-0.5,-0.5
1,1014,21,after_integrate,1.0139999999999991,1.0129999999999992,0.001,0,0,0.5,0.0,0.0,,2.0126983232686775,-4.812569017536021e-20,2.2590248980553156e-15,3.569971212928323e-15,0.0,0.0,15.219422207393732,2.0126983232686775,-7.828826731808041e-16,359.6309173825881,359.6309173825882,357.426780862853,357.42678086285304,-0.1294804496572698,0.1294804496572698,0.4574099221401574,-2.0972273666577487e-17,996.0173940705769,996.0173940705766,1009.2410700932123,1009.2410700932121,-0.5,-0.5,-0.5,-0.5
1,1015,21,after_integrate,1.014999999999999,1.0139999999999991,0.001,0,0,0.5,0.0,0.0,,2.0169288233072464,7.301250717461188e-20,2.262616261790136e-15,3.5717746401034986e-15,0.0,0.0,15.235570398751348,2.0169288233072464,-7.865625613916676e-16,360.03295394990516,360.03295394990533,357.822017001125,357.82201700112506,-0.1294949991312324,0.12949499913124501,0.4573996574362174,2.6427745850289077e-17,996.1364317496934,996.1364317496932,1009.4008048424415,1009.4008048424413,-0.5,-0.5,-0.5,-0.5
1,1016,21,after_integrate,1.015999999999999,1.014999999999999,0.001,0,0,0.5,0.0,0.0,,2.0211638159946266,1.9565009935792223e-19,2.2661990431087227e-15,3.598559235179882e-15,0.0,0.0,15.251718228423911,2.0211638159946266,-7.859468270001865e-16,360.43544470504384,360.435444705044,358.2176881969895,358.21768819698957,-0.1295097026127805,0.1295097026127931,0.4573894324652485,-5.10315122522963e-19,996.2559468174887,996.2559468174885,1009.5611305185083,1009.5611305185081,-0.5,-0.5,-0.5,-0.5
1,1017,21,after_integrate,1.0169999999999988,1.015999999999999,0.001,0,0,0.5,0.0,0.0,,2.025403301191087,3.21529541703592e-19,2.2698176262807424e-15,3.6260436885869586e-15,0.0,0.0,15.267865697820465,2.0254033011910875,-7.870805722750128e-16,360.8383910243294,360.8383910243295,358.6137958454901,358.61379584549013,-0.12952455871493718,0.12952455871493718,0.4573792475819368,-2.2190442701114452e-17,996.3759220389238,996.3759220389236,1009.7220297634493,1009.7220297634491,-0.5,-0.5,-0.5,-0.5
1,1018,21,after_integrate,1.0179999999999987,1.0169999999999988,0.001,0,0,0.5,0.0,0.0,,2.0296472787573028,4.484349228589035e-19,2.273448980651827e-15,3.631716591551065e-15,0.0,0.0,15.284012808362483,2.0296472787573028,-7.877672663505579e-16,361.241794236538,361.2417942365381,359.01034129531536,359.0103412953154,-0.12953956605763756,0.12953956605762496,0.45736910313499896,-1.9511104706716874e-17,996.4963403035356,996.4963403035354,1009.8834853366709,1009.8834853366707,-0.5,-0.5,-0.5,-0.5
1,1019,21,after_integrate,1.0189999999999986,1.0179999999999987,0.001,0,0,0.5,0.0,0.0,,2.0338957485543427,5.766057693638403e-19,2.277081754880875e-15,3.590072929830918e-15,0.0,0.0,15.300159561483623,2.0338957485543427,-7.907479671516587e-16,361.6456556231789,361.64565562317904,359.4073258492201,359.4073258492202,-0.1295547232675829,0.1295547232675829,0.4573589994667838,4.2858801352059884e-18,996.6171846355448,996.6171846355446,1010.0454801242237,1010.0454801242234,-0.5,-0.5,-0.5,-0.5
1,1020,21,after_integrate,1.0199999999999985,1.0189999999999986,0.001,0,0,0.5,0.0,0.0,,2.038148710443672,7.047508945326505e-19,2.2806789350836437e-15,3.642058010111413e-15,0.0,0.0,15.316305958629535,2.038148710443672,-7.912847340377932e-16,362.0499764188053,362.0499764188054,359.8047507644706,359.80475076447067,-0.1295700289780833,0.1295700289780833,0.45734893691290657,-2.2622120049932583e-17,996.7384382035713,996.738438203571,1010.2079971477173,1010.207997147717,-0.5,-0.5,-0.5,-0.5
1,1021,21,after_integrate,1.0209999999999984,1.0199999999999985,0.001,0,0,0.5,0.0,0.0,,2.04240616428714,8.361809695965292e-19,2.2843325474379254e-15,3.651499810523121e-15,0.0,0.0,15.33245200125759,2.04240616428714,-7.936383516430493e-16,362.4547578113518,362.45475781135195,360.2026172533146,360.20261725331466,-0.12958548182882484,0.12958548182882484,0.45733891580190006,-1.9681960392146255e-17,996.8600843299114,996.8600843299112,1010.3710195728054,1010.3710195728052,-0.5,-0.5,-0.5,-0.5
1,1022,21,after_integrate,1.0219999999999982,1.0209999999999984,0.001,0,0,0.5,0.0,0.0,,2.04666810994698,9.67817268946554e-19,2.2879951801857024e-15,3.672320943098887e-15,0.0,0.0,15.348597690836614,2.04666810994698,-7.944639914801934e-16,362.8600009424991,362.86000094249925,360.6009264834746,360.60092648347467,-0.12960108046577554,0.12960108046577554,0.4573289364548563,1.2240199947757358e-18,996.9821064993567,996.9821064993565,1010.53453071723,1010.5345307172298,-0.5,-0.5,-0.5,-0.5
1,1023,21,after_integrate,1.0229999999999981,1.0219999999999982,0.001,0,0,0.5,0.0,0.0,,2.0509345472858036,1.1018213049652685e-18,2.2916707406338437e-15,3.677275827894719e-15,0.0,0.0,15.364743028846656,2.0509345472858036,-7.949412182192424e-16,363.26570690806216,363.26570690806227,360.9996795786625,360.99967957866255,-0.12961682354096532,0.12961682354096532,0.4573189991851202,-2.5390850026479702e-17,997.1044883677434,997.1044883677432,1010.6985140586264,1010.6985140586262,-0.5,-0.5,-0.5,-0.5
1,1024,21,after_integrate,1.023999999999998,1.0229999999999981,0.001,0,0,0.5,0.0,0.0,,2.0552054761665954,1.2367096220251726e-18,2.2953591822650567e-15,3.68886609547924e-15,0.0,0.0,15.380888016778673,2.0552054761665954,-7.975939947867824e-16,363.6718767584035,363.6718767584037,361.3988776191149,361.39887761911496,-0.129632709712368,0.129632709712368,0.4573091042984201,1.756682946673909e-18,997.2272831282608,997.2272831282605,1010.8630226000911,1010.8630226000909,-0.5,-0.5,-0.5,-0.5
1,1025,21,after_integrate,1.024999999999998,1.023999999999998,0.001,0,0,0.5,0.0,0.0,,2.0594808964527336,1.3717884076603785e-18,2.299052318280756e-15,3.643174151000328e-15,0.0,0.0,15.397032656134293,2.0594808964527336,-7.975301624907076e-16,364.07851184619307,364.0785118461932,361.79852199066147,361.7985219906615,-0.12964873764400328,0.12964873764399068,0.45729925208920513,-2.2085902670269624e-17,997.3500938237665,997.3500938237663,1011.0276591746781,1011.0276591746779,-0.5,-0.5,-0.5,-0.5
1,1026,21,after_integrate,1.0259999999999978,1.024999999999998,0.001,0,0,0.5,0.0,0.0,,2.0637608080078986,1.5090297883870218e-18,2.3026975239783437e-15,3.707142035171692e-15,0.0,0.0,15.413176948425242,2.0637608080078986,-8.004673751510798e-16,364.48561067875625,364.48561067875636,362.19861122909066,362.1986112290907,-0.12966490600473132,0.12966490600473132,0.45728944284323686,3.050514874505052e-18,997.4724620762753,997.4724620762751,1011.191965222644,1011.1919652226437,-0.5,-0.5,-0.5,-0.5
1,1027,21,after_integrate,1.0269999999999977,1.0259999999999978,0.001,0,0,0.5,0.0,0.0,,2.068045210695499,1.6462301164264689e-18,2.306361495430612e-15,3.61354262634782e-15,0.0,0.0,15.429320895173376,2.0680452106954985,-8.023267156137908e-16,364.89317308246444,364.89317308246456,362.59914519552206,362.5991451955221,-0.12968121346180744,0.12968121346180742,0.4572796768401522,-2.3377576218117862e-17,997.5947175260764,997.5947175260761,1011.3562701648602,1011.35627016486,-0.5,-0.5,-0.5,-0.5
1,1028,21,after_integrate,1.0279999999999976,1.0269999999999977,0.001,0,0,0.5,0.0,0.0,,2.0723341043792347,1.781826158402828e-18,2.309945082601982e-15,3.5522065439983963e-15,0.0,0.0,15.445464497910148,2.0723341043792347,-8.036749497203899e-16,365.30119875299306,365.30119875299323,363.00012362274265,363.00012362274276,-0.12969765868745592,0.1296976586874433,0.4572699543463733,-4.3000308600430723e-17,997.7168398415803,997.71683984158,1011.520553436126,1011.5205534361257,-0.5,-0.5,-0.5,-0.5
1,1029,21,after_integrate,1.0289999999999975,1.0279999999999976,0.001,0,0,0.5,0.0,0.0,,2.0766274889229,1.917304719923545e-18,2.313467003158858e-15,3.4901733969970245e-15,0.0,0.0,15.461607758176198,2.0766274889229,-8.049260721332622e-16,365.70968742053464,365.70968742053475,363.4015462810984,363.40154628109843,-0.12971424035656448,0.12971424035655185,0.4572602756167721,-4.8797201462950226e-17,997.8388197586011,997.8388197586008,1011.684805520397,1011.6848055203968,-0.5,-0.5,-0.5,-0.5
1,1030,21,after_integrate,1.0299999999999974,1.0289999999999975,0.001,0,0,0.5,0.0,0.0,,2.0809253641904277,2.0533476645069362e-18,2.3169761810681405e-15,3.437161576540853e-15,0.0,0.0,15.477750677520982,2.0809253641904277,-8.067723117988397e-16,366.11863876125454,366.1186387612547,363.8034128898095,363.8034128898096,-0.1297309571471846,0.1297309571471846,0.4572506408941194,-2.672618405230825e-17,997.9606391828406,997.9606391828404,1011.8490080541085,1011.8490080541083,-0.5,-0.5,-0.5,-0.5
1,1031,21,after_integrate,1.0309999999999973,1.0299999999999974,0.001,0,0,0.5,0.0,0.0,,2.0852277300458812,2.1902485036338858e-18,2.320424743225517e-15,3.474244287011722e-15,0.0,0.0,15.4938932575023,2.0852277300458812,-8.105693310447479e-16,366.52805239064384,366.52805239064395,364.20572311045214,364.2057231104522,-0.12974780774049702,0.12974780774049702,0.45724105040871504,4.04010767862114e-18,998.0822742511258,998.0822742511256,1012.0131368866454,1012.0131368866452,-0.5,-0.5,-0.5,-0.5
1,1032,21,after_integrate,1.0319999999999971,1.0309999999999973,0.001,0,0,0.5,0.0,0.0,,2.0895345863534462,2.3268610304634447e-18,2.3239017455579276e-15,3.5196428788848816e-15,0.0,0.0,15.510035499685845,2.0895345863534462,-8.104601768002956e-16,366.9379278553841,366.93792785538426,364.6084765389484,364.6084765389485,-0.12976479082065093,0.12976479082066356,0.45723150437808063,2.70624289134197e-17,998.2036989675577,998.2036989675574,1012.1771657157436,1012.1771657157434,-0.5,-0.5,-0.5,-0.5
1,1033,21,after_integrate,1.032999999999997,1.0319999999999971,0.001,0,0,0.5,0.0,0.0,,2.093845932977425,2.465154287934391e-18,2.327386848490451e-15,3.4546524453661606e-15,0.0,0.0,15.52617740564479,2.093845932977425,-8.112126954645606e-16,367.34826463022915,367.3482646302293,365.01167270258935,365.01167270258946,-0.1297819050747676,0.1297819050747676,0.457222003006667,5.092509464244698e-18,998.3248870909175,998.3248870909173,1012.3410679740576,1012.3410679740574,-0.5,-0.5,-0.5,-0.5
1,1034,21,after_integrate,1.033999999999997,1.032999999999997,0.001,0,0,0.5,0.0,0.0,,2.0981617697822283,2.605465361507197e-18,2.3308540549945467e-15,3.465940978112649e-15,0.0,0.0,15.542318976959262,2.098161769782228,-8.107176967749495e-16,367.75906211810616,367.7590621181063,365.4153110602863,365.41531106028634,-0.12979914919274058,0.12979914919274055,0.4572125464856237,-2.016550967914795e-17,998.4458128978258,998.4458128978256,1012.504817591418,1012.5048175914178,-0.5,-0.5,-0.5,-0.5
1,1035,21,after_integrate,1.0349999999999968,1.033999999999997,0.001,0,0,0.5,0.0,0.0,,2.1024820966323654,2.7467045231046284e-18,2.3343318981854967e-15,3.4200618439932497e-15,0.0,0.0,15.558460215215936,2.1024820966323654,-8.128731949955431e-16,368.1703196516414,368.1703196516416,365.81939100425086,365.8193910042509,-0.12981652186723838,0.12981652186723838,0.4572031349925948,-2.2627407788821242e-17,998.5664514451652,998.566451445165,1012.6683892563383,1012.6683892563381,-0.5,-0.5,-0.5,-0.5
1,1036,21,after_integrate,1.0359999999999967,1.0349999999999968,0.001,0,0,0.5,0.0,0.0,,2.1068069133924405,2.887571777155822e-18,2.337757757555593e-15,3.4910758093162366e-15,0.0,0.0,15.574601122007488,2.1068069133924405,-8.159305868558062e-16,368.58203649520465,368.5820364952048,366.22391186219437,366.2239118621944,-0.12983402179356898,0.12983402179355635,0.45719376869154327,-4.2548290758005334e-17,998.6867786457062,998.686778645706,1012.8317584907137,1012.8317584907135,-0.5,-0.5,-0.5,-0.5
1,1037,21,after_integrate,1.0369999999999966,1.0359999999999967,0.001,0,0,0.5,0.0,0.0,,2.1111362199271437,3.031427197680732e-18,2.341298908778307e-15,3.560189960306558e-15,0.0,0.0,15.590741698932161,2.1111362199271437,-8.158353426309816e-16,368.99421184711025,368.99421184711036,366.6288728996829,366.628872899683,-0.12985164766959448,0.12985164766959445,0.4571844477326241,2.6630905045488203e-20,998.8067712827539,998.8067712827536,1012.9949016635529,1012.9949016635527,-0.5,-0.5,-0.5,-0.5
1,1038,21,after_integrate,1.0379999999999965,1.0369999999999966,0.001,0,0,0.5,0.0,0.0,,2.1154700161012436,3.1775324819881483e-18,2.3448989337909595e-15,3.636257993184566e-15,0.0,0.0,15.606881947593255,2.1154700161012436,-8.187811374217109e-16,369.40684484184914,369.4068448418493,367.034273322523,367.03427332252306,-0.12986939819568463,0.12986939819567203,0.4571751722521025,-4.5930000946087714e-17,998.9264070069044,998.9264070069041,1013.1577959868181,1013.1577959868179,-0.5,-0.5,-0.5,-0.5
1,1039,21,after_integrate,1.0389999999999964,1.0379999999999965,0.001,0,0,0.5,0.0,0.0,,2.119808301779585,3.323147488120051e-18,2.348530856329504e-15,3.643263560978414e-15,0.0,0.0,15.623021869598624,2.119808301779585,-8.21434030234375e-16,369.8199345523131,369.8199345523132,367.44011227913546,367.4401122791355,-0.12988727207457004,0.12988727207458267,0.45716594237228136,2.3005745359961473e-17,999.0456643284004,999.0456643284002,1013.3204195068852,1013.320419506885,-0.5,-0.5,-0.5,-0.5
1,1040,21,after_integrate,1.0399999999999963,1.0389999999999964,0.001,0,0,0.5,0.0,0.0,,2.1241510768270784,3.469784741490101e-18,2.3521820440021915e-15,3.550987031845446e-15,0.0,0.0,15.639161466560207,2.1241510768270784,-8.214437452396575e-16,370.23347999199893,370.23347999199905,367.84638886290907,367.8463888629091,-0.12990526801138425,0.12990526801138425,0.4571567582014694,-2.436785994856922e-17,999.1645226082402,999.16452260824,1013.4827510947707,1013.4827510947705,-0.5,-0.5,-0.5,-0.5
1,1041,21,after_integrate,1.0409999999999962,1.0399999999999963,0.001,0,0,0.5,0.0,0.0,,2.1284983411087004,3.616887777723465e-18,2.3557443553924677e-15,3.682403940880668e-15,0.0,0.0,15.655300740093518,2.128498341108701,-8.232954968673058e-16,370.64748011719126,370.64748011719144,368.2531021145288,368.2531021145289,-0.12992338471346732,0.12992338471347992,0.45714761983400803,1.83094681864774e-18,999.2829620490422,999.282962049042,1013.6447704361206,1013.6447704361203,-0.5,-0.5,-0.5,-0.5
1,1042,21,after_integrate,1.041999999999996,1.0409999999999962,0.001,0,0,0.5,0.0,0.0,,2.132850094489486,3.764327220385534e-18,2.359438384977945e-15,3.690293761124183e-15,0.0,0.0,15.671439691817149,2.132850094489486,-8.231950739658376e-16,371.06193382912187,371.06193382912204,368.6602510242775,368.6602510242775,-0.1299416208903838,0.12994162089039643,0.4571385273502864,2.375489308237623e-17,999.4009636855136,999.4009636855134,1013.8064580208389,1013.8064580208389,-0.5,-0.5,-0.5,-0.5
1,1043,21,after_integrate,1.042999999999996,1.041999999999996,0.001,0,0,0.5,0.0,0.0,,2.137206336834524,3.9130606209508815e-18,2.363131734769067e-15,3.588226198289892e-15,0.0,0.0,15.687578323352305,2.137206336834524,-8.243099799495928e-16,371.4768399761045,371.4768399761046,369.0678345343096,369.06783453430967,-0.12995997525382746,0.12995997525382746,0.4571294808168139,-2.3222746267180457e-17,999.5185093746887,999.5185093746885,1013.9677951324963,1013.9677951324961,-0.5,-0.5,-0.5,-0.5
1,1044,21,after_integrate,1.0439999999999958,1.042999999999996,0.001,0,0,0.5,0.0,0.0,,2.141567068008958,4.058465287163704e-18,2.3667234466376994e-15,3.709913542277788e-15,0.0,0.0,15.703716636322277,2.1415670680089582,-8.269112821968639e-16,371.8921973556447,371.89219735564484,369.47585154089694,369.475851540897,-0.12997844651756463,0.12997844651756463,0.45712048028630076,7.837021446884712e-19,999.6355817857697,999.6355817857694,1014.1287638373652,1014.128763837365,-0.5,-0.5,-0.5,-0.5
1,1045,21,after_integrate,1.0449999999999957,1.0439999999999958,0.001,0,0,0.5,0.0,0.0,,2.1459322878779763,4.205376064105242e-18,2.370381528532453e-15,3.603150920955361e-15,0.0,0.0,15.719854632352,2.1459322878779763,-8.256513799458597e-16,372.30800471652447,372.30800471652464,369.88430089664354,369.8843008966436,-0.1299970333973771,0.12999703339738972,0.45711152579778774,2.5898154504868105e-17,999.752164389734,999.7521643897338,1014.2893469732481,1014.2893469732479,-0.5,-0.5,-0.5,-0.5
1,1046,21,after_integrate,1.0459999999999956,1.0449999999999957,0.001,0,0,0.5,0.0,0.0,,2.1503019963068164,4.352225026499383e-18,2.373946452947058e-15,3.516157550814417e-15,0.0,0.0,15.735992313067518,2.1503019963068164,-8.275621630962236e-16,372.7242607608594,372.7242607608595,370.29318141266975,370.2931814126699,-0.13001573461103147,0.13001573461101887,0.45710261737677366,-2.6126198990764116e-17,999.868241448539,999.8682414485388,1014.449528137932,1014.4495281379318,-0.5,-0.5,-0.5,-0.5
1,1047,21,after_integrate,1.0469999999999955,1.0459999999999956,0.001,0,0,0.5,0.0,0.0,,2.1546761931607574,4.497769304180907e-18,2.377478181816202e-15,3.5331469266273195e-15,0.0,0.0,15.752129680095567,2.1546761931607574,-8.280090217625599e-16,373.140964146129,373.14096414612914,370.70249186076495,370.7024918607651,-0.13003454887813443,0.13003454887813443,0.457093755035373,7.031403189347044e-18,999.983798004184,999.9837980041838,1014.6092916775236,1014.6092916775234,-0.5,-0.5,-0.5,-0.5
1,1048,21,after_integrate,1.0479999999999954,1.0469999999999955,0.001,0,0,0.5,0.0,0.0,,2.1590548783051213,4.64602210583463e-18,2.381014713013995e-15,3.5198482210311017e-15,0.0,0.0,15.768266735063078,2.1590548783051213,-8.30130238717249e-16,373.5581134871793,373.55811348717947,371.112230975506,371.1122309755062,-0.13005347492024102,0.13005347492024102,0.4570849387725106,4.449941016336052e-18,1000.0988198673026,1000.0988198673024,1014.7686226743511,1014.7686226743509,-0.5,-0.5,-0.5,-0.5
1,1049,21,after_integrate,1.0489999999999953,1.0479999999999954,0.001,0,0,0.5,0.0,0.0,,2.163438051605272,4.79385146554053e-18,2.3845392908011604e-15,3.5218821407141135e-15,0.0,0.0,15.784403479596692,2.163438051605272,-8.295115112595719e-16,373.9757073581962,373.9757073581963,371.5223974563429,371.522397456343,-0.1300725114606476,0.13007251146066023,0.4570761685741165,7.168889847386985e-18,1000.2132936056771,1000.2132936056769,1014.9275069348137,1014.9275069348134,-0.5,-0.5,-0.5,-0.5
1,1050,21,after_integrate,1.0499999999999952,1.0489999999999953,0.001,0,0,0.5,0.0,0.0,,2.1678257129266107,4.944295854215743e-18,2.3880805307101624e-15,3.5044233983199452e-15,0.0,0.0,15.800539915322354,2.1678257129266107,-8.30701140718405e-16,374.3937442946496,374.39374429464976,371.93298996964893,371.93298996964904,-0.1300916572244629,0.13009165722446286,0.45706744441333863,-1.835687375187661e-17,1000.327206532428,1000.3272065324278,1015.085930976945,1015.0859309769447,-0.5,-0.5,-0.5,-0.5
1,1051,22,after_integrate,1.050999999999995,1.0499999999999952,0.001,0,0,0.5,0.0,0.0,,2.1722178621345805,5.095655353181274e-18,2.3916369384997133e-15,3.605503341728028e-15,0.0,0.0,15.816676043864826,2.1722178621345805,-8.319178119886126e-16,374.8122227952086,374.81222279520875,372.34400715073576,372.3440071507359,-0.13011091093846436,0.13011091093847693,0.45705876625079334,1.1813073565410894e-18,1000.4405466939876,1000.4405466939874,1015.2438820177902,1015.2438820177899,-0.5,-0.5,-0.5,-0.5
1,1052,22,after_integrate,1.051999999999995,1.050999999999995,0.001,0,0,0.5,0.0,0.0,,2.1766144990946628,5.246788596096863e-18,2.395201689873605e-15,3.594734462994211e-15,0.0,0.0,15.83281186684726,2.1766144990946628,-8.365279013229444e-16,375.23114132362474,375.23114132362497,372.7554476058317,372.7554476058318,-0.1301302713311568,0.1301302713311694,0.4570501340348056,2.5581007719822253e-17,1000.553302857857,1000.5533028578566,1015.4013479606066,1015.4013479606064,-0.5,-0.5,-0.5,-0.5
1,1053,22,after_integrate,1.0529999999999948,1.051999999999995,0.001,0,0,0.5,0.0,0.0,,2.1810156236723794,5.3985348416573254e-18,2.3988124825690734e-15,3.59820441965624e-15,0.0,0.0,15.84894738589079,2.1810156236723794,-8.329391903857086e-16,375.65049831058616,375.65049831058633,373.1673099140235,373.16730991402363,-0.1301497371326676,0.1301497371326676,0.4570415477016867,-2.7266074102192345e-17,1000.66546450023,1000.6654645002295,1015.5583173819615,1015.5583173819613,-0.5,-0.5,-0.5,-0.5
1,1054,22,after_integrate,1.0539999999999947,1.0529999999999948,0.001,0,0,0.5,0.0,0.0,,2.1854212357332927,5.549808110495353e-18,2.40237171305115e-15,3.5238280522190676e-15,0.0,0.0,15.865082602614082,2.1854212357332927,-8.360920438926699e-16,376.07029215553877,376.07029215553894,373.5795926291602,373.5795926291603,-0.13016930707469196,0.13016930707467936,0.45703300717600526,-2.5783698125725182e-17,1000.7770217933578,1000.7770217933573,1015.7147795186195,1015.7147795186193,-0.5,-0.5,-0.5,-0.5
1,1055,22,after_integrate,1.0549999999999946,1.0539999999999947,0.001,0,0,0.5,0.0,0.0,,2.1898313351430065,5.7006921782658414e-18,2.4059081352709694e-15,3.5454314654949525e-15,0.0,0.0,15.88121751863294,2.189831335143006,-8.358975548345624e-16,376.4905212284773,376.49052122847746,373.9922942817188,373.9922942817189,-0.1301889798905271,0.13018897989051445,0.45702451237087877,-4.826206029328806e-17,1000.8879655927957,1000.8879655927952,1015.8707242543393,1015.870724254339,-0.5,-0.5,-0.5,-0.5
1,1056,22,after_integrate,1.0559999999999945,1.0549999999999946,0.001,0,0,0.5,0.0,0.0,,2.194245921767169,5.8535941746755e-18,2.409501830896364e-15,3.554997593737141e-15,0.0,0.0,15.897352135559906,2.1942459217671693,-8.386782154358079e-16,376.911183871703,376.9111838717032,374.4054133806318,374.40541338063196,-0.13020875431498038,0.13020875431499299,0.4570160631882923,-2.9207212150393666e-18,1000.998287424526,1000.9982874245255,1016.0261421065901,1016.0261421065899,-0.5,-0.5,-0.5,-0.5
1,1057,22,after_integrate,1.0569999999999944,1.0559999999999945,0.001,0,0,0.5,0.0,0.0,,2.1986649954714728,6.0050079559747205e-18,2.4130081134551316e-15,3.5534204674661724e-15,0.0,0.0,15.913486455003854,2.1986649954714728,-8.432403539884372e-16,377.3322784015499,377.3322784015501,374.81894841507494,374.81894841507506,-0.13022862908439115,0.13022862908437854,0.4570076595193876,-4.984209037003878e-17,1001.1079794718562,1001.1079794718557,1016.18102421309,1016.1810242130898,-0.5,-0.5,-0.5,-0.5
1,1058,22,after_integrate,1.0579999999999943,1.0569999999999944,0.001,0,0,0.5,0.0,0.0,,2.203088556121659,6.158660642043398e-18,2.416622640051834e-15,3.622171428756664e-15,0.0,0.0,15.929620478569653,2.203088556121659,-8.433898203981598e-16,377.7538031100778,377.75380311007797,375.2328978562155,375.23289785621563,-0.1302486029365017,0.13024860293648904,0.45699930124480664,-4.8941883847210916e-17,1001.21703456231,1001.2170345623095,1016.3353623183688,1016.3353623183685,-0.5,-0.5,-0.5,-0.5
1,1059,22,after_integrate,1.0589999999999942,1.0579999999999943,0.001,0,0,0.5,0.0,0.0,,2.20751660358352,6.3121438272095226e-18,2.4202429382437376e-15,3.632857889653852e-15,0.0,0.0,15.945754207857762,2.2075166035835196,-8.475950697916546e-16,378.1757562667323,378.1757562667325,375.64726015892137,375.64726015892154,-0.13026867461054234,0.13026867461052974,0.45699098823500905,-2.1579809938904958e-17,1001.3254461543182,1001.3254461543178,1016.489148760177,1016.4891487601768,-0.5,-0.5,-0.5,-0.5
1,1060,22,after_integrate,1.059999999999994,1.0589999999999942,0.001,0,0,0.5,0.0,0.0,,2.2119491377229012,6.464377040435004e-18,2.4238743140987537e-15,3.630590683701021e-15,0.0,0.0,15.96188764446391,2.2119491377229012,-8.485416248519456e-16,378.59813611997214,378.5981361199723,376.0620337634291,376.0620337634292,-0.13028884284712783,0.13028884284714043,0.4569827203506135,1.7751931588159193e-19,1001.4332083238992,1001.4332083238987,1016.6423764559275,1016.6423764559273,-0.5,-0.5,-0.5,-0.5
1,1061,22,after_integrate,1.060999999999994,1.059999999999994,0.001,0,0,0.5,0.0,0.0,,2.216386158405705,6.6162835930911616e-18,2.427519902909391e-15,3.644765261570158e-15,0.0,0.0,15.978020789978725,2.216386158405705,-8.494293878536767e-16,379.0209408988626,379.0209408988628,376.47721709697163,376.4772170969718,-0.13030910638830545,0.13030910638829282,0.45697449744273566,-5.315169089922947e-17,1001.5403157511662,1001.5403157511657,1016.7950388890039,1016.7950388890036,-0.5,-0.5,-0.5,-0.5
1,1062,22,after_integrate,1.0619999999999938,1.060999999999994,0.001,0,0,0.5,0.0,0.0,,2.220827665497893,6.765505456562744e-18,2.4311171097432113e-15,3.571556716668015e-15,0.0,0.0,15.994153645987405,2.220827665497893,-8.532418736631287e-16,379.44416881441373,379.4441688144139,376.8928085751207,376.89280857512085,-0.1303294639774009,0.1303294639774009,0.45696631935415627,2.318205594466665e-18,1001.6467637083229,1001.6467637083224,1016.9471300967435,1016.9471300967433,-0.5,-0.5,-0.5,-0.5
1,1063,22,after_integrate,1.0629999999999937,1.0619999999999938,0.001,0,0,0.5,0.0,0.0,,2.2252736588654742,6.913533085845585e-18,2.4346965861547367e-15,3.505940447538468e-15,0.0,0.0,16.010286214069556,2.2252736588654742,-8.532608263756791e-16,379.86781806110486,379.8678180611051,377.30880660329893,377.30880660329905,-0.1303499143590998,0.1303499143591124,0.4569581859267769,1.4576449978215805e-18,1001.7525480460052,1001.7525480460048,1017.0986446568533,1017.098644656853,-0.5,-0.5,-0.5,-0.5
1,1064,22,after_integrate,1.0639999999999936,1.0629999999999937,0.001,0,0,0.5,0.0,0.0,,2.22972413837451,7.059901818628932e-18,2.438219449251897e-15,3.5498750739248785e-15,0.0,0.0,16.026418495799227,2.2297241383745106,-8.541402964184812e-16,380.29188681872927,380.2918868187295,377.72520957857694,377.72520957857705,-0.1303704562793711,0.1303704562793711,0.45695009700183614,2.278985328069066e-18,1001.8576651774875,1001.8576651774871,1017.2495776719109,1017.2495776719106,-0.5,-0.5,-0.5,-0.5
1,1065,22,after_integrate,1.0649999999999935,1.0639999999999936,0.001,0,0,0.5,0.0,0.0,,2.234179103891123,7.206653528877023e-18,2.441768604500823e-15,3.5865945935273794e-15,0.0,0.0,16.042550492744795,2.234179103891123,-8.548897342690248e-16,380.71637325373865,380.7163732537389,378.14201589095734,378.14201589095745,-0.130391088485416,0.13039108848542857,0.45694205241824737,2.8099909611333915e-17,1001.9621120657911,1001.9621120657906,1017.3999247568437,1017.3999247568435,-0.5,-0.5,-0.5,-0.5
1,1066,22,after_integrate,1.0659999999999934,1.0649999999999935,0.001,0,0,0.5,0.0,0.0,,2.238638555281503,7.356121556072167e-18,2.4453639996282746e-15,3.600202021422076e-15,0.0,0.0,16.05868220646894,2.238638555281503,-8.549608365386202e-16,381.1412755206924,381.14127552069255,378.55922392476975,378.5592239247699,-0.13041180972575514,0.1304118097257425,0.4569340520127588,-2.3875669180772504e-17,1002.0658862098625,1002.065886209862,1017.5496820254385,1017.5496820254383,-0.5,-0.5,-0.5,-0.5
1,1067,22,after_integrate,1.0669999999999933,1.0659999999999934,0.001,0,0,0.5,0.0,0.0,,2.2431024924119134,7.504236928113407e-18,2.448913981663e-15,3.4963715218565922e-15,0.0,0.0,16.074813638528525,2.243102492411914,-8.576556751898514e-16,381.5665917636436,381.5665917636438,378.97683206000215,378.9768320600023,-0.13043261875011475,0.13043261875011475,0.45692609561960523,-2.8377613251720523e-17,1002.168985630948,1002.1689856309475,1017.6988460770465,1017.6988460770463,-0.5,-0.5,-0.5,-0.5
1,1068,22,after_integrate,1.0679999999999932,1.0669999999999933,0.001,0,0,0.5,0.0,0.0,,2.2475709151486996,7.651744316940431e-18,2.4523790663799784e-15,3.390494528531372e-15,0.0,0.0,16.090944790474513,2.2475709151486996,-8.567156286035358e-16,381.9923201174926,381.9923201174928,379.39483867359786,379.39483867359803,-0.1304535143095268,0.13045351430951418,0.4569181830701807,-5.162717270773223e-17,1002.2714088589735,1002.271408858973,1017.8474139833129,1017.8474139833127,-0.5,-0.5,-0.5,-0.5
1,1069,22,after_integrate,1.068999999999993,1.0679999999999932,0.001,0,0,0.5,0.0,0.0,,2.252043823358294,7.798611958908228e-18,2.4557904124687303e-15,3.410082184021547e-15,0.0,0.0,16.107075663851866,2.2520438233582944,-8.61864349473574e-16,382.4184587093057,382.41845870930587,379.8132421407187,379.8132421407189,-0.13047449515620266,0.13047449515621526,0.4569103141927885,2.6560839924891478e-17,1002.3731549188576,1002.3731549188572,1017.9953832748273,1017.9953832748271,-0.5,-0.5,-0.5,-0.5
1,1070,22,after_integrate,1.069999999999993,1.068999999999993,0.001,0,0,0.5,0.0,0.0,,2.256521216907226,7.944364234034964e-18,2.459206350234276e-15,3.472408703428155e-15,0.0,0.0,16.123206260199424,2.256521216907226,-8.625708593339153e-16,382.845005659601,382.8450056596012,380.23204083597517,380.2320408359753,-0.13049556004368423,0.13049556004367163,0.4569024888124386,-2.436043042251017e-17,1002.4742233169206,1002.4742233169202,1018.1427519278733,1018.1427519278731,-0.5,-0.5,-0.5,-0.5
1,1071,22,after_integrate,1.0709999999999928,1.069999999999993,0.001,0,0,0.5,0.0,0.0,,2.261003095662128,8.090502855980908e-18,2.462629135789781e-15,3.327016941845208e-15,0.0,0.0,16.139336581049786,2.261003095662128,-8.639725503295203e-16,383.271959083601,383.27195908360125,380.65123313462044,380.6512331346206,-0.1305167077266423,0.1305167077266423,0.45689470675064314,-2.3923908487100483e-18,1002.574607997132,1002.5746079971316,1018.289512321033,1018.2895123210328,-0.5,-0.5,-0.5,-0.5
1,1072,22,after_integrate,1.0719999999999927,1.0709999999999928,0.001,0,0,0.5,0.0,0.0,,2.265489459489742,8.235039959378747e-18,2.4659663394360445e-15,3.3819383726966754e-15,0.0,0.0,16.155466627929172,2.2654894594897415,-8.636994101450751e-16,383.69931687753683,383.69931687753706,381.0708171982335,381.07081719823367,-0.13053793696106333,0.13053793696106333,0.45688696782368454,-2.6446605763301094e-18,1002.6740469185239,1002.6740469185235,1018.4354008163207,1018.4354008163205,-0.5,-0.5,-0.5,-0.5
1,1073,22,after_integrate,1.0729999999999926,1.0719999999999927,0.001,0,0,0.5,0.0,0.0,,2.269980308256792,8.379669884999621e-18,2.4692494858323845e-15,3.1571929896790573e-15,0.0,0.0,16.171596402357242,2.269980308256792,-8.666550190558751e-16,384.1270761749958,384.127076174996,381.4907904297054,381.4907904297056,-0.13055924650255127,0.13055924650256387,0.4568792718453359,2.7194772490697233e-17,1002.7724935663583,1002.7724935663579,1018.5803692784906,1018.5803692784901,-0.5,-0.5,-0.5,-0.5
1,1074,22,after_integrate,1.0739999999999925,1.0729999999999926,0.001,0,0,0.5,0.0,0.0,,2.2744756418299303,8.523845660056042e-18,2.4724386578278993e-15,3.1403502858200317e-15,0.0,0.0,16.18772590584704,2.2744756418299303,-8.650426026350145e-16,384.55523424336127,384.5552342433615,381.9111503720311,381.9111503720312,-0.1305806351058312,0.1305806351058438,0.45687161862469655,2.1927252741613715e-18,1002.8699128904149,1002.8699128904144,1018.7243809992779,1018.7243809992776,-0.5,-0.5,-0.5,-0.5
1,1075,22,after_integrate,1.0749999999999924,1.0739999999999925,0.001,0,0,0.5,0.0,0.0,,2.2789754600757632,8.667644630762792e-18,2.475591461660096e-15,3.216183658589786e-15,0.0,0.0,16.20385513990475,2.2789754600757637,-8.653595630178936e-16,384.98378822637477,384.98378822637494,382.331894450122,382.33189445012215,-0.13060210152501148,0.13060210152501148,0.4568640079660333,-2.5158920411997635e-17,1002.9662927182588,1002.9662927182584,1018.8674221151488,1018.8674221151485,-0.5,-0.5,-0.5,-0.5
1,1076,22,after_integrate,1.0759999999999923,1.0749999999999924,0.001,0,0,0.5,0.0,0.0,,2.2834797628608436,8.81521799601861e-18,2.4788182188116917e-15,3.2683782980835693e-15,0.0,0.0,16.219984106029578,2.2834797628608436,-8.691470396983087e-16,385.41273524846173,385.4127352484619,382.7530200753697,382.7530200753698,-0.13062364451348676,0.13062364451348676,0.45685643966830186,9.059033025599423e-19,1003.0616284403496,1003.0616284403492,1019.0094862910049,1019.0094862910047,-0.5,-0.5,-0.5,-0.5
1,1077,22,after_integrate,1.0769999999999922,1.0759999999999923,0.001,0,0,0.5,0.0,0.0,,2.2879885500516774,8.962592854589162e-18,2.4820899789091632e-15,3.215513134685312e-15,0.0,0.0,16.23611280571354,2.2879885500516774,-8.680332372537046e-16,385.8420724241066,385.84207242410685,383.17452465499935,383.17452465499946,-0.13064526282409908,0.13064526282409908,0.45684891352488766,-3.1411268880810026e-17,1003.1559202880177,1003.1559202880172,1019.1505719982871,1019.1505719982869,-0.5,-0.5,-0.5,-0.5
1,1078,22,after_integrate,1.077999999999992,1.0769999999999922,0.001,0,0,0.5,0.0,0.0,,2.292501821514733,9.110142901854198e-18,2.485264347830818e-15,3.2060545669328903e-15,0.0,0.0,16.252241240441222,2.2925018215147324,-8.7121029250651e-16,386.2717968663156,386.27179686631575,383.5964056005103,383.5964056005105,-0.13066695520916438,0.130666955209177,0.4568414293234207,3.217682649779687e-17,1003.2491709359218,1003.2491709359214,1019.2906801175791,1019.2906801175789,-0.5,-0.5,-0.5,-0.5
1,1079,22,after_integrate,1.078999999999992,1.077999999999992,0.001,0,0,0.5,0.0,0.0,,2.297019577116451,9.261412827312725e-18,2.4885351164323447e-15,3.2458738648988847e-15,0.0,0.0,16.268369411689637,2.297019577116451,-8.698610044170845e-16,386.7019056915744,386.7019056915746,384.01866033260404,384.0186603326042,-0.130688720420674,0.13068872042066135,0.4568339868456739,-2.3453326259390233e-17,1003.3413843241846,1003.3413843241841,1019.4298127609275,1019.4298127609272,-0.5,-0.5,-0.5,-0.5
1,1080,22,after_integrate,1.0799999999999919,1.078999999999992,0.001,0,0,0.5,0.0,0.0,,2.301541816723257,9.413337632024131e-18,2.49176604794029e-15,3.2845909906765956e-15,0.0,0.0,16.284497320927983,2.301541816723257,-8.735471255205402e-16,387.13239602274245,387.1323960227427,384.44128628404445,384.44128628404457,-0.1307105572103212,0.1307105572103212,0.4568265858675258,-2.5982725936456545e-17,1003.4325651904426,1003.4325651904421,1019.5679728041007,1019.5679728041005,-0.5,-0.5,-0.5,-0.5
1,1081,22,after_integrate,1.0809999999999917,1.0799999999999919,0.001,0,0,0.5,0.0,0.0,,2.3060685402015677,9.56523284422412e-18,2.495060364956318e-15,3.2429752482484217e-15,0.0,0.0,16.300624969617434,2.3060685402015673,-8.741516228295061e-16,387.5632649910423,387.56326499104244,384.8642809016109,384.8642809016111,-0.1307324643296912,0.1307324643297038,0.45681922615899095,2.881648111315466e-17,1003.5227189025434,1003.5227189025429,1019.7051637195146,1019.7051637195142,-0.5,-0.5,-0.5,-0.5
1,1082,22,after_integrate,1.0819999999999916,1.0809999999999917,0.001,0,0,0.5,0.0,0.0,,2.310599747417807,9.718399875865237e-18,2.498311298288151e-15,3.2971074238130267e-15,0.0,0.0,16.316752359210952,2.310599747417807,-8.745903342684653e-16,387.9945097376946,387.99450973769484,385.28764164769706,385.28764164769717,-0.1307544405303743,0.13075444053038696,0.4568119074842976,3.999301024874528e-18,1003.6118513972535,1003.6118513972531,1019.841389515159,1019.8413895151588,-0.5,-0.5,-0.5,-0.5
1,1083,22,after_integrate,1.0829999999999915,1.0819999999999916,0.001,0,0,0.5,0.0,0.0,,2.3151354382384137,9.872978567811277e-18,2.5016199296596616e-15,3.370772780011159e-15,0.0,0.0,16.332879491153054,2.3151354382384137,-8.753407144907917e-16,388.4261274154106,388.4261274154108,385.7113660017635,385.7113660017636,-0.13077648456399185,0.13077648456400448,0.4568046296020296,1.2068505414659161e-18,1003.6999691509576,1003.6999691509571,1019.9766547055494,1019.9766547055492,-0.5,-0.5,-0.5,-0.5
1,1084,22,after_integrate,1.0839999999999914,1.0829999999999915,0.001,0,0,0.5,0.0,0.0,,2.3196756125298554,1.0030729453607537e-17,2.5050068688736536e-15,3.2793273829791526e-15,0.0,0.0,16.34900636687966,2.319675612529855,-8.757174589896658e-16,388.8581151898073,388.85811518980745,386.1354514617139,386.1354514617141,-0.13079859518240966,0.13079859518240966,0.45679739226527805,2.7534812288102157e-18,1003.7870791583446,1003.7870791583441,1020.1109642906507,1020.1109642906503,-0.5,-0.5,-0.5,-0.5
1,1085,22,after_integrate,1.0849999999999913,1.0839999999999914,0.001,0,0,0.5,0.0,0.0,,2.324220270158638,1.018851080039723e-17,2.5082851214554922e-15,3.3484695021017852e-15,0.0,0.0,16.365132987817848,2.3242202701586385,-8.77476077971394e-16,389.29047024076846,389.2904702407687,386.5598955452127,386.55989554521284,-0.13082077113776233,0.13082077113776233,0.4567901952218619,-3.8857570248898993e-17,1003.8731889126066,1003.8731889126061,1020.2443237363419,1020.2443237363417,-0.5,-0.5,-0.5,-0.5
1,1086,22,after_integrate,1.0859999999999912,1.0849999999999913,0.001,0,0,0.5,0.0,0.0,,2.3287694109913186,1.0345867448400985e-17,2.511540696174302e-15,3.1861651633314144e-15,0.0,0.0,16.38125935538574,2.3287694109913186,-8.794951861411857e-16,389.7231897637524,389.7231897637526,386.9846957909465,386.98469579094666,-0.13084301118259106,0.13084301118259103,0.4567830382145661,-1.8048780783840893e-17,1003.9583063857486,1003.9583063857482,1020.3767389550122,1020.376738955012,-0.5,-0.5,-0.5,-0.5
1,1087,22,after_integrate,1.086999999999991,1.0859999999999912,0.001,0,0,0.5,0.0,0.0,,2.333323034894517,1.0504514224227835e-17,2.5147557335163454e-15,3.1979258616061277e-15,0.0,0.0,16.39738547099225,2.333323034894517,-8.806514693110244e-16,390.15627097104937,390.1562709710496,387.4098497598334,387.4098497598335,-0.13086531406992988,0.13086531406992988,0.45677592098140607,-2.6750895843300858e-17,1004.042440008967,1004.0424400089665,1020.5082162862354,1020.5082162862352,-0.5,-0.5,-0.5,-0.5
1,1088,22,after_integrate,1.087999999999991,1.086999999999991,0.001,0,0,0.5,0.0,0.0,,2.337881141734927,1.0663578954684906e-17,2.5179672800170582e-15,3.217200611183899e-15,0.0,0.0,16.413511336036986,2.337881141734927,-8.824230181034857e-16,390.58971109298864,390.58971109298886,387.83535503617577,387.8353550361759,-0.13088767855340494,0.13088767855339228,0.45676884325591943,-1.6267173648667006e-17,1004.1255986531002,1004.1255986530997,1020.638762477551,1020.6387624775508,-0.5,-0.5,-0.5,-0.5
1,1089,22,after_integrate,1.0889999999999909,1.087999999999991,0.001,0,0,0.5,0.0,0.0,,2.342443731379329,1.0822310912576404e-17,2.5211304539611833e-15,3.0936343498194887e-15,0.0,0.0,16.42963695191007,2.3424437313793285,-8.854573488549684e-16,391.02350737909524,391.0235073790954,388.26120922876026,388.26120922876044,-0.13091010338728246,0.13091010338728246,0.45676180476747746,-2.4366200783744858e-17,1004.2077916093593,1004.2077916093589,1020.7683846655443,1020.7683846655441,-0.5,-0.5,-0.5,-0.5
1,1090,22,after_integrate,1.0899999999999908,1.0889999999999909,0.001,0,0,0.5,0.0,0.0,,2.3470108036946025,1.0980485795249185e-17,2.524247081070834e-15,3.210721681588462e-15,0.0,0.0,16.445762319991985,2.3470108036946025,-8.854074787725574e-16,391.4576570991983,391.4576570991985,388.6874099719037,388.68740997190383,-0.13093258732664273,0.1309325873266301,0.45675480524161105,-5.1577321119001616e-17,1004.2890285702119,1004.2890285702115,1020.8970903571088,1020.8970903571086,-0.5,-0.5,-0.5,-0.5
1,1091,22,after_integrate,1.0909999999999906,1.0899999999999908,0.001,0,0,0.5,0.0,0.0,,2.351582358547738,1.114162537811553e-17,2.5274110250955358e-15,3.0611684499971624e-15,0.0,0.0,16.461887441653467,2.351582358547738,-8.889772983591226e-16,391.89215754448975,391.89215754449,389.113954926445,389.1139549264451,-0.13095512912736443,0.13095512912736443,0.4567478444003519,5.230327989726076e-18,1004.3693196105547,1004.3693196105543,1021.0248874110248,1021.0248874110246,-0.5,-0.5,-0.5,-0.5
1,1092,22,after_integrate,1.0919999999999905,1.0909999999999906,0.001,0,0,0.5,0.0,0.0,,2.356158395805848,1.1301988448618758e-17,2.5304845780576048e-15,3.0420557420438293e-15,0.0,0.0,16.47801231825538,2.356158395805848,-8.880031236741306e-16,392.3270060285363,392.3270060285365,389.5408417806842,389.54084178068433,-0.13097772754629872,0.1309777275462861,0.45674092196258714,-4.7660071677033156e-17,1004.4486751691386,1004.4486751691381,1021.1517840198317,1021.1517840198314,-0.5,-0.5,-0.5,-0.5
1,1093,22,after_integrate,1.0929999999999904,1.0919999999999905,0.001,0,0,0.5,0.0,0.0,,2.3607389153361837,1.1463726684338437e-17,2.5335312157886165e-15,3.0825972564757053e-15,0.0,0.0,16.494136951148622,2.3607389153361837,-8.918985225244243e-16,392.762199888243,392.7621998882432,389.96806825126987,389.96806825127004,-0.13100038134125216,0.13100038134126477,0.45673403764441894,3.4855772643869233e-19,1004.527106030239,1004.5271060302385,1021.2777886919578,1021.2777886919575,-0.5,-0.5,-0.5,-0.5
1,1094,22,after_integrate,1.0939999999999903,1.0929999999999904,0.001,0,0,0.5,0.0,0.0,,2.3653239170061418,1.1626938306778781e-17,2.536627109268205e-15,3.047524696627139e-15,0.0,0.0,16.510261341674,2.3653239170061418,-8.926120265846854e-16,393.1977364847719,393.1977364847721,390.3956320840335,390.3956320840336,-0.13102308927118608,0.13102308927118608,0.45672719115952537,-1.456742851928255e-18,1004.604623305652,1004.6046233056516,1021.4029102342305,1021.4029102342303,-0.5,-0.5,-0.5,-0.5
1,1095,22,after_integrate,1.0949999999999902,1.0939999999999903,0.001,0,0,0.5,0.0,0.0,,2.369913400683282,1.1791994773298718e-17,2.539630631339379e-15,3.0404842014153262e-15,0.0,0.0,16.52638549116218,2.369913400683282,-8.93336220219078e-16,393.63361320441373,393.6336132044139,390.8235310547731,390.8235310547733,-0.13104585009617417,0.13104585009617417,0.4567203822195362,-2.8668594728340894e-17,1004.681238416882,1004.6812384168816,1021.5271577345911,1021.5271577345909,-0.5,-0.5,-0.5,-0.5
1,1096,22,after_integrate,1.09599999999999,1.0949999999999902,0.001,0,0,0.5,0.0,0.0,,2.374507366235338,1.1959564518741545e-17,2.542690688607334e-15,3.050027983676852e-15,0.0,0.0,16.542509400933625,2.374507366235338,-8.949329832847592e-16,394.06982745941593,394.06982745941616,391.2517629699871,391.2517629699872,-0.13106866257753721,0.13106866257754984,0.45671361053440623,2.6782758395899448e-17,1004.7569630776982,1004.7569630776977,1021.650540545231,1021.6505405452308,-0.5,-0.5,-0.5,-0.5
1,1097,22,after_integrate,1.09699999999999,1.09599999999999,0.001,0,0,0.5,0.0,0.0,,2.37910581353023,1.2128679193769585e-17,2.5457480711362196e-15,3.0088215307278508e-15,0.0,0.0,16.558633072298512,2.3791058135302294,-8.96019100222704e-16,394.5063766887659,394.5063766887661,391.6803256675569,391.68032566755704,-0.1310915254779406,0.1310915254779406,0.45670687581278174,-2.476767155237696e-17,1004.8318092769117,1004.8318092769113,1021.7730682659677,1021.7730682659675,-0.5,-0.5,-0.5,-0.5
1,1098,22,after_integrate,1.0979999999999899,1.09699999999999,0.001,0,0,0.5,0.0,0.0,,2.383708742436078,1.2300220773968042e-17,2.548767895511922e-15,3.0786313918605176e-15,0.0,0.0,16.574756506556728,2.383708742436078,-8.96779852384431e-16,394.943258358931,394.94325835893125,392.109217017382,392.1092170173821,-0.1311144375613891,0.1311144375613891,0.45670017776237054,-2.3297257436982674e-17,1004.9057892614741,1004.9057892614736,1021.8947507279844,1021.8947507279842,-0.5,-0.5,-0.5,-0.5
1,1099,22,after_integrate,1.0989999999999898,1.0979999999999899,0.001,0,0,0.5,0.0,0.0,,2.388316152821216,1.2472465386276764e-17,2.5518538842998902e-15,3.0879209343560545e-15,0.0,0.0,16.59087970499783,2.388316152821216,-8.991590530466015e-16,395.38046996455694,395.38046996455716,392.5384349219657,392.5384349219658,-0.13113739759337473,0.13113739759337473,0.4566935160903231,-2.6864414484845122e-17,1004.9789155198454,1004.9789155198449,1022.0155979778742,1022.015597977874,-0.5,-0.5,-0.5,-0.5
1,1100,22,after_integrate,1.0999999999999897,1.0989999999999898,0.001,0,0,0.5,0.0,0.0,,2.3929280445542025,1.2645943362140292e-17,2.5548950344172017e-15,3.005066597476232e-15,0.0,0.0,16.607002668901,2.3929280445542025,-9.00905649327351e-16,395.818009029123,395.8180090291232,392.96797731695443,392.96797731695455,-0.1311604043409095,0.1311604043409095,0.4566868905035811,-2.5786638268806937e-17,1005.0512007656979,1005.0512007656974,1022.1356202620445,1022.1356202620443,-0.5,-0.5,-0.5,-0.5
1,1101,23,after_integrate,1.1009999999999895,1.0999999999999897,0.001,0,0,0.5,0.0,0.0,,2.3975444175038376,1.2820510382565392e-17,2.5579174982585237e-15,2.978273600671246e-15,0.0,0.0,16.623125399535105,2.397544417503838,-9.028972381580154e-16,396.2558731055579,396.2558731055581,393.39784217162946,393.3978421716296,-0.13118345657260938,0.13118345657260938,0.4566803007092405,-2.31033911530356e-17,1005.1226579218711,1005.1226579218707,1022.2548280114208,1022.2548280114206,-0.5,-0.5,-0.5,-0.5
1,1102,23,after_integrate,1.1019999999999894,1.1009999999999895,0.001,0,0,0.5,0.0,0.0,,2.402165271539172,1.2995855726880963e-17,2.560906600599085e-15,3.051472403058504e-15,0.0,0.0,16.639247898158658,2.402165271539172,-9.042933232419493e-16,396.69405977681464,396.69405977681487,393.82802748935444,393.82802748935455,-0.13120655305875303,0.13120655305875303,0.45667374641492026,-8.764583565226399e-19,1005.1933001046408,1005.1933001046403,1022.3732318264814,1022.3732318264812,-0.5,-0.5,-0.5,-0.5
1,1103,23,after_integrate,1.1029999999999893,1.1019999999999894,0.001,0,0,0.5,0.0,0.0,,2.4067906065295226,1.3172682951813459e-17,2.5639573382876863e-15,3.0442042092057434e-15,0.0,0.0,16.65537016601987,2.4067906065295226,-9.047950659218886e-16,397.1325666564066,397.1325666564068,394.2585313079763,394.2585313079764,-0.13122969257135245,0.13122969257133982,0.4566672273290791,-4.558047280559472e-17,1005.2631406083351,1005.2631406083347,1022.4908424626877,1022.4908424626875,-0.5,-0.5,-0.5,-0.5
1,1104,23,after_integrate,1.1039999999999892,1.1029999999999893,0.001,0,0,0.5,0.0,0.0,,2.411420422344487,1.3349607369686408e-17,2.5670018446242014e-15,2.9818050215370213e-15,0.0,0.0,16.671492204356664,2.411420422344487,-9.075763552990295e-16,397.57139138890454,397.5713913889047,394.6893517001843,394.68935170018443,-0.13125287388423712,0.13125287388423712,0.45666074316138033,-2.3789928956668487e-17,1005.3321928902084,1005.3321928902079,1022.6076708161885,1022.6076708161883,-0.5,-0.5,-0.5,-0.5
1,1105,23,after_integrate,1.104999999999989,1.1039999999999892,0.001,0,0,0.5,0.0,0.0,,2.4160547188539536,1.352657954665533e-17,2.5699940016669115e-15,3.062203572326589e-15,0.0,0.0,16.687614014396747,2.4160547188539536,-9.09680022702981e-16,398.0105316503967,398.0105316503969,395.12048677382495,395.12048677382506,-0.13127609577311167,0.13127609577311167,0.4566542936241696,-2.198216149872586e-17,1005.4006475786427,1005.4006475786423,1022.7239049328978,1022.7239049328975,-0.5,-0.5,-0.5,-0.5
1,1106,23,after_integrate,1.105999999999989,1.104999999999989,0.001,0,0,0.5,0.0,0.0,,2.4206934959281794,1.370619356336268e-17,2.573116417090122e-15,3.150307556887818e-15,0.0,0.0,16.703735597357692,2.4206934959281794,-9.098579560057215e-16,398.44998552859875,398.4499855285989,395.5519350533886,395.5519350533888,-0.13129935701635154,0.1312993570163389,0.45664787842391913,-5.787783174081987e-17,1005.4675025460937,1005.4675025460932,1022.838540073224,1022.8385400732237,-0.5,-0.5,-0.5,-0.5
1,1107,23,after_integrate,1.1069999999999889,1.105999999999989,0.001,0,0,0.5,0.0,0.0,,2.425336753437457,1.3886834575069454e-17,2.5762081364062306e-15,3.0288897317220883e-15,0.0,0.0,16.719856954446584,2.4253367534374566,-9.145730253273556e-16,398.889746699879,398.88974669987925,395.9836906444935,395.9836906444936,-0.131322656390973,0.131322656390973,0.45664149727553605,-2.3593503955815612e-17,1005.5326845622105,1005.5326845622101,1022.9515004400517,1022.9515004400515,-0.5,-0.5,-0.5,-0.5
1,1108,23,after_integrate,1.1079999999999888,1.1069999999999889,0.001,0,0,0.5,0.0,0.0,,2.4299844912516213,1.4067276077708954e-17,2.5792570355847074e-15,3.09912426860312e-15,0.0,0.0,16.735978086860715,2.4299844912516213,-9.155777814572148e-16,399.3298113944933,399.32981139449345,396.4157502168524,396.41575021685253,-0.13134599266742109,0.13134599266740846,0.45663514989490744,-1.7706626304495287e-17,1005.5964754311536,1005.5964754311532,1023.063065210227,1023.0630652102268,-0.5,-0.5,-0.5,-0.5
1,1109,23,after_integrate,1.1089999999999887,1.1079999999999888,0.001,0,0,0.5,0.0,0.0,,2.43463670924065,1.424833686912457e-17,2.58240626841902e-15,3.1630279482491157e-15,0.0,0.0,16.752098995787193,2.43463670924065,-9.17651285560346e-16,399.77017560718923,399.77017560718946,396.8481102073103,396.8481102073104,-0.13136936461652865,0.13136936461651602,0.456628835996118,-4.868422450901947e-17,1005.658888671158,1005.6588886711576,1023.1732452592967,1023.1732452592964,-0.5,-0.5,-0.5,-0.5
1,1110,23,after_integrate,1.1099999999999886,1.1089999999999887,0.001,0,0,0.5,0.0,0.0,,2.4392934072745067,1.4429388955231055e-17,2.5855646541088555e-15,3.170270998662803e-15,0.0,0.0,16.768219682403064,2.4392934072745067,-9.198898712436545e-16,400.2108354210333,400.2108354210335,397.2807671444572,397.28076714445734,-0.1313927710077929,0.13139277100780553,0.4566225552927732,2.2306519376822352e-17,1005.719950870925,1005.7199508709245,1023.2820645132061,1023.2820645132059,-0.5,-0.5,-0.5,-0.5
1,1111,23,after_integrate,1.1109999999999884,1.1099999999999886,0.001,0,0,0.5,0.0,0.0,,2.4439545852231914,1.4609183441811594e-17,2.5886814558288856e-15,3.0817018317654502e-15,0.0,0.0,16.784340147875227,2.4439545852231914,-9.20806394695011e-16,400.65178693857496,400.6517869385751,397.7137175794654,397.71371757946554,-0.13141621061010864,0.13141621061012126,0.45661630749773485,1.1856442428240121e-17,1005.7796728280111,1005.7796728280107,1023.3895310886563,1023.3895310886561,-0.5,-0.5,-0.5,-0.5
1,1112,23,after_integrate,1.1119999999999883,1.1109999999999884,0.001,0,0,0.5,0.0,0.0,,2.448620242956749,1.4788282782343912e-17,2.591683746065085e-15,2.95582222211592e-15,0.0,0.0,16.800460393360428,2.448620242956749,-9.19910517556853e-16,401.09302626912233,401.09302626912256,398.1469580732358,398.146958073236,-0.13143968219182253,0.13143968219182253,0.45661009232310296,-2.5780983838453342e-17,1005.8380550737305,1005.8380550737301,1023.4956428187761,1023.4956428187757,-0.5,-0.5,-0.5,-0.5
1,1113,23,after_integrate,1.1129999999999882,1.1119999999999883,0.001,0,0,0.5,0.0,0.0,,2.4532903803452744,1.497076318350117e-17,2.594675408311466e-15,2.9630373346663527e-15,0.0,0.0,16.816580420005234,2.4532903803452744,-9.225787694680132e-16,401.53454951404694,401.5345495140471,398.5804851815707,398.5804851815709,-0.13146318452093922,0.13146318452093922,0.4566039094802372,-2.6230806799705275e-17,1005.8950941531172,1005.8950941531167,1023.6003935338769,1023.6003935338764,-0.5,-0.5,-0.5,-0.5
1,1114,23,after_integrate,1.113999999999988,1.1129999999999882,0.001,0,0,0.5,0.0,0.0,,2.4579649972589213,1.5153460329651167e-17,2.597645719673887e-15,2.974947508554026e-15,0.0,0.0,16.832700228946006,2.457964997258921,-9.247957293359102e-16,401.97635276058276,401.9763527605829,399.01429544887054,399.01429544887077,-0.13148671636527595,0.13148671636527595,0.45659775867981495,4.333746141108514e-18,1005.9507858422811,1005.9507858422807,1023.7037762794309,1023.7037762794305,-0.5,-0.5,-0.5,-0.5
1,1115,23,after_integrate,1.114999999999988,1.113999999999988,0.001,0,0,0.5,0.0,0.0,,2.4626440935679046,1.5337661922013637e-17,2.600621465620827e-15,2.98453040731498e-15,0.0,0.0,16.84881982130887,2.4626440935679046,-9.24292005874164e-16,402.41843208105144,402.4184320810516,399.44838540727505,399.4483854072752,-0.13151027649255187,0.13151027649255187,0.45659163963187066,2.124328984049871e-18,1006.0051264017177,1006.0051264017172,1023.8057845698828,1023.8057845698823,-0.5,-0.5,-0.5,-0.5
1,1116,23,after_integrate,1.115999999999988,1.114999999999988,0.001,0,0,0.5,0.0,0.0,,2.4673276691425094,1.5524615952647327e-17,2.603654619070265e-15,3.0572500817471302e-15,0.0,0.0,16.86493919820971,2.467327669142509,-9.23986210320849e-16,402.8607835344243,402.8607835344245,399.88275157815025,399.8827515781504,-0.1315338636705146,0.1315338636705146,0.4565855520458903,-2.075676293486823e-18,1006.0581129690974,1006.0581129690969,1023.9064127818923,1023.9064127818918,-0.5,-0.5,-0.5,-0.5
1,1117,23,after_integrate,1.1169999999999878,1.115999999999988,0.001,0,0,0.5,0.0,0.0,,2.4720157238530938,1.5711703778279174e-17,2.606653633222116e-15,2.9216813956736493e-15,0.0,0.0,16.88105836075413,2.4720157238530938,-9.266790266188884e-16,403.30340316867006,403.3034031686702,400.3173904743669,400.3173904743671,-0.1315574766670669,0.1315574766670669,0.4565794956309115,-2.4350654060889778e-17,1006.1097436452836,1006.1097436452834,1024.005656240771,1024.0056562407706,-0.5,-0.5,-0.5,-0.5
1,1118,23,after_integrate,1.1179999999999877,1.1169999999999878,0.001,0,0,0.5,0.0,0.0,,2.4767082575700954,1.589774002643213e-17,2.6095445660296313e-15,2.9238228798268546e-15,0.0,0.0,16.897177310037456,2.4767082575700954,-9.29652410234314e-16,403.74628702328647,403.7462870232866,400.752298602765,400.75229860276517,-0.13158111425036814,0.1315811142503555,0.4565734700956394,-1.7683374667022312e-17,1006.1600174891968,1006.1600174891965,1024.1035112157529,1024.1035112157524,-0.5,-0.5,-0.5,-0.5
1,1119,23,after_integrate,1.1189999999999876,1.1179999999999877,0.001,0,0,0.5,0.0,0.0,,2.4814052701640392,1.608281814828255e-17,2.6124710617870538e-15,2.89409214450897e-15,0.0,0.0,16.913296047144733,2.4814052701640392,-9.287267294068776e-16,404.18943113181973,404.18943113181984,401.1874724666072,401.1874724666074,-0.1316047751889482,0.1316047751889482,0.4565674751485946,-2.4355000771023164e-17,1006.2089344914419,1006.2089344914417,1024.1999748940195,1024.199974894019,-0.5,-0.5,-0.5,-0.5
1,1120,23,after_integrate,1.1199999999999875,1.1189999999999876,0.001,0,0,0.5,0.0,0.0,,2.4861067615055417,1.6267672208479972e-17,2.6153741301731374e-15,2.9172461620123902e-15,0.0,0.0,16.929414573150698,2.4861067615055417,-9.309956961126634e-16,404.63283152431984,404.63283152431995,401.62290856796994,401.62290856797017,-0.13162845825185948,0.13162845825185948,0.45656151049827437,-2.90414680010566e-17,1006.2564955452634,1006.2564955452632,1024.2950453520414,1024.295045352041,-0.5,-0.5,-0.5,-0.5
1,1121,23,after_integrate,1.1209999999999873,1.1199999999999875,0.001,0,0,0.5,0.0,0.0,,2.4908127314653195,1.6454040009871825e-17,2.6182989146218802e-15,2.909396845294445e-15,0.0,0.0,16.945532889119782,2.4908127314653195,-9.335941694264818e-16,405.07648422972323,405.07648422972335,402.0586034100622,402.0586034100624,-0.13165216220875292,0.13165216220875292,0.45655557585332535,-6.303541690486029e-18,1006.3027024183812,1006.3027024183809,1024.3887215278025,1024.388721527802,-0.5,-0.5,-0.5,-0.5
1,1122,23,after_integrate,1.1219999999999872,1.1209999999999873,0.001,0,0,0.5,0.0,0.0,,2.4955231799141977,1.6639480892580197e-17,2.621151958284566e-15,2.8312990052711073e-15,0.0,0.0,16.96165099610616,2.4955231799141977,-9.340121065667061e-16,405.5203852781626,405.5203852781628,402.49455349947146,402.49455349947175,-0.13167588583001713,0.13167588583001713,0.4565496709227367,-2.6657851729336578e-17,1006.3475577256166,1006.3475577256164,1024.4810031938064,1024.481003193806,-0.5,-0.5,-0.5,-0.5
1,1123,23,after_integrate,1.1229999999999871,1.1219999999999872,0.001,0,0,0.5,0.0,0.0,,2.500238106723115,1.6827082733079018e-17,2.624005799793459e-15,2.8425149097331942e-15,0.0,0.0,16.977768895153716,2.5002381067231156,-9.360841219540474e-16,405.96453070320507,405.96453070320524,402.93075534833855,402.9307553483388,-0.13169962788686737,0.13169962788688,0.4565437954160406,-7.165736583497425e-18,1006.391064902201,1006.3910649022008,1024.571890930775,1024.5718909307745,-0.5,-0.5,-0.5,-0.5
1,1124,23,after_integrate,1.123999999999987,1.1229999999999871,0.001,0,0,0.5,0.0,0.0,,2.5049575117631337,1.701437387975341e-17,2.626801975307047e-15,2.7732051173194428e-15,0.0,0.0,16.993886587296096,2.504957511763134,-9.370012400045782e-16,406.4089165440203,406.4089165440204,403.3672054764617,403.367205476462,-0.13172338715152174,0.13172338715152174,0.4565379490435226,-3.8693837674508275e-19,1006.4332281773234,1006.4332281773231,1024.6613861015728,1024.6613861015724,-0.5,-0.5,-0.5,-0.5
1,1125,23,after_integrate,1.124999999999987,1.123999999999987,0.001,0,0,0.5,0.0,0.0,,2.509681394905449,1.720576044764549e-17,2.6296349204028606e-15,2.8593436575147917e-15,0.0,0.0,17.010004073556733,2.509681394905449,-9.370725733093867e-16,406.85353884747974,406.8535388474799,403.8039004133312,403.80390041333146,-0.13174716239721418,0.13174716239720158,0.45653213151644706,-4.85438369507425e-17,1006.4740525479718,1006.4740525479716,1024.749490825446,1024.7494908254455,-0.5,-0.5,-0.5,-0.5
1,1126,23,after_integrate,1.1259999999999868,1.124999999999987,0.001,0,0,0.5,0.0,0.0,,2.514409756021394,1.7398904645717326e-17,2.6324901313646472e-15,2.864026147832043e-15,0.0,0.0,17.02612135494886,2.514409756021394,-9.423599632252998e-16,407.29839367018684,407.29839367018695,404.24083670009384,404.2408367000941,-0.1317709523983961,0.1317709523983961,0.45652634254727736,6.7682082895271885e-19,1006.5135437530035,1006.5135437530033,1024.8362079524832,1024.8362079524827,-0.5,-0.5,-0.5,-0.5
1,1127,23,after_integrate,1.1269999999999867,1.1259999999999868,0.001,0,0,0.5,0.0,0.0,,2.519142594982454,1.7591032125005467e-17,2.6353081202874717e-15,2.6889803565923206e-15,0.0,0.0,17.04223843247561,2.519142594982454,-9.426710353748095e-16,407.7434770804396,407.7434770804398,404.6780108914487,404.678010891449,-0.13179475593079928,0.13179475593081189,0.4565205818499259,2.144325501243297e-17,1006.5517082473941,1006.5517082473939,1024.9215410382685,1024.921541038268,-0.5,-0.5,-0.5,-0.5
1,1128,23,after_integrate,1.1279999999999866,1.1269999999999867,0.001,0,0,0.5,0.0,0.0,,2.5238799116602713,1.778391502937573e-17,2.6380130979316874e-15,2.8212928370699497e-15,0.0,0.0,17.058355307130036,2.5238799116602713,-9.409469037059605e-16,408.18878516012563,408.1887851601258,405.11541955747384,405.1154195574741,-0.1318185717715863,0.1318185717715863,0.45651484913997253,-2.73017172722033e-17,1006.5885531767632,1006.588553176763,1025.0054943188175,1025.005494318817,-0.5,-0.5,-0.5,-0.5
1,1129,23,after_integrate,1.1289999999999865,1.1279999999999866,0.001,0,0,0.5,0.0,0.0,,2.5286217059266587,1.7977531820741604e-17,2.6407912392965355e-15,2.7320601039202195e-15,0.0,0.0,17.074471979895147,2.5286217059266587,-9.442482511732768e-16,408.63431400655094,408.63431400655105,405.55305928538496,405.5530592853852,-0.13184239869938824,0.13184239869938824,0.45650914413492194,-2.2711400257047917e-17,1006.6240863521397,1006.6240863521394,1025.0880726857658,1025.0880726857654,-0.5,-0.5,-0.5,-0.5
1,1130,23,after_integrate,1.1299999999999863,1.1289999999999865,0.001,0,0,0.5,0.0,0.0,,2.5333679776536058,1.8171181188526385e-17,2.6435395809836512e-15,2.7374634074523965e-15,0.0,0.0,17.090588451744043,2.5333679776536058,-9.438888677577657e-16,409.08005973420256,409.0800597342027,405.990926681226,405.99092668122626,-0.1318662354944674,0.1318662354944674,0.45650346655444085,-2.824386431652256e-17,1006.6583162249799,1006.6583162249797,1025.1692816618183,1025.1692816618179,-0.5,-0.5,-0.5,-0.5
1,1131,23,after_integrate,1.1309999999999862,1.1299999999999863,0.001,0,0,0.5,0.0,0.0,,2.538118726713292,1.8365518443145723e-17,2.6462323482341234e-15,2.673260761843508e-15,0.0,0.0,17.106704723639965,2.538118726713292,-9.464089614282213e-16,409.52601847644627,409.5260184764464,406.4290183714928,406.42901837149304,-0.13189008093879193,0.13189008093879193,0.45649781612059936,-3.3358548255971615e-17,1006.691251862416,1006.6912518624158,1025.249127376443,1025.2491273764426,-0.5,-0.5,-0.5,-0.5
1,1132,23,after_integrate,1.1319999999999861,1.1309999999999862,0.001,0,0,0.5,0.0,0.0,,2.5428739529780957,1.8560558214473576e-17,2.648873573163235e-15,2.603224558679945e-15,0.0,0.0,17.122820796536352,2.5428739529780957,-9.485284239809573e-16,409.97218638716055,409.97218638716066,406.86733100468985,406.86733100469013,-0.131913933816148,0.13191393381616062,0.4564921925581242,-3.775077838261792e-18,1006.7229029228547,1006.7229029228545,1025.3276165419327,1025.3276165419322,-0.5,-0.5,-0.5,-0.5
1,1133,23,after_integrate,1.132999999999986,1.1319999999999861,0.001,0,0,0.5,0.0,0.0,,2.547633656320605,1.8757123605205036e-17,2.651502335358158e-15,2.676007117165918e-15,0.0,0.0,17.138936671377007,2.547633656320605,-9.505139949352967e-16,410.41855964230587,410.41855964230604,407.3058612528215,407.3058612528218,-0.13193779291225177,0.13193779291225177,0.4564865955946295,-1.2269396417846947e-18,1006.7532796317837,1006.7532796317835,1025.4047564296802,1025.4047564296798,-0.5,-0.5,-0.5,-0.5
1,1134,23,after_integrate,1.133999999999986,1.132999999999986,0.001,0,0,0.5,0.0,0.0,,2.5523978366136286,1.8955755576364652e-17,2.654176719229555e-15,2.576759823546874e-15,0.0,0.0,17.155052349096145,2.552397836613629,-9.502451004744565e-16,410.8651344414326,410.8651344414327,407.7446058128172,407.7446058128175,-0.13196165701479823,0.13196165701479823,0.4564810249608699,-2.3540822948111722e-17,1006.7823927579263,1006.7823927579261,1025.4805548468262,1025.4805548468257,-0.5,-0.5,-0.5,-0.5
1,1135,23,after_integrate,1.1349999999999858,1.133999999999986,0.001,0,0,0.5,0.0,0.0,,2.5571664937302088,1.9155292774027525e-17,2.656762448294105e-15,2.6567491171324683e-15,0.0,0.0,17.171167830618533,2.557166493730209,-9.523374837955197e-16,411.3119070091258,411.3119070091259,408.18356140789246,408.1835614078927,-0.13198552491361032,0.13198552491361032,0.4564754803909644,-5.938443820979543e-18,1006.8102535896509,1006.8102535896506,1025.5550201131757,1025.5550201131753,-0.5,-0.5,-0.5,-0.5
1,1136,23,after_integrate,1.1359999999999857,1.1349999999999858,0.001,0,0,0.5,0.0,0.0,,2.56193962754363,1.9355618850938443e-17,2.6593650282737126e-15,2.564005900618401e-15,0.0,0.0,17.18728311685963,2.56193962754363,-9.525238350471175e-16,411.75887359639046,411.7588735963906,408.62272478884597,408.6227247888463,-0.13200939540070006,0.13200939540068743,0.4564699616226438,-4.984405272367546e-17,1006.8368739117457,1006.8368739117454,1025.628161038494,1025.6281610384935,-0.5,-0.5,-0.5,-0.5
1,1137,23,after_integrate,1.1369999999999856,1.1359999999999857,0.001,0,0,0.5,0.0,0.0,,2.5667172379274326,1.9560105092427822e-17,2.6619421260376053e-15,2.565830284167273e-15,0.0,0.0,17.20339820872565,2.566717237927433,-9.562903131897679e-16,412.20603048197563,412.20603048197574,409.06209273529396,409.0620927352943,-0.13203326727036682,0.13203326727036682,0.45646446839746824,-5.8292735988624076e-18,1006.8622659824341,1006.8622659824339,1025.699986900065,1025.6999869000645,-0.5,-0.5,-0.5,-0.5
1,1138,23,after_integrate,1.1379999999999855,1.1369999999999856,0.001,0,0,0.5,0.0,0.0,,2.571499324755423,1.9762141036792587e-17,2.664453810249361e-15,2.4784540480793737e-15,0.0,0.0,17.2195131071138,2.5714993247554236,-9.561466680224036e-16,412.65337397363965,412.65337397363976,409.50166205684127,409.5016620568416,-0.13205713931929575,0.13205713931929575,0.45645900046106164,-3.052526358877057e-17,1006.886442510798,1006.8864425107978,1025.7705074206735,1025.770507420673,-0.5,-0.5,-0.5,-0.5
1,1139,23,after_integrate,1.1389999999999854,1.1379999999999855,0.001,0,0,0.5,0.0,0.0,,2.5762858879016868,1.9966489346567078e-17,2.6669532402850642e-15,2.5023302837219823e-15,0.0,0.0,17.235627812912362,2.5762858879016863,-9.590427984318374e-16,413.10090040935717,413.10090040935734,409.941429594192,409.94142959419236,-0.13208101034663106,0.13208101034663106,0.45645355756331757,-3.098909683772568e-17,1006.9094166344439,1006.9094166344437,1025.8397327468483,1025.8397327468479,-0.5,-0.5,-0.5,-0.5
1,1140,23,after_integrate,1.1399999999999852,1.1389999999999854,0.001,0,0,0.5,0.0,0.0,,2.5810769272405993,2.0171654410050484e-17,2.669462252972033e-15,2.4574806207905046e-15,0.0,0.0,17.25174232700085,2.581076927240599,-9.613756997432337e-16,413.5486061584689,413.54860615846906,410.3813922201994,410.38139222019976,-0.1321048791540858,0.13210487915407318,0.4564481394586284,-5.2049503183319993e-17,1006.9312018975703,1006.9312018975701,1025.90767342753,1025.9076734275295,-0.5,-0.5,-0.5,-0.5
1,1141,23,after_integrate,1.1409999999999851,1.1399999999999852,0.001,0,0,0.5,0.0,0.0,,2.5858724426468416,2.0376805561525962e-17,2.6719225633941614e-15,2.5297672811626297e-15,0.0,0.0,17.267856650250195,2.585872442646841,-9.631134888464946e-16,413.9964876227749,413.996487622775,410.8215468408556,410.82154684085594,-0.13212874454597737,0.13212874454596474,0.45644274590607586,-5.3679331657092386e-17,1006.9518122293246,1006.9518122293243,1025.974340393038,1025.9743403930374,-0.5,-0.5,-0.5,-0.5
1,1142,23,after_integrate,1.141999999999985,1.1409999999999851,0.001,0,0,0.5,0.0,0.0,,2.5906724339954073,2.0583103899463536e-17,2.6744551334193043e-15,2.5233372372020644e-15,0.0,0.0,17.2839707835229,2.5906724339954073,-9.647611946530364e-16,414.44454123757197,414.4445412375721,411.2618903962232,411.2618903962235,-0.13215260532934994,0.13215260532936257,0.45643737666963374,2.1938162729783127e-17,1006.9712619225619,1006.9712619225617,1026.0397449344705,1026.03974493447,-0.5,-0.5,-0.5,-0.5
1,1143,23,after_integrate,1.142999999999985,1.141999999999985,0.001,0,0,0.5,0.0,0.0,,2.5954769011616197,2.0789611347771002e-17,2.676932392281026e-15,2.446102666154583e-15,0.0,0.0,17.30008472767323,2.5954769011616197,-9.652915954202813e-16,414.8927634726374,414.8927634726375,411.7024198613086,411.70241986130895,-0.1321764603141103,0.13217646031412292,0.4564320315183613,2.268514413596204e-17,1006.9895656128945,1006.9895656128942,1026.1038986834044,1026.103898683404,-0.5,-0.5,-0.5,-0.5
1,1144,23,after_integrate,1.1439999999999848,1.142999999999985,0.001,0,0,0.5,0.0,0.0,,2.600285844021142,2.099662821103281e-17,2.6793930997245453e-15,2.4666709863060694e-15,0.0,0.0,17.316198483547367,2.600285844021142,-9.652294922246094e-16,415.3411508331583,415.3411508331584,412.1431322468792,412.14313224687953,-0.13220030831298565,0.13220030831297302,0.45642671022658565,-4.995069775503216e-17,1007.006738258108,1007.0067382581078,1026.166813591988,1026.1668135919876,-0.5,-0.5,-0.5,-0.5
1,1145,23,after_integrate,1.1449999999999847,1.1439999999999848,0.001,0,0,0.5,0.0,0.0,,2.6050992624499902,2.1204076680567355e-17,2.6818593972265823e-15,2.45421460819764e-15,0.0,0.0,17.33231205198364,2.6050992624499902,-9.677855791036178e-16,415.78969986060883,415.78969986060895,412.5840246002237,412.58402460022404,-0.13222414814165953,0.13222414814165953,0.45642141257407753,-2.818432262494702e-17,1007.0227951179646,1007.0227951179644,1026.2285019134338,1026.2285019134333,-0.5,-0.5,-0.5,-0.5
1,1146,23,after_integrate,1.1459999999999846,1.1449999999999847,0.001,0,0,0.5,0.0,0.0,,2.6099171563245482,2.141173577990546e-17,2.6843203950474797e-15,2.4689465771753007e-15,0.0,0.0,17.348425433812675,2.6099171563245482,-9.706500308544343e-16,416.2384071335756,416.2384071335757,413.0250940058589,413.0250940058592,-0.13224797861890664,0.13224797861891924,0.4564161383462113,2.267497360489076e-17,1007.0377517343547,1007.0377517343545,1026.288976182882,1026.2889761828815,-0.5,-0.5,-0.5,-0.5
1,1147,23,after_integrate,1.1469999999999845,1.1459999999999846,0.001,0,0,0.5,0.0,0.0,,2.6147395255215766,2.1620455896143547e-17,2.686793150119232e-15,2.4715043465386823e-15,0.0,0.0,17.364538629857638,2.6147395255215766,-9.69683159322009e-16,416.68726926853253,416.68726926853265,413.4663375861812,413.4663375861815,-0.13227179856661378,0.13227179856661378,0.4564108873341403,-2.4908273503670833e-17,1007.0516239117765,1007.0516239117762,1026.3482491986117,1026.3482491986113,-0.5,-0.5,-0.5,-0.5
1,1148,23,after_integrate,1.1479999999999844,1.1469999999999845,0.001,0,0,0.5,0.0,0.0,,2.6195663699182306,2.1830155358050993e-17,2.6892719352496674e-15,2.4363912426174364e-15,0.0,0.0,17.380651640934406,2.6195663699182306,-9.718295081795533e-16,417.1362829205661,417.13628292056626,413.90775250206707,413.9077525020674,-0.1322956068098397,0.13229560680982708,0.4564056593349256,-5.4138815429795205e-17,1007.064427698252,1007.0644276982517,1026.4063340037042,1026.4063340037037,-0.5,-0.5,-0.5,-0.5
1,1149,23,after_integrate,1.1489999999999843,1.1479999999999844,0.001,0,0,0.5,0.0,0.0,,2.6243976893920675,2.2040171244554474e-17,2.6917085631267764e-15,2.509113754931307e-15,0.0,0.0,17.39676446785181,2.624397689392067,-9.739698934271937e-16,417.5854447840517,417.5854447840518,414.3493359534203,414.3493359534206,-0.1323194021769368,0.13231940217694943,0.4564004541516919,-3.551380987162252e-18,1007.0761793665152,1007.076179366515,1026.4632438679942,1026.4632438679937,-0.5,-0.5,-0.5,-0.5
1,1150,23,after_integrate,1.1499999999999841,1.1489999999999843,0.001,0,0,0.5,0.0,0.0,,2.629233483821065,2.2253952164044424e-17,2.694287682341843e-15,2.6028194788335753e-15,0.0,0.0,17.412877111411813,2.6292334838210647,-9.746401049561466e-16,418.0347515932824,418.0347515932826,414.79108517966955,414.7910851796699,-0.13234318349963545,0.13234318349963545,0.45639527159375354,-3.1691062480102207e-17,1007.0868953956772,1007.086895395677,1026.5189922705208,1026.5189922705204,-0.5,-0.5,-0.5,-0.5
1,1151,24,after_integrate,1.150999999999984,1.1499999999999841,0.001,0,0,0.5,0.0,0.0,,2.6340737530836313,2.246875957474493e-17,2.6968841541757818e-15,2.6231126075307944e-15,0.0,0.0,17.428989572409787,2.6340737530836313,-9.775688082288852e-16,418.4842001230514,418.4842001230515,415.23299746021587,415.2329974602162,-0.13236694961305284,0.13236694961305284,0.45639011147674946,-5.424905810316185e-18,1007.096592453191,1007.0965924531907,1026.5735928822912,1026.5735928822908,-0.5,-0.5,-0.5,-0.5
1,1152,24,after_integrate,1.151999999999984,1.150999999999984,0.001,0,0,0.5,0.0,0.0,,2.638918497058618,2.2684946147758878e-17,2.699503769942965e-15,2.620152523639145e-15,0.0,0.0,17.445101851634664,2.638918497058618,-9.782090257558157e-16,418.93378718918757,418.93378718918774,415.67507011483224,415.6750701148326,-0.13239069935585288,0.13239069935584025,0.4563849736227372,-4.8965812014346633e-17,1007.1052873772168,1007.1052873772165,1026.6270595494568,1026.6270595494564,-0.5,-0.5,-0.5,-0.5
1,1153,24,after_integrate,1.1529999999999838,1.151999999999984,0.001,0,0,0.5,0.0,0.0,,2.6437677156253354,2.2900074012078845e-17,2.702122328877255e-15,2.5602649513801408e-15,0.0,0.0,17.461213949869244,2.643767715625335,-9.810995629096344e-16,419.38350964904816,419.38350964904834,416.117300504015,416.11730050401536,-0.13241443157024135,0.13241443157024135,0.45637985786032176,-2.789482838301379e-17,1007.1129971593424,1007.1129971593422,1026.6794062768715,1026.679406276871,-0.5,-0.5,-0.5,-0.5
1,1154,24,after_integrate,1.1539999999999837,1.1529999999999838,0.001,0,0,0.5,0.0,0.0,,2.648621408663564,2.3114308247477113e-17,2.7046884150559717e-15,2.5234447996589768e-15,0.0,0.0,17.477325867890368,2.6486214086635638,-9.823302697898978e-16,419.83336440196575,419.83336440196587,416.5596860292903,416.5596860292906,-0.13243814510215243,0.1324381451021398,0.45637476402473875,-5.42625090613192e-17,1007.1197389277719,1007.1197389277717,1026.7306472121193,1026.7306472121188,-0.5,-0.5,-0.5,-0.5
1,1155,24,after_integrate,1.1549999999999836,1.1539999999999837,0.001,0,0,0.5,0.0,0.0,,2.653479576053568,2.3328862792538155e-17,2.707213668615242e-15,2.600217005551667e-15,0.0,0.0,17.493437606469172,2.6534795760535683,-9.842537658754953e-16,420.2833483896538,420.28334838965395,417.0022241334737,417.00222413347404,-0.13246183880119305,0.13246183880118043,0.45636969195795096,-2.9117286179845584e-17,1007.125529930693,1007.1255299306928,1026.7807966297428,1026.7807966297423,-0.5,-0.5,-0.5,-0.5
1,1156,24,after_integrate,1.1559999999999835,1.1549999999999836,0.001,0,0,0.5,0.0,0.0,,2.658342217676107,2.3543239034766996e-17,2.709802222599704e-15,2.6136121202156536e-15,0.0,0.0,17.50954916637135,2.658342217676107,-9.868206487717304e-16,420.73345859656973,420.7334585965699,417.44491230088755,417.4449123008879,-0.132485511520803,0.132485511520803,0.4563646415087194,-3.4082902344841213e-18,1007.1303875202503,1007.1303875202501,1026.8298689160883,1026.829868916088,-0.5,-0.5,-0.5,-0.5
1,1157,24,after_integrate,1.1569999999999834,1.1559999999999835,0.001,0,0,0.5,0.0,0.0,,2.6632093334124525,2.3757662259825133e-17,2.7124109636423614e-15,2.6063970022604624e-15,0.0,0.0,17.525660548357365,2.6632093334124525,-9.876719264372836e-16,421.1836920502379,421.183692050238,417.88774805753377,417.8877480575341,-0.13250916211833977,0.13250916211833977,0.4563596125326862,-2.798062392956583e-17,1007.1343291367644,1007.1343291367642,1026.8778785544107,1026.8778785544102,-0.5,-0.5,-0.5,-0.5
1,1158,24,after_integrate,1.1579999999999833,1.1569999999999834,0.001,0,0,0.5,0.0,0.0,,2.668080923144399,2.397141527942714e-17,2.715023630943189e-15,2.6050098556654654e-15,0.0,0.0,17.541771753182687,2.668080923144399,-9.883537481630667e-16,421.6340458215313,421.6340458215314,418.33072897122634,418.3307289712266,-0.13253278945509908,0.13253278945511168,0.45635460489243657,1.926464696925147e-17,1007.1373722933245,1007.1373722933242,1026.9248401103553,1026.9248401103548,-0.5,-0.5,-0.5,-0.5
1,1159,24,after_integrate,1.1589999999999832,1.1579999999999833,0.001,0,0,0.5,0.0,0.0,,2.6729569867542744,2.4184748043316912e-17,2.7176297377365423e-15,2.6081501433315666e-15,0.0,0.0,17.557882781598074,2.6729569867542744,-9.898813314240509e-16,422.0845170249164,422.0845170249165,418.7738526516821,418.7738526516823,-0.13255639239646316,0.13255639239646316,0.4563496184575471,8.960268332604162e-19,1007.1395345608662,1007.139534560866,1026.9707682179487,1026.9707682179483,-0.5,-0.5,-0.5,-0.5
1,1160,24,after_integrate,1.159999999999983,1.1589999999999832,0.001,0,0,0.5,0.0,0.0,,2.677837524124959,2.4397522650135754e-17,2.720231636949645e-15,2.6020944724868103e-15,0.0,0.0,17.573993634349804,2.677837524124959,-9.908899872381656e-16,422.5351028186583,422.5351028186584,419.2171167505724,419.2171167505727,-0.13257996981188358,0.13257996981188358,0.4563446531046266,-2.4774302467517366e-19,1007.1408335534322,1007.140833553432,1027.0156775657674,1027.015677565767,-0.5,-0.5,-0.5,-0.5
1,1161,24,after_integrate,1.160999999999983,1.159999999999983,0.001,0,0,0.5,0.0,0.0,,2.6827225351398907,2.4609676800445268e-17,2.722830789161758e-15,2.6110557479325244e-15,0.0,0.0,17.590104312179907,2.6827225351398907,-9.90421552306663e-16,422.98580040498985,422.98580040498996,419.6605189615368,419.6605189615371,-0.13260352057506714,0.13260352057506714,0.4563397087173863,-2.257361016554394e-17,1007.141286914056,1007.1412869140557,1027.0595828837504,1027.05958288375,-0.5,-0.5,-0.5,-0.5
1,1162,24,after_integrate,1.1619999999999828,1.160999999999983,0.001,0,0,0.5,0.0,0.0,,2.6876120196830855,2.4822555277445084e-17,2.7254456321951985e-15,2.6567882877750173e-15,0.0,0.0,17.60621481582643,2.6876120196830855,-9.927800004394611e-16,423.4366070302445,423.4366070302446,420.1040570201585,420.1040570201588,-0.13262704356399713,0.13262704356399713,0.456334785186629,-4.284404319079887e-18,1007.1409123007854,1007.1409123007852,1027.1024989301457,1027.1024989301452,-0.5,-0.5,-0.5,-0.5
1,1163,24,after_integrate,1.1629999999999827,1.1619999999999828,0.001,0,0,0.5,0.0,0.0,,2.6925059776391445,2.503541605469702e-17,2.728100978156885e-15,2.601221394313162e-15,0.0,0.0,17.622325146023698,2.6925059776391445,-9.920587889630195e-16,423.887519984954,423.8875199849542,420.547728703904,420.5477287039043,-0.13265053766101811,0.13265053766101811,0.4563298824103093,-2.2839450459287314e-17,1007.1397273732506,1007.1397273732501,1027.144440479023,1027.1444404790225,-0.5,-0.5,-0.5,-0.5
1,1164,24,after_integrate,1.1639999999999826,1.1629999999999827,0.001,0,0,0.5,0.0,0.0,,2.697404408893269,2.5248895276483778e-17,2.730753477327812e-15,2.6842448563880547e-15,0.0,0.0,17.63843530350256,2.697404408893269,-9.938954136854e-16,424.3385366039126,424.3385366039127,420.99153183202867,420.99153183202895,-0.13267400175293342,0.13267400175293342,0.45632500029352,-2.663448804839676e-18,1007.1377497795296,1007.1377497795294,1027.1854223080745,1027.185422308074,-0.5,-0.5,-0.5,-0.5
1,1165,24,after_integrate,1.1649999999999825,1.1639999999999826,0.001,0,0,0.5,0.0,0.0,,2.7023073133312727,2.5462023761216598e-17,2.733423934526721e-15,2.680604468797824e-15,0.0,0.0,17.65454528899063,2.7023073133312727,-9.967504071210933e-16,424.7896542662067,424.7896542662068,421.4354642654467,421.4354642654469,-0.13269743473107723,0.13269743473107723,0.45632013874852495,-2.5799417096826563e-17,1007.1349971433275,1007.1349971433273,1027.2254591867434,1027.225459186743,-0.5,-0.5,-0.5,-0.5
1,1166,24,after_integrate,1.1659999999999824,1.1649999999999825,0.001,0,0,0.5,0.0,0.0,,2.707214690839593,2.5675559782815262e-17,2.736109273289934e-15,2.7006503479532114e-15,0.0,0.0,17.670655103212546,2.707214690839593,-9.985178603366248e-16,425.2408703952138,425.2408703952139,421.8795239065693,421.8795239065696,-0.13272083549138702,0.13272083549138702,0.45631529769474477,2.5006371390618095e-19,1007.1314870516962,1007.131487051696,1027.26456586489,1027.2645658648896,-0.5,-0.5,-0.5,-0.5
1,1167,24,after_integrate,1.1669999999999823,1.1659999999999824,0.001,0,0,0.5,0.0,0.0,,2.712126541305305,2.5888742417603585e-17,2.738805919891126e-15,2.693946503108169e-15,0.0,0.0,17.686764746890244,2.712126541305305,-9.989589155878498e-16,425.6921824585693,425.6921824585694,422.32370869911176,422.32370869911205,-0.13274420293453912,0.13274420293453912,0.4563104770587581,-2.6076736158308314e-17,1007.1272370429053,1007.1272370429051,1027.3027570616139,1027.3027570616134,-0.5,-0.5,-0.5,-0.5
1,1168,24,after_integrate,1.1679999999999822,1.1669999999999823,0.001,0,0,0.5,0.0,0.0,,2.717042864616132,2.6101505389696934e-17,2.741503718247084e-15,2.697301918042733e-15,0.0,0.0,17.702874220743166,2.717042864616132,-9.994701359822944e-16,426.1435879681025,426.1435879681026,422.76801662786755,422.76801662786784,-0.13276753596595806,0.13276753596594543,0.45630567677429035,-4.889416445146986e-17,1007.1222645948845,1007.1222645948843,1027.340047454651,1027.3400474546506,-0.5,-0.5,-0.5,-0.5
1,1169,24,after_integrate,1.168999999999982,1.1679999999999822,0.001,0,0,0.5,0.0,0.0,,2.7219636606604585,2.6312863449461777e-17,2.7441939279981813e-15,2.6787381754662797e-15,0.0,0.0,17.718983525488557,2.7219636606604585,-1.003927405375256e-15,426.59508447974406,426.5950844797442,423.2124457184558,423.212445718456,-0.13279083349596496,0.132790833495965,0.45630089678219016,-2.0903874086525954e-18,1007.1165871138088,1007.1165871138086,1027.376451669904,1027.3764516699036,-0.5,-0.5,-0.5,-0.5
1,1170,24,after_integrate,1.169999999999982,1.168999999999982,0.001,0,0,0.5,0.0,0.0,,2.7268889293273406,2.652333311271166e-17,2.7468720996606956e-15,2.691489311247929e-15,0.0,0.0,17.73509266184169,2.726888929327341,-1.0032124477909596e-15,427.0466695934035,427.04666959340375,423.65699403703803,423.6569940370383,-0.13281409443983783,0.13281409443983783,0.4562961370304077,-2.6923050583531497e-17,1007.1102219232661,1007.1102219232656,1027.4119842715643,1027.4119842715638,-0.5,-0.5,-0.5,-0.5
1,1171,24,after_integrate,1.1709999999999818,1.169999999999982,0.001,0,0,0.5,0.0,0.0,,2.731818670506519,2.6733749539549e-17,2.749569630097356e-15,2.6942957346662897e-15,0.0,0.0,17.75120163051614,2.7318186705065193,-1.0056441259199975e-15,427.49834095282074,427.4983409528209,424.10165969000866,424.10165969000894,-0.13283731771789675,0.13283731771790938,0.4562913974739635,2.993403244718981e-17,1007.1031862536091,1007.1031862536089,1027.4466597524113,1027.4466597524108,-0.5,-0.5,-0.5,-0.5
1,1172,24,after_integrate,1.1719999999999817,1.1709999999999818,0.001,0,0,0.5,0.0,0.0,,2.7367528840884305,2.694596607049596e-17,2.752307913774691e-15,2.7637383004976436e-15,0.0,0.0,17.76731043222399,2.736752884088431,-1.0050020292401112e-15,427.9500962453883,427.95009624538847,424.54644082365877,424.54644082365905,-0.13286050225565277,0.13286050225565277,0.45628667807490947,-2.7133322769805063e-17,1007.0954972317207,1007.0954972317205,1027.4804925245164,1027.480492524516,-0.5,-0.5,-0.5,-0.5
1,1173,24,after_integrate,1.1729999999999816,1.1719999999999817,0.001,0,0,0.5,0.0,0.0,,2.741691569964218,2.7159254153092573e-17,2.7550671969674244e-15,2.7806690383758096e-15,0.0,0.0,17.78341906767612,2.741691569964218,-1.0082664429598996e-15,428.4019332019499,428.40193320195004,424.9913356238145,424.9913356238148,-0.13288364698376723,0.13288364698376723,0.4562819788022865,-2.4191650376320286e-17,1007.0871718711974,1007.0871718711971,1027.513496910373,1027.5134969103726,-0.5,-0.5,-0.5,-0.5
1,1174,24,after_integrate,1.1739999999999815,1.1729999999999816,0.001,0,0,0.5,0.0,0.0,,2.746634728025743,2.7374322772042128e-17,2.75789672220406e-15,2.8593061715853886e-15,0.0,0.0,17.799527537582446,2.746634728025743,-1.0084131432636747e-15,428.85384959657205,428.85384959657216,425.4363423154516,425.43634231545184,-0.13290675083828934,0.13290675083828934,0.4562772996320767,-4.806781223567226e-18,1007.0782270627172,1007.078227062717,1027.545687134191,1027.5456871341905,-0.5,-0.5,-0.5,-0.5
1,1175,24,after_integrate,1.1749999999999814,1.1739999999999815,0.001,0,0,0.5,0.0,0.0,,2.751582358165595,2.758930186572162e-17,2.760744823460738e-15,2.862639236078567e-15,0.0,0.0,17.81563584265214,2.751582358165595,-1.0104321095157555e-15,429.3058432462925,429.3058432462926,425.881459162286,425.88145916228626,-0.13292981276065297,0.1329298127606656,0.4562726405471444,-2.5746882796690053e-18,1007.0686795649182,1007.0686795649179,1027.5770773137042,1027.5770773137037,-0.5,-0.5,-0.5,-0.5
1,1176,24,after_integrate,1.1759999999999813,1.1749999999999814,0.001,0,0,0.5,0.0,0.0,,2.7565344602771042,2.7804665358897435e-17,2.763616898700628e-15,2.877647805391894e-15,0.0,0.0,17.831743983593896,2.7565344602771042,-1.0108467812792835e-15,429.75791201084434,429.75791201084445,426.32668446634295,426.32668446634324,-0.13295283169782657,0.13295283169783917,0.45626800153718333,-2.6815199238509065e-18,1007.058545995499,1007.0585459954988,1027.6076814521907,1027.6076814521903,-0.5,-0.5,-0.5,-0.5
1,1177,24,after_integrate,1.1769999999999812,1.1759999999999813,0.001,0,0,0.5,0.0,0.0,,2.76149103425435,2.8020433321623796e-17,2.766500763106539e-15,2.8974240824273263e-15,0.0,0.0,17.847851961116177,2.76149103425435,-1.0127980987796164e-15,430.2100537923579,430.21005379235805,426.77201656750435,426.77201656750464,-0.13297580660236052,0.13297580660237315,0.4562633825986467,1.9967204566743788e-17,1007.0478428227168,1007.0478428227166,1027.6375134308787,1027.6375134308782,-0.5,-0.5,-0.5,-0.5
1,1178,24,after_integrate,1.177999999999981,1.1769999999999812,0.001,0,0,0.5,0.0,0.0,,2.766452079992173,2.8235810583005963e-17,2.769397959703622e-15,2.9026653477844044e-15,0.0,0.0,17.86395977592741,2.766452079992173,-1.0122101860244314e-15,430.6622665350405,430.66226653504066,427.2174538430361,427.21745384303637,-0.13299873643252458,0.132998736432512,0.4562587837346804,-5.194660171350553e-17,1007.0365863571957,1007.0365863571955,1027.6665870016527,1027.6665870016523,-0.5,-0.5,-0.5,-0.5
1,1179,24,after_integrate,1.178999999999981,1.177999999999981,0.001,0,0,0.5,0.0,0.0,,2.771417597386183,2.84509744150134e-17,2.772295352102996e-15,2.891777708428347e-15,0.0,0.0,17.880067428736275,2.771417597386183,-1.0144588166648871e-15,431.11454822483535,431.1145482248354,427.66299470709595,427.66299470709623,-0.13302162015234295,0.13302162015233032,0.4562542049550481,-4.9200468553058175e-17,1007.0247927440474,1007.0247927440472,1027.6949157800666,1027.6949157800661,-0.5,-0.5,-0.5,-0.5
1,1180,24,after_integrate,1.1799999999999808,1.178999999999981,0.001,0,0,0.5,0.0,0.0,,2.7763875863327723,2.866516758119829e-17,2.775189548370043e-15,2.8537310372228303e-15,0.0,0.0,17.89617492025191,2.7763875863327723,-1.0170684507122028e-15,431.5668968890598,431.5668968890599,428.10863761022324,428.10863761022347,-0.13304445673176898,0.13304445673176898,0.4562496462760473,-2.6602443905448198e-17,1007.0124779553553,1007.012477955355,1027.7225132387023,1027.7225132387018,-0.5,-0.5,-0.5,-0.5
1,1181,24,after_integrate,1.1809999999999807,1.1799999999999808,0.001,0,0,0.5,0.0,0.0,,2.7813620467291202,2.887782182787611e-17,2.7780444532963828e-15,2.9199439232976085e-15,0.0,0.0,17.91228225118412,2.7813620467291202,-1.020088694266084e-15,432.0193105960246,432.01931059602464,428.5543810388112,428.55438103881147,-0.13306724514674664,0.13306724514674664,0.4562451077204297,-2.6824355009471085e-17,1006.9996577829778,1006.9996577829776,1027.7493927008359,1027.7493927008354,-0.5,-0.5,-0.5,-0.5
1,1182,24,after_integrate,1.1819999999999806,1.1809999999999807,0.001,0,0,0.5,0.0,0.0,,2.7863409784732083,2.909082606177949e-17,2.780965140617859e-15,2.8560708858814082e-15,0.0,0.0,17.928389422243658,2.7863409784732087,-1.0209702947749972e-15,432.47178745463395,432.471787454634,429.000223514563,429.0002235145633,-0.1330899843792966,0.13308998437928402,0.45624058931731826,-2.479392281972266e-17,1006.9863478315291,1006.9863478315289,1027.775567334268,1027.7755673342676,-0.5,-0.5,-0.5,-0.5
1,1183,24,after_integrate,1.1829999999999805,1.1819999999999806,0.001,0,0,0.5,0.0,0.0,,2.791324381463825,2.930116553213683e-17,2.7838106124385833e-15,2.9076635483988125e-15,0.0,0.0,17.944496434142387,2.791324381463825,-1.0242968327281032e-15,432.9243256139678,432.9243256139679,429.4461635939318,429.44616359393206,-0.13311267341760258,0.13311267341760258,0.4562360911021025,-2.8840485815700926e-17,1006.9725635119377,1006.9725635119374,1027.8010501457195,1027.801050145719,-0.5,-0.5,-0.5,-0.5
1,1184,24,after_integrate,1.1839999999999804,1.1829999999999805,0.001,0,0,0.5,0.0,0.0,,2.7963122556005766,2.9513539671664173e-17,2.786772125674158e-15,3.0412390009247275e-15,0.0,0.0,17.960603287593546,2.7963122556005766,-1.023605469346461e-15,433.37692326284673,433.37692326284673,429.89219986754625,429.89219986754654,-0.13313531125616115,0.13313531125617376,0.45623161311635857,-4.708072459937021e-18,1006.9583200350609,1006.9583200350609,1027.8258539752624,1027.825853975262,-0.5,-0.5,-0.5,-0.5
1,1185,24,after_integrate,1.1849999999999803,1.1839999999999804,0.001,0,0,0.5,0.0,0.0,,2.8013046007838964,2.972869611778324e-17,2.7898105893603996e-15,2.9905934521173237e-15,0.0,0.0,17.976709983311945,2.8013046007838964,-1.0261341669422844e-15,433.8295786293807,433.8295786293807,430.33833095962285,430.33833095962314,-0.13315789689585558,0.13315789689585558,0.45622715540773295,9.960915450828724e-19,1006.9436324057066,1006.9436324057066,1027.8499914911472,1027.8499914911467,-0.5,-0.5,-0.5,-0.5
1,1186,24,after_integrate,1.1859999999999802,1.1849999999999803,0.001,0,0,0.5,0.0,0.0,,2.8063014169150517,2.994403397274173e-17,2.792844086287098e-15,3.1185714271622593e-15,0.0,0.0,17.99281652201418,2.8063014169150517,-1.025452698011606e-15,434.2822899805015,434.2822899805015,430.78455552736466,430.78455552736494,-0.13318042934400426,0.1331804293440169,0.45622271802985015,2.5501846271233188e-17,1006.9285154169667,1006.9285154169667,1027.873475184919,1027.8734751849186,-0.5,-0.5,-0.5,-0.5
1,1187,24,after_integrate,1.18699999999998,1.1859999999999802,0.001,0,0,0.5,0.0,0.0,,2.811302703896153,3.016178798110517e-17,2.7959540467894715e-15,3.113949000147677e-15,0.0,0.0,18.008922904418853,2.811302703896153,-1.0271535711943866e-15,434.7350556214804,434.7350556214804,431.23087226034835,431.23087226034863,-0.13320290761457387,0.13320290761457387,0.4562183010421997,-4.323077548830381e-19,1006.9129836448275,1006.9129836448275,1027.8963173667948,1027.8963173667944,-0.5,-0.5,-0.5,-0.5
1,1188,24,after_integrate,1.18799999999998,1.18699999999998,0.001,0,0,0.5,0.0,0.0,,2.8163084616301615,3.0379913238730616e-17,2.7990618411097394e-15,3.0590595864362957e-15,0.0,0.0,18.02502913124676,2.816308461630161,-1.0267105353382996e-15,435.18787389543206,435.18787389543206,431.67727987989997,431.67727987990025,-0.13322533072815188,0.13322533072815188,0.4562139045100234,1.421132540297431e-18,1006.8970514429935,1006.8970514429935,1027.9185301612388,1027.9185301612383,-0.5,-0.5,-0.5,-0.5
1,1189,24,after_integrate,1.1889999999999799,1.18799999999998,0.001,0,0,0.5,0.0,0.0,,2.8213186900208966,3.0597685726869563e-17,2.802118498836421e-15,3.1314035929601805e-15,0.0,0.0,18.041135203221103,2.821318690020896,-1.0289531986500228e-15,435.6407431828031,435.6407431828031,432.12377713846024,432.1237771384604,-0.1332476977121343,0.13324769771214692,0.4562095285042167,-4.507186908638404e-18,1006.8807329381457,1006.8807329381457,1027.940125502946,1027.9401255029456,-0.5,-0.5,-0.5,-0.5
1,1190,24,after_integrate,1.1899999999999797,1.1889999999999799,0.001,0,0,0.5,0.0,0.0,,2.826333388973045,3.081651744008167e-17,2.8052573380733483e-15,3.1173407395036118e-15,0.0,0.0,18.05724112106769,2.826333388973045,-1.030899566739762e-15,436.09366190084955,436.09366190084955,432.5703628189401,432.5703628189404,-0.13327000760079963,0.13327000760079963,0.4562051731011848,4.741310882246045e-18,1006.8640420253556,1006.8640420253556,1027.9611151329673,1027.9611151329668,-0.5,-0.5,-0.5,-0.5
1,1191,24,after_integrate,1.1909999999999796,1.1899999999999797,0.001,0,0,0.5,0.0,0.0,,2.831352558392165,3.103499121475023e-17,2.8083724631329787e-15,3.0656866030609205e-15,0.0,0.0,18.07334688551511,2.831352558392165,-1.030814693990146e-15,436.5466285031011,436.5466285031011,433.01703573406854,433.0170357340688,-0.13329225943539505,0.13329225943538245,0.4562008383827495,-4.568832688205357e-17,1006.8469923637796,1006.8469923637796,1027.9815105950863,1027.9815105950859,-0.5,-0.5,-0.5,-0.5
1,1192,24,after_integrate,1.1919999999999795,1.1909999999999796,0.001,0,0,0.5,0.0,0.0,,2.8363761981846958,3.1252358677742076e-17,2.811488958569489e-15,3.1761289799137396e-15,0.0,0.0,18.08945249729496,2.836376198184696,-1.0339753057691263e-15,436.9996414788132,436.9996414788132,433.46379472573045,433.46379472573074,-0.13331445226423586,0.13331445226423586,0.4561965244360052,-2.925803477858955e-17,1006.8295973726782,1006.8295973726782,1028.0013232325089,1028.0013232325084,-0.5,-0.5,-0.5,-0.5
1,1193,24,after_integrate,1.1929999999999794,1.1919999999999795,0.001,0,0,0.5,0.0,0.0,,2.841404308257964,3.1470047980903555e-17,2.814658826513277e-15,3.2256304561535503e-15,0.0,0.0,18.10555795714198,2.841404308257964,-1.0367364524451357e-15,437.4526993524092,437.4526993524092,433.91063866429863,433.91063866429886,-0.1333365851428295,0.1333365851428295,0.4561922313532048,-2.823492308932704e-17,1006.8118702276935,1006.8118702276935,1028.0205641847817,1028.0205641847813,-0.5,-0.5,-0.5,-0.5
1,1194,24,after_integrate,1.1939999999999793,1.1929999999999794,0.001,0,0,0.5,0.0,0.0,,2.8464368885201874,3.168861594869125e-17,2.8178825310739634e-15,3.319311122700525e-15,0.0,0.0,18.12166326579428,2.8464368885201874,-1.0368570820953084e-15,437.9058006829114,437.9058006829114,434.3575664479589,434.3575664479592,-0.13335865713396192,0.13335865713396192,0.45618795923162453,-2.9093297702352054e-17,1006.7938238573133,1006.7938238573133,1028.039244384876,1028.0392443848755,-0.5,-0.5,-0.5,-0.5
1,1195,24,after_integrate,1.1949999999999792,1.1939999999999793,0.001,0,0,0.5,0.0,0.0,,2.8514739388804857,3.190794782170878e-17,2.8212055091154435e-15,3.1612489223016394e-15,0.0,0.0,18.137768423993464,2.8514739388804857,-1.0394800205392928e-15,438.3589440633623,438.3589440633623,434.8045770020295,434.8045770020297,-0.1333806673077713,0.1333806673077713,0.4561837081734372,-2.829733701926617e-17,1006.7754709396339,1006.7754709396339,1028.0573745565482,1028.0573745565478,-0.5,-0.5,-0.5,-0.5
1,1196,24,after_integrate,1.195999999999979,1.1949999999999792,0.001,0,0,0.5,0.0,0.0,,2.856515459248881,3.2126517541720236e-17,2.8243697352416323e-15,3.28632690506444e-15,0.0,0.0,18.15387343248485,2.856515459248881,-1.0425798805145323e-15,438.81212812023733,438.81212812023733,435.25166927827433,435.25166927827456,-0.13340261474188472,0.13340261474188472,0.45617947828557315,-2.5034791798032627e-18,1006.7568238994501,1006.7568238994501,1028.074965212003,1028.0749652120026,-0.5,-0.5,-0.5,-0.5
1,1197,24,after_integrate,1.196999999999979,1.195999999999979,0.001,0,0,0.5,0.0,0.0,,2.8615614495363078,3.234584440864606e-17,2.8276019710079947e-15,3.0917294875929313e-15,0.0,0.0,18.169978292017618,2.8615614495363078,-1.0423798478165088e-15,439.26535151284816,439.26535151284816,435.69884225421316,435.69884225421345,-0.13342449852147892,0.13342449852147892,0.4561752696795848,-2.6070436166010086e-17,1006.7378949054203,1006.7378949054203,1028.0920266496087,1028.0920266496082,-0.5,-0.5,-0.5,-0.5
1,1198,24,after_integrate,1.1979999999999789,1.196999999999979,0.001,0,0,0.5,0.0,0.0,,2.8666119096546154,3.2563182362483585e-17,2.8307143750424405e-15,3.1781391581469004e-15,0.0,0.0,18.186083003344955,2.866611909654616,-1.0439276841308571e-15,439.7186129327386,439.7186129327386,436.1460949324272,436.1460949324275,-0.13344631773939158,0.13344631773939158,0.45617108247151317,-2.595442608340384e-17,1006.7186958676123,1006.7186958676123,1028.1085689519618,1028.1085689519614,-0.5,-0.5,-0.5,-0.5
1,1199,24,after_integrate,1.1989999999999787,1.1979999999999789,0.001,0,0,0.5,0.0,0.0,,2.871666839516576,3.2782074611178967e-17,2.8338941901355255e-15,3.1433682653300215e-15,0.0,0.0,18.202187567224218,2.871666839516576,-1.0458626756562494e-15,440.171911103073,440.171911103073,436.59342633986137,436.59342633986165,-0.13346807149623263,0.13346807149622003,0.456166916781741,-5.248667973543254e-17,1006.6992384352031,1006.6992384352031,1028.1246019840924,1028.124601984092,-0.5,-0.5,-0.5,-0.5
1,1200,24,after_integrate,1.1999999999999786,1.1989999999999787,0.001,0,0,0.5,0.0,0.0,,2.8767262390358854,3.300169633909776e-17,2.8370809016184836e-15,3.2223057803957274e-15,0.0,0.0,18.218291984417114,2.8767262390358854,-1.0494390036874541e-15,440.62524477801776,440.62524477801776,437.0408355271242,437.0408355271245,-0.13348975890041928,0.1334897589004319,0.45616277273485023,2.3595155355754443e-17,1006.6795339944329,1006.6795339944329,1028.1401353918873,1028.1401353918868,-0.5,-0.5,-0.5,-0.5
1,1201,25,after_integrate,1.2009999999999785,1.1999999999999786,0.001,0,0,0.5,0.0,0.0,,2.881790108127171,3.3221566937451414e-17,2.8402934254601714e-15,3.218355272580137e-15,0.0,0.0,18.234396255689806,2.881790108127171,-1.051669956590312e-15,441.0786127421164,441.0786127421164,437.4883215677861,437.4883215677864,-0.13351137906836252,0.13351137906836252,0.4561586504594766,-2.2767096050581424e-17,1006.659593666818,1006.659593666818,1028.1551786007526,1028.1551786007522,-0.5,-0.5,-0.5,-0.5
1,1202,25,after_integrate,1.2019999999999784,1.2009999999999785,0.001,0,0,0.5,0.0,0.0,,2.8868584467059937,3.344085227507634e-17,2.843516578501806e-15,3.2325997313140787e-15,0.0,0.0,18.250500381813072,2.8868584467059937,-1.0527151091317426e-15,441.53201380965925,441.53201380965925,437.9358835576758,437.93588355767605,-0.1335329311244647,0.1335329311244647,0.45615455008816624,-2.407631153442586e-17,1006.6394283074864,1006.6394283074864,1028.1697408143689,1028.1697408143684,-0.5,-0.5,-0.5,-0.5
1,1203,25,after_integrate,1.2029999999999783,1.2019999999999784,0.001,0,0,0.5,0.0,0.0,,2.891931254688853,3.3660357402478554e-17,2.8467468515788914e-15,3.2809291963511404e-15,0.0,0.0,18.26660436356244,2.891931254688853,-1.0530668766753261e-15,441.9854468240475,441.9854468240475,438.383520614176,438.3835206141763,-0.1335544142012425,0.13355441420124253,0.4561504717572214,-2.952370567815091e-17,1006.6190485038181,1006.6190485038181,1028.1838310137286,1028.1838310137282,-0.5,-0.5,-0.5,-0.5
1,1204,25,after_integrate,1.2039999999999782,1.2029999999999783,0.001,0,0,0.5,0.0,0.0,,2.8970085319931917,3.3881021628538674e-17,2.8500293934333936e-15,3.2318453911701674e-15,0.0,0.0,18.282708201718325,2.8970085319931917,-1.0558106282407613e-15,442.43891065715286,442.43891065715286,438.8312318755194,438.8312318755196,-0.13357582743946228,0.13357582743946228,0.4561464156065572,-1.324873353019044e-18,1006.5984645742243,1006.5984645742243,1028.197457956283,1028.1974579562825,-0.5,-0.5,-0.5,-0.5
1,1205,25,after_integrate,1.204999999999978,1.2039999999999782,0.001,0,0,0.5,0.0,0.0,,2.9020902785373965,3.41006739312535e-17,2.853253419079545e-15,3.238971113134066e-15,0.0,0.0,18.298811897066116,2.9020902785373965,-1.0558398457993723e-15,442.89240420867304,442.89240420867304,439.27901650008386,439.27901650008414,-0.13359716998814988,0.13359716998813725,0.45614238177953637,-5.4162518428865533e-17,1006.5776865671999,1006.5776865671999,1028.2106301753372,1028.2106301753367,-0.5,-0.5,-0.5,-0.5
1,1206,25,after_integrate,1.205999999999978,1.204999999999978,0.001,0,0,0.5,0.0,0.0,,2.9071764942408027,3.43197741738929e-17,2.8564914640140885e-15,3.228466225648449e-15,0.0,0.0,18.314915450396366,2.9071764942408027,-1.0604310622356249e-15,443.3459264054831,443.3459264054831,439.72687366568977,439.72687366569005,-0.13361844100470024,0.13361844100470024,0.4561383704228321,-2.7089953626000953e-17,1006.5567242605207,1006.5567242605207,1028.2233559795616,1028.2233559795611,-0.5,-0.5,-0.5,-0.5
1,1207,25,after_integrate,1.2069999999999779,1.205999999999978,0.001,0,0,0.5,0.0,0.0,,2.9122671790236985,3.4537327153927605e-17,2.8597227956896034e-15,3.2425290853886087e-15,0.0,0.0,18.33101886250484,2.9122671790236985,-1.0617342516912111e-15,443.7994762009842,443.7994762009842,440.1748025688976,440.17480256889786,-0.1336396396550001,0.13363963965501272,0.45613438168625925,2.17307958666075e-17,1006.5355871606026,1006.5355871606026,1028.2356434526405,1028.23564345264,-0.5,-0.5,-0.5,-0.5
1,1208,25,after_integrate,1.2079999999999778,1.2069999999999779,0.001,0,0,0.5,0.0,0.0,,2.9173623328073237,3.4755119632579744e-17,2.862968847852573e-15,3.2479240159503125e-15,0.0,0.0,18.347122134192645,2.9173623328073237,-1.0615899112458977e-15,444.25305257444904,444.25305257444904,440.6228024243078,440.6228024243081,-0.13366076511348718,0.13366076511348718,0.45613041572261914,-2.52384548904553e-17,1006.514284502106,1006.514284502106,1028.2475004531373,1028.2475004531368,-0.5,-0.5,-0.5,-0.5
1,1209,25,after_integrate,1.2089999999999776,1.2079999999999778,0.001,0,0,0.5,0.0,0.0,,2.9224619555138767,3.4974202952305263e-17,2.8662676993747113e-15,3.338013210900823e-15,0.0,0.0,18.363225266266348,2.922461955513876,-1.0640723858894106e-15,444.7066545303655,444.7066545303655,441.0708724638631,441.07087246386334,-0.13368181656318381,0.13368181656318381,0.4561264726875543,-2.2125491658156376e-17,1006.4928252477195,1006.4928252477195,1028.2589346145112,1028.2589346145107,-0.5,-0.5,-0.5,-0.5
1,1210,25,after_integrate,1.2099999999999775,1.2089999999999776,0.001,0,0,0.5,0.0,0.0,,2.927566047066513,3.519273482507125e-17,2.8697007234347634e-15,3.5075190848610398e-15,0.0,0.0,18.379328259538052,2.9275660470665126,-1.0659490489748678e-15,445.1602810977777,445.1602810977777,441.51901193615254,441.5190119361528,-0.1337027931958315,0.1337027931958315,0.45612255273937335,-2.6480731850177704e-17,1006.4712180881086,1006.4712180881086,1028.2699533452756,1028.269953345275,-0.5,-0.5,-0.5,-0.5
1,1211,25,after_integrate,1.2109999999999774,1.2099999999999775,0.001,0,0,0.5,0.0,0.0,,2.9326746073893486,3.5409937508393983e-17,2.8731831711686135e-15,3.5109527306629117e-15,0.0,0.0,18.395431114825506,2.932674607389349,-1.0677109673780928e-15,445.61393132962695,445.61393132962695,441.9672201057204,441.9672201057206,-0.13372369421196187,0.13372369421196187,0.45611865603889523,-2.4874083452469063e-17,1006.4494714419862,1006.4494714419862,1028.2805638292464,1028.280563829246,-0.5,-0.5,-0.5,-0.5
1,1212,25,after_integrate,1.2119999999999773,1.2109999999999774,0.001,0,0,0.5,0.0,0.0,,2.9377876364074615,3.5626083646792436e-17,2.8766926166714086e-15,3.500415712488012e-15,0.0,0.0,18.411533832952177,2.9377876364074615,-1.0691516859617377e-15,446.0676043020902,446.0676043020902,442.4154962523769,442.4154962523772,-0.13374451882094257,0.13374451882093,0.4561147827492947,-4.8604671238302136e-17,1006.4275934564025,1006.4275934564025,1028.290773025985,1028.2907730259844,-0.5,-0.5,-0.5,-0.5
1,1213,25,after_integrate,1.2129999999999772,1.2119999999999773,0.001,0,0,0.5,0.0,0.0,,2.9429051340468915,3.584158501943527e-17,2.88023485063316e-15,3.574565980512654e-15,0.0,0.0,18.427636414747326,2.9429051340468915,-1.0722153213837988e-15,446.5212991139192,446.5212991139192,442.86383967051427,442.86383967051455,-0.13376526624104798,0.13376526624104798,0.45611093303593087,7.183691607852469e-19,1006.4055920071917,1006.4055920071917,1028.300587671373,1028.3005876713726,-0.5,-0.5,-0.5,-0.5
1,1214,25,after_integrate,1.213999999999977,1.2129999999999772,0.001,0,0,0.5,0.0,0.0,,2.9480271002346434,3.6055581610619265e-17,2.883791989474932e-15,3.574089628529319e-15,0.0,0.0,18.443738861046118,2.9480271002346434,-1.0738821633291946e-15,446.97501488577825,446.97501488577825,443.3122496684261,443.3122496684264,-0.1337859356995799,0.13378593569956726,0.456107107066194,-5.459748012930347e-17,1006.3834746995617,1006.3834746995617,1028.3100142782987,1028.3100142782982,-0.5,-0.5,-0.5,-0.5
1,1215,25,after_integrate,1.214999999999977,1.213999999999977,0.001,0,0,0.5,0.0,0.0,,2.953153534898687,3.6266756016911115e-17,2.8873613805971004e-15,3.6156440105148286e-15,0.0,0.0,18.45984117268962,2.953153534898687,-1.076917691206385e-15,447.4287507595836,447.4287507595836,443.7607255676322,443.7607255676325,-0.1338065264328618,0.1338065264328618,0.45610330500928936,-2.676477750720188e-18,1006.361241995536,1006.361241995536,1028.3190522641742,1028.3190522641737,-0.5,-0.5,-0.5,-0.5
1,1216,25,after_integrate,1.2159999999999769,1.214999999999977,0.001,0,0,0.5,0.0,0.0,,2.9582844379679534,3.647782828979932e-17,2.890970193813009e-15,3.5360582962102026e-15,0.0,0.0,18.47594335052495,2.9582844379679534,-1.0776244956813527e-15,447.88250586635877,447.88250586635877,444.20926667062923,444.2092666706295,-0.1338270376863443,0.1338270376863443,0.4560995270363924,-6.336340383599296e-19,1006.3389367176276,1006.3389367176276,1028.327743455221,1028.3277434552206,-0.5,-0.5,-0.5,-0.5
1,1217,25,after_integrate,1.2169999999999768,1.2159999999999769,0.001,0,0,0.5,0.0,0.0,,2.9634198093723474,3.6687060885068665e-17,2.8944994397505193e-15,3.5434717865926802e-15,0.0,0.0,18.492045395405277,2.9634198093723474,-1.0793803497034326e-15,448.33627960090155,448.33627960090155,444.657872536252,444.6578725362523,-0.1338474687147106,0.1338474687147106,0.45609577332015555,-2.351640951451053e-17,1006.316596360433,1006.316596360433,1028.336124393925,1028.3361243939246,-0.5,-0.5,-0.5,-0.5
1,1218,25,after_integrate,1.2179999999999767,1.2169999999999768,0.001,0,0,0.5,0.0,0.0,,2.9685596490427884,3.689594287089359e-17,2.8980943864853838e-15,3.615153692261162e-15,0.0,0.0,18.508147308189912,2.9685596490427884,-1.0813013413287401e-15,448.79007125046064,448.79007125046064,445.106542607381,445.1065426073813,-0.13386781878246945,0.13386781878246945,0.45609204403442305,-2.9429066453893525e-17,1006.2942014040348,1006.2942014040348,1028.3441746581902,1028.3441746581898,-0.5,-0.5,-0.5,-0.5
1,1219,25,after_integrate,1.2189999999999765,1.2179999999999767,0.001,0,0,0.5,0.0,0.0,,2.9737039569111676,3.710316325230698e-17,2.901698099386461e-15,3.6267062775657614e-15,0.0,0.0,18.524249089744313,2.973703956911167,-1.0829194872849663e-15,449.2438801334133,449.2438801334133,445.5552763500103,445.55527635001056,-0.13388808716348305,0.13388808716349568,0.4560883393545612,-1.4495524537608938e-18,1006.2717584467399,1006.2717584467399,1028.351899991748,1028.3518999917476,-0.5,-0.5,-0.5,-0.5
1,1220,25,after_integrate,1.2199999999999764,1.2189999999999765,0.001,0,0,0.5,0.0,0.0,,2.9788527329103625,3.7309831840712446e-17,2.9053318826895505e-15,3.6473346975974925e-15,0.0,0.0,18.54035074094016,2.978852732910362,-1.0848369940853748e-15,449.6977055798684,449.6977055798684,446.00407323379585,446.00407323379613,-0.1339082731411568,0.13390827314114417,0.4560846594571471,-2.4905925007290348e-17,1006.2492731725991,1006.2492731725991,1028.3593052719882,1028.3593052719878,-0.5,-0.5,-0.5,-0.5
1,1221,25,after_integrate,1.2209999999999763,1.2199999999999764,0.001,0,0,0.5,0.0,0.0,,2.9840059769742298,3.751422351184893e-17,2.9089649689702176e-15,3.6217374079638136e-15,0.0,0.0,18.55645226265538,2.9840059769742293,-1.0860206537286056e-15,450.15154693858085,450.15154693858085,446.4529327390021,446.45293273900234,-0.13392837600843885,0.13392837600845148,0.45608100451985334,-6.207959764360659e-18,1006.2267517162724,1006.2267517162724,1028.3663958746251,1028.3663958746247,-0.5,-0.5,-0.5,-0.5
1,1222,25,after_integrate,1.2219999999999762,1.2209999999999763,0.001,0,0,0.5,0.0,0.0,,2.98916368903761,3.77174019519506e-17,2.912594547852647e-15,3.64518482737399e-15,0.0,0.0,18.572553655774218,2.98916368903761,-1.088230248055248e-15,450.6054035768538,450.6054035768538,446.9018543564178,446.9018543564181,-0.13394839506793865,0.13394839506793865,0.4560773747212615,-6.4395572905009914e-18,1006.2042004121192,1006.2042004121192,1028.3731774226956,1028.373177422695,-0.5,-0.5,-0.5,-0.5
1,1223,25,after_integrate,1.222999999999976,1.2219999999999762,0.001,0,0,0.5,0.0,0.0,,2.9943258690363215,3.792040434066274e-17,2.9161811106840112e-15,3.592082044278084e-15,0.0,0.0,18.588654921187224,2.9943258690363215,-1.089477156614152e-15,451.0592748805345,451.0592748805345,447.3508375873693,447.3508375873696,-0.13396832963185573,0.13396832963185573,0.4560737702407465,-5.242457557582272e-19,1006.1816255069442,1006.1816255069442,1028.3796554991927,1028.3796554991923,-0.5,-0.5,-0.5,-0.5
1,1224,25,after_integrate,1.223999999999976,1.222999999999976,0.001,0,0,0.5,0.0,0.0,,2.999492516907162,3.812357245215246e-17,2.9197765925279072e-15,3.5348513407048752e-15,0.0,0.0,18.604756059791296,2.999492516907162,-1.0896783812887186e-15,451.5131602536298,451.5131602536298,447.7998819433567,447.799881943357,-0.13398817902213514,0.13398817902214777,0.4560701912582861,-1.908239034330129e-18,1006.1590330135224,1006.1590330135224,1028.3858355004572,1028.3858355004568,-0.5,-0.5,-0.5,-0.5
1,1225,25,after_integrate,1.2249999999999759,1.223999999999976,0.001,0,0,0.5,0.0,0.0,,3.0046636325879086,3.832489963423852e-17,2.9233183497026644e-15,3.553728015863075e-15,0.0,0.0,18.620857072489695,3.0046636325879086,-1.0912803152000853e-15,451.9670591176772,451.9670591176772,448.24898694544754,448.2489869454478,-0.13400794257044638,0.13400794257044638,0.4560666379543395,-2.5600516152299622e-17,1006.1364286558023,1006.1364286558023,1028.391722581235,1028.3917225812345,-0.5,-0.5,-0.5,-0.5
1,1226,25,after_integrate,1.2259999999999758,1.2249999999999759,0.001,0,0,0.5,0.0,0.0,,3.009839216017313,3.852584299128799e-17,2.9268706031093537e-15,3.5700832383052365e-15,0.0,0.0,18.63695796019207,3.009839216017313,-1.09439084792635e-15,452.4209709110134,452.4209709110134,448.6981521235723,448.6981521235726,-0.1340276196181999,0.1340276196181999,0.4560631105096556,-3.697042930346494e-18,1006.1138178540314,1006.1138178540314,1028.3973216396366,1028.3973216396362,-0.5,-0.5,-0.5,-0.5
1,1227,25,after_integrate,1.2269999999999757,1.2259999999999758,0.001,0,0,0.5,0.0,0.0,,3.015019267135102,3.8727164976516525e-17,2.9304385244259603e-15,3.563116762844872e-15,0.0,0.0,18.65305872381446,3.015019267135102,-1.0959239255134413e-15,452.8748950880104,452.8748950880104,449.1473770157909,449.1473770157911,-0.13404720951665125,0.13404720951663862,0.45605960910514315,-5.696100755015185e-17,1006.0912057237659,1006.0912057237659,1028.4026373159547,1028.4026373159543,-0.5,-0.5,-0.5,-0.5
1,1228,25,after_integrate,1.2279999999999756,1.2269999999999757,0.001,0,0,0.5,0.0,0.0,,3.020203785881977,3.892817439540731e-17,2.934003133999578e-15,3.621247092768883e-15,0.0,0.0,18.6691593642793,3.0202037858819764,-1.0978758973615513e-15,453.3288311183097,453.3288311183097,449.59666116755983,449.5966611675601,-0.1340667116268412,0.13406671162685382,0.4560561339216963,2.2525882821033877e-17,1006.0685970786,1006.0685970786,1028.407673995187,1028.4076739951865,-0.5,-0.5,-0.5,-0.5
1,1229,25,after_integrate,1.2289999999999754,1.2279999999999756,0.001,0,0,0.5,0.0,0.0,,3.0253927721996083,3.913091572044231e-17,2.9376202470797286e-15,3.5546402086158935e-15,0.0,0.0,18.685259882515382,3.0253927721996083,-1.0995800572246444e-15,453.7827784860604,453.7827784860604,450.04600413100883,450.046004131009,-0.13408612531974995,0.13408612531974995,0.45605268514003167,-3.1225182721993633e-17,1006.0459964336784,1006.0459964336784,1028.412435810314,1028.4124358103136,-0.5,-0.5,-0.5,-0.5
1,1230,25,after_integrate,1.2299999999999753,1.2289999999999754,0.001,0,0,0.5,0.0,0.0,,3.030586226030635,3.9331651985947956e-17,2.9411775415347855e-15,3.578523472670439e-15,0.0,0.0,18.7013602794579,3.0305862260306355,-1.1016895092785824e-15,454.236736689166,454.236736689166,450.49540546422713,450.49540546422725,-0.13410544997617369,0.13410544997617369,0.45604926294053827,-4.6275840338830566e-18,1006.0234080091932,1006.0234080091932,1028.4169266455517,1028.4169266455513,-0.5,-0.5,-0.5,-0.5
1,1231,25,after_integrate,1.2309999999999752,1.2299999999999753,0.001,0,0,0.5,0.0,0.0,,3.0357841473186618,3.953311956272768e-17,2.9447500193102476e-15,3.574831394058626e-15,0.0,0.0,18.71746055604842,3.0357841473186626,-1.1022666868804232e-15,454.6907052385378,454.6907052385378,450.94486473056224,450.9448647305625,-0.13412468498687807,0.13412468498687807,0.45604586750310083,-2.814668940266585e-17,1006.0008357339041,1006.0008357339041,1028.4211501395914,1028.421150139591,-0.5,-0.5,-0.5,-0.5
1,1232,25,after_integrate,1.2319999999999751,1.2309999999999752,0.001,0,0,0.5,0.0,0.0,,3.0409865360082566,3.973457404625012e-17,2.9483284604251213e-15,3.579907827718519e-15,0.0,0.0,18.733560713234837,3.040986536008257,-1.104007051853998e-15,455.1446836573571,455.1446836573571,451.3943814979293,451.39438149792954,-0.13414382975252437,0.13414382975252437,0.4560424990069498,-1.744233597060939e-18,1005.9782832487363,1005.9782832487363,1028.4251096889132,1028.4251096889127,-0.5,-0.5,-0.5,-0.5
1,1233,25,after_integrate,1.232999999999975,1.2319999999999751,0.001,0,0,0.5,0.0,0.0,,3.0461933920449473,3.993590968217621e-17,2.9519011161645728e-15,3.581881686001601e-15,0.0,0.0,18.74966075197135,3.0461933920449473,-1.1059531549878269e-15,455.59867148034505,455.59867148034505,451.8439553381326,451.8439553381328,-0.1341628836837595,0.13416288368377213,0.45603915763049313,1.6750401756712097e-17,1005.9557539102067,1005.9557539102067,1028.4288084508926,1028.4288084508921,-0.5,-0.5,-0.5,-0.5
1,1234,25,after_integrate,1.233999999999975,1.232999999999975,0.001,0,0,0.5,0.0,0.0,,3.051404715375217,4.013695928636588e-17,2.955383094694965e-15,3.417439594141396e-15,0.0,0.0,18.76576067321848,3.0514047153752166,-1.1068902844168567e-15,456.05266825303994,456.05266825303994,452.29358582619705,452.2935858261972,-0.13418184620119233,0.13418184620119233,0.456035843551151,-2.6741524745096325e-17,1005.9332507942459,1005.9332507942459,1028.4322493472964,1028.432249347296,-0.5,-0.5,-0.5,-0.5
1,1235,25,after_integrate,1.2349999999999748,1.233999999999975,0.001,0,0,0.5,0.0,0.0,,3.056620505946504,4.033914993100402e-17,2.958824654131671e-15,3.441866265594155e-15,0.0,0.0,18.781860477942953,3.056620505946504,-1.1078755700400639e-15,456.5066735310848,456.5066735310848,452.74327253971353,452.74327253971376,-0.13420071673539427,0.13420071673539427,0.4560325569452011,-2.1657382727914402e-19,1005.9107766997718,1005.9107766997718,1028.435435067504,1028.4354350675035,-0.5,-0.5,-0.5,-0.5
1,1236,25,after_integrate,1.2359999999999747,1.2349999999999748,0.001,0,0,0.5,0.0,0.0,,3.0618407637071936,4.054326972684769e-17,2.96225999712962e-15,3.432692643849861e-15,0.0,0.0,18.79796016711774,3.0618407637071936,-1.109777485876163e-15,456.9606868795211,456.9606868795211,453.1930150581939,453.1930150581941,-0.13421949472693837,0.134219494726951,0.4560292979876147,-8.72802955744549e-19,1005.8883341525234,1005.8883341525234,1028.4383680719698,1028.4383680719693,-0.5,-0.5,-0.5,-0.5
1,1237,25,after_integrate,1.2369999999999746,1.2359999999999747,0.001,0,0,0.5,0.0,0.0,,3.067065488606618,4.07483855013057e-17,2.9657033280395953e-15,3.535935357067603e-15,0.0,0.0,18.81405974172193,3.067065488606618,-1.1106455767104542e-15,457.41470787209335,457.4147078720933,453.6428129624393,453.6428129624395,-0.13423817962642468,0.13423817962641205,0.45602606685188196,-3.5132040521500136e-17,1005.8659254089113,1005.8659254089115,1028.4410505956864,1028.441050595686,-0.5,-0.5,-0.5,-0.5
1,1238,25,after_integrate,1.2379999999999745,1.2369999999999746,0.001,0,0,0.5,0.0,0.0,,3.072294680595051,4.096095001363378e-17,2.969430431822439e-15,3.989967501559609e-15,0.0,0.0,18.83015920274074,3.072294680595051,-1.1095629062843063e-15,457.86873609056045,457.86873609056045,454.0926658339195,454.09266583391974,-0.13425677089439206,0.13425677089439206,0.45602286370987594,-2.091856614430521e-17,1005.8435524598575,1005.8435524598575,1028.4434846516165,1028.443484651616,-0.5,-0.5,-0.5,-0.5
1,1239,25,after_integrate,1.2389999999999743,1.2379999999999745,0.001,0,0,0.5,0.0,0.0,,3.077528339623701,4.117959068852146e-17,2.973581159359738e-15,4.180094917075176e-15,0.0,0.0,18.84625855116541,3.0775283396237008,-1.114624098958065e-15,458.3227711240181,458.32277112401806,454.54257325416506,454.54257325416523,-0.1342752680014446,0.13427526800145723,0.45601968873167187,2.925089303740304e-17,1005.8212170347126,1005.8212170347128,1028.4456720341884,1028.445672034188,-0.5,-0.5,-0.5,-0.5
1,1240,25,after_integrate,1.2399999999999742,1.2389999999999743,0.001,0,0,0.5,0.0,0.0,,3.082766465644712,4.139864015908432e-17,2.9779132797072866e-15,4.5608582315157505e-15,0.0,0.0,18.862357787993165,3.0827664656447116,-1.114000135027868e-15,458.77681256822905,458.776812568229,454.99253480417065,454.9925348041708,-0.1342936704281877,0.13429367042817508,0.45601654208539627,-3.868031612515536e-17,1005.7989206053161,1005.7989206053163,1028.447614322912,1028.4476143229115,-0.5,-0.5,-0.5,-0.5
1,1241,25,after_integrate,1.2409999999999741,1.2399999999999742,0.001,0,0,0.5,0.0,0.0,,3.0880090586111537,4.16219760165038e-17,2.98262197158127e-15,4.8480371906785784e-15,0.0,0.0,18.878456914227126,3.0880090586111537,-1.117386584602836e-15,459.2308600249629,459.23086002496285,455.44255006381167,455.4425500638119,-0.1343119776651773,0.1343119776651773,0.45601342393707334,-1.9443572064517173e-17,1005.7766643899341,1005.7766643899344,1028.4493128858599,1028.4493128858594,-0.5,-0.5,-0.5,-0.5
1,1242,25,after_integrate,1.241999999999974,1.2409999999999741,0.001,0,0,0.5,0.0,0.0,,3.093256118477019,4.184545329698357e-17,2.987621049968059e-15,5.153962921919079e-15,0.0,0.0,18.89455593087624,3.0932561184770195,-1.1208631131676442e-15,459.68491310134533,459.6849131013453,455.8926186112723,455.89261861127255,-0.13433018921303208,0.13433018921303208,0.4560103344504668,5.798217796796001e-18,1005.7544493573863,1005.7544493573865,1028.450768883312,1028.4507688833116,-0.5,-0.5,-0.5,-0.5
1,1243,25,after_integrate,1.242999999999974,1.241999999999974,0.001,0,0,0.5,0.0,0.0,,3.098507645197219,4.206614015047877e-17,2.9929137203671766e-15,5.494971097366055e-15,0.0,0.0,18.910654838955193,3.098507645197219,-1.1215992608273467e-15,460.13897140921716,460.13897140921705,456.342740022486,456.34274002248617,-0.13434830458229394,0.13434830458230654,0.4560072737869215,3.4486674601205194e-17,1005.7322762310491,1005.7322762310494,1028.4519832712817,1028.4519832712813,-0.5,-0.5,-0.5,-0.5
1,1244,25,after_integrate,1.2439999999999738,1.242999999999974,0.001,0,0,0.5,0.0,0.0,,3.1037636387275773,4.228689125511882e-17,2.9985598722180197e-15,5.7863548247176215e-15,0.0,0.0,18.926753639484335,3.1037636387275773,-1.1217813411175132e-15,460.59303456450266,460.59303456450255,456.79291387058817,456.7929138705884,-0.13436632329355216,0.1343663232935648,0.4560042421052173,9.425106721889963e-18,1005.7101454930735,1005.7101454930737,1028.452956805211,1028.4529568052105,-0.5,-0.5,-0.5,-0.5
1,1245,25,after_integrate,1.2449999999999737,1.2439999999999738,0.001,0,0,0.5,0.0,0.0,,3.1090240990248237,4.2505567252598733e-17,3.0045481437966327e-15,6.114456798094507e-15,0.0,0.0,18.942852333489572,3.109024099024824,-1.1230511249378849e-15,461.04710218658727,461.04710218658715,457.24313972538164,457.24313972538175,-0.1343842448773158,0.13438424487732842,0.4560012395614192,1.4163798346017106e-17,1005.688057388469,1005.6880573884692,1028.4536900435417,1028.4536900435412,-0.5,-0.5,-0.5,-0.5
1,1246,25,after_integrate,1.2459999999999736,1.2449999999999737,0.001,0,0,0.5,0.0,0.0,,3.1142890260465914,4.271899164183801e-17,3.0107996248571065e-15,6.417074626123967e-15,0.0,0.0,18.95895092200228,3.1142890260465914,-1.1264593154932468e-15,461.50117389770594,461.5011738977058,457.6934171528136,457.6934171528138,-0.13440206887406195,0.13440206887407458,0.45599826630872153,3.220835590569533e-17,1005.6660119292923,1005.6660119292925,1028.4541833513647,1028.4541833513642,-0.5,-0.5,-0.5,-0.5
1,1247,25,after_integrate,1.2469999999999735,1.2459999999999736,0.001,0,0,0.5,0.0,0.0,,3.1195584197514084,4.2928203682123245e-17,3.0173599968097437e-15,6.721308705066442e-15,0.0,0.0,18.975049406059167,3.119558419751409,-1.1265515411008765e-15,461.9552493223407,461.95524932234053,458.1437457144658,458.1437457144659,-0.13441979483418307,0.13441979483418307,0.4559953224973097,5.124936857662363e-18,1005.6440088988758,1005.644008898876,1028.4544369040973,1028.4544369040968,-0.5,-0.5,-0.5,-0.5
1,1248,25,after_integrate,1.2479999999999734,1.2469999999999735,0.001,0,0,0.5,0.0,0.0,,3.1248322800986914,4.3130059837284446e-17,3.024163230682021e-15,6.8477362483365844e-15,0.0,0.0,18.991147786702232,3.1248322800986914,-1.1292779541554566e-15,462.4093280866281,462.4093280866279,458.5941249670561,458.59412496705613,-0.13443742231800976,0.13443742231799713,0.45599240827421683,-4.20897287217267e-17,1005.6220478559192,1005.6220478559194,1028.4544506910074,1028.4544506910074,-0.5,-0.5,-0.5,-0.5
1,1249,25,after_integrate,1.2489999999999732,1.2479999999999734,0.001,0,0,0.5,0.0,0.0,,3.130110607048743,4.3321166487586964e-17,3.03111876118374e-15,7.1363121748772e-15,0.0,0.0,19.007246064978577,3.1301106070487426,-1.134825210413845e-15,462.8634098177768,462.8634098177767,459.0445544619527,459.0445544619528,-0.13445495089571927,0.13445495089573184,0.4559895237831741,3.1857785625215543e-17,1005.6001281388625,1005.6001281388627,1028.454224519014,1028.454224519014,-0.5,-0.5,-0.5,-0.5
1,1250,25,after_integrate,1.2499999999999731,1.2489999999999732,0.001,0,0,0.5,0.0,0.0,,3.1353934005627426,4.350620458164896e-17,3.038405056117124e-15,7.357524061935565e-15,0.0,0.0,19.02334424194033,3.135393400562743,-1.133057835983583e-15,463.31749414349565,463.31749414349554,459.49503374470095,459.495033744701,-0.13447238014740842,0.13447238014742105,0.4559866691644805,6.98799454603893e-18,1005.5782488699734,1005.5782488699737,1028.4537580161777,1028.4537580161777,-0.5,-0.5,-0.5,-0.5
1,1251,26,after_integrate,1.250999999999973,1.2499999999999731,0.001,0,0,0.5,0.0,0.0,,3.1406806606027406,4.368338096654279e-17,3.0459051676715373e-15,7.600948499392746e-15,0.0,0.0,19.03944231864453,3.140680660602741,-1.1364761603836595e-15,463.77158069143064,463.77158069143053,459.94556235456145,459.9455623545615,-0.13448970966300203,0.134489709663002,0.4559838445548647,-2.1999301764053535e-17,1005.5564089596709,1005.5564089596711,1028.4530506354238,1028.4530506354238,-0.5,-0.5,-0.5,-0.5
1,1252,26,after_integrate,1.251999999999973,1.250999999999973,0.001,0,0,0.5,0.0,0.0,,3.1459723871316525,4.384888297933023e-17,3.0535475981393317e-15,7.794895156907796e-15,0.0,0.0,19.055540296152955,3.1459723871316525,-1.1405404112627826e-15,464.2256690886133,464.22566908861313,460.3961398240609,460.3961398240609,-0.13450693904219882,0.13450693904218616,0.4559810500873489,-1.9171841239283818e-17,1005.5346071107406,1005.534607110741,1028.452101658142,1028.452101658142,-0.5,-0.5,-0.5,-0.5
1,1253,26,after_integrate,1.2529999999999728,1.251999999999973,0.001,0,0,0.5,0.0,0.0,,3.151268580113252,4.400602066834007e-17,3.0614413260469774e-15,7.972846995502593e-15,0.0,0.0,19.071638175532026,3.1512685801132516,-1.1423898788023887e-15,464.6797589609181,464.67975896091787,460.8467656785551,460.84676567855513,-0.13452406789449248,0.13452406789449248,0.45597828589112127,-1.0089414820841495e-17,1005.5128418225225,1005.512841822523,1028.4509101977494,1028.4509101977494,-0.5,-0.5,-0.5,-0.5
1,1254,26,after_integrate,1.2539999999999727,1.2529999999999728,0.001,0,0,0.5,0.0,0.0,,3.1565692395121636,4.4153404648156694e-17,3.0695676213537843e-15,8.293634705423318e-15,0.0,0.0,19.08773595785266,3.156569239512163,-1.146256424742558e-15,465.1338499325304,465.1338499325302,461.2974394358032,461.2974394358032,-0.13454109583914317,0.13454109583915577,0.45597555209141427,4.273655778830743e-17,1005.4911113952028,1005.4911113952032,1028.4494752033397,1028.4494752033397,-0.5,-0.5,-0.5,-0.5
1,1255,26,after_integrate,1.2549999999999726,1.2539999999999727,0.001,0,0,0.5,0.0,0.0,,3.1618743652938575,4.429091518484582e-17,3.0779986962583816e-15,8.516806500827203e-15,0.0,0.0,19.103833644190132,3.1618743652938575,-1.1464914233270656e-15,465.5879416254252,465.5879416254249,461.7481606055544,461.7481606055544,-0.13455802250510931,0.13455802250510931,0.4559728488093687,-1.2809854650220483e-17,1005.4694139340113,1005.4694139340118,1028.4477954632428,1028.4477954632428,-0.5,-0.5,-0.5,-0.5
1,1256,26,after_integrate,1.2559999999999725,1.2549999999999726,0.001,0,0,0.5,0.0,0.0,,3.16718395742464,4.441802815708623e-17,3.0866599807646886e-15,8.813455307472406e-15,0.0,0.0,19.119931235623913,3.16718395742464,-1.1515524656746266e-15,466.0420336588542,466.042033658854,462.198928689147,462.198928689147,-0.13457484753101845,0.13457484753100588,0.4559701761619172,-1.54981485448247e-17,1005.4477473534715,1005.447747353472,1028.4458696086065,1028.4458696086065,-0.5,-0.5,-0.5,-0.5
1,1257,26,after_integrate,1.2569999999999724,1.2559999999999725,0.001,0,0,0.5,0.0,0.0,,3.172498015871649,4.45294376047692e-17,3.095496438218591e-15,9.006875340739436e-15,0.0,0.0,19.136028733237527,3.172498015871649,-1.1559550761777806e-15,466.4961256488457,466.49612564884546,462.64974317911754,462.64974317911754,-0.13459157056509946,0.13459157056509946,0.4559675342616728,-1.6091436455247664e-17,1005.426109381559,1005.4261093815594,1028.4436961168965,1028.4436961168965,-0.5,-0.5,-0.5,-0.5
1,1258,26,after_integrate,1.2579999999999723,1.2569999999999724,0.001,0,0,0.5,0.0,0.0,,3.1778165406028442,4.463173948604332e-17,3.104567469719982e-15,8.968550626002753e-15,0.0,0.0,19.152126138118398,3.177816540602844,-1.1568378238532117e-15,466.9502172077115,466.95021720771126,463.10060355882314,463.10060355882314,-0.13460819126522747,0.13460819126524007,0.45596492321680965,3.708954797700232e-19,1005.4044975639395,1005.4044975639399,1028.4412733154588,1028.4412733154588,-0.5,-0.5,-0.5,-0.5
1,1259,26,after_integrate,1.2589999999999721,1.2579999999999723,0.001,0,0,0.5,0.0,0.0,,3.183139531587002,4.47189198300113e-17,3.1136029038924533e-15,9.03363629133424e-15,0.0,0.0,19.168223451357704,3.183139531587002,-1.1603046005874609e-15,467.4043079435667,467.4043079435665,463.55150930207486,463.55150930207486,-0.13462470929879328,0.13462470929880585,0.45596234313095135,4.776859238289858e-18,1005.3829092681337,1005.3829092681342,1028.4385993849962,1028.4385993849962,-0.5,-0.5,-0.5,-0.5
1,1260,26,after_integrate,1.259999999999972,1.2589999999999721,0.001,0,0,0.5,0.0,0.0,,3.1884669887937065,4.479157127467015e-17,3.122704857183801e-15,9.330665081026655e-15,0.0,0.0,19.184320674050195,3.1884669887937065,-1.1654142218821602e-15,467.8583974598577,467.8583974598575,464.00245987278197,464.00245987278197,-0.13464112434269732,0.1346411243426973,0.45595979410305915,-1.7633011030456882e-17,1005.3613416876814,1005.3613416876818,1028.4356723630463,1028.4356723630463,-0.5,-0.5,-0.5,-0.5
1,1261,26,after_integrate,1.260999999999972,1.259999999999972,0.001,0,0,0.5,0.0,0.0,,3.1937989121933423,4.4854172557945117e-17,3.132092938977799e-15,9.427804660447857e-15,0.0,0.0,19.200417807294027,3.193798912193342,-1.1684298217281964e-15,468.3124853549011,468.31248535490096,464.4534547246082,464.4534547246082,-0.1346574360832563,0.13465743608326894,0.455957276227343,3.0662127428224653e-17,1005.3397918462737,1005.3397918462741,1028.4324901474147,1028.4324901474147,-0.5,-0.5,-0.5,-0.5
1,1262,26,after_integrate,1.2619999999999718,1.260999999999972,0.001,0,0,0.5,0.0,0.0,,3.199135301757088,4.490396455635619e-17,3.141580840312641e-15,9.545757070919658e-15,0.0,0.0,19.216514852190606,3.199135301757088,-1.1688575317859522e-15,468.7665712214325,468.76657122143234,464.90449330063905,464.90449330063905,-0.1346736442162604,0.134673644216273,0.4559547895931464,3.184696910632686e-17,1005.318256601892,1005.3182566018925,1028.4290504996065,1028.4290504996065,-0.5,-0.5,-0.5,-0.5
1,1263,26,after_integrate,1.2629999999999717,1.2619999999999718,0.001,0,0,0.5,0.0,0.0,,3.204476157456906,4.494278920700972e-17,3.151143663135391e-15,9.49477897759174e-15,0.0,0.0,19.23261180984442,3.204476157456906,-1.171719299239256e-15,469.220654646165,469.2206546461648,465.3555750330592,465.3555750330592,-0.13468974844680287,0.13468974844679024,0.45595233428485166,-1.8445715512173262e-17,1005.2967326509004,1005.2967326509008,1028.425351048214,1028.425351048214,-0.5,-0.5,-0.5,-0.5
1,1264,26,after_integrate,1.2639999999999716,1.2629999999999717,0.001,0,0,0.5,0.0,0.0,,3.209821479265537,4.496976053327359e-17,3.16075635551323e-15,9.77980398369379e-15,0.0,0.0,19.248708681362803,3.2098214792655364,-1.174043212324726e-15,469.6747352093579,469.6747352093576,465.8066993428426,465.8066993428426,-0.13470574848926165,0.1347057484892616,0.45594991038179933,4.63983222794774e-18,1005.2752165320716,1005.275216532072,1028.421389292217,1028.421389292217,-0.5,-0.5,-0.5,-0.5
1,1265,26,after_integrate,1.2649999999999715,1.2639999999999716,0.001,0,0,0.5,0.0,0.0,,3.21517126715649,4.498929109696065e-17,3.1705898285193307e-15,9.946264726828228e-15,0.0,0.0,19.26480546785586,3.2151712671564905,-1.1803561270402081e-15,470.1288124843951,470.12881248439476,466.2578656394514,466.2578656394514,-0.1347216440673054,0.13472164406731799,0.4559475179581795,8.24584089935481e-19,1005.2537046306807,1005.2537046306813,1028.4171626043649,1028.4171626043649,-0.5,-0.5,-0.5,-0.5
1,1266,26,after_integrate,1.2659999999999714,1.2649999999999715,0.001,0,0,0.5,0.0,0.0,,3.220525521104037,4.499964957901707e-17,3.1806078550905966e-15,1.0027810405110016e-14,0.0,0.0,19.280902170436196,3.220525521104037,-1.18101480121802e-15,470.5828860373735,470.58288603737316,466.70907332054696,466.70907332054696,-0.13473743491377366,0.13473743491377363,0.45594515708296324,-1.5144983131542246e-17,1005.232193182509,1005.2321931825097,1028.412668234447,1028.412668234447,-0.5,-0.5,-0.5,-0.5
1,1267,26,after_integrate,1.2669999999999713,1.2659999999999714,0.001,0,0,0.5,0.0,0.0,,3.225884241083202,4.5000769570308557e-17,3.190703378806162e-15,1.01189404072318e-14,0.0,0.0,19.29699879021876,3.225884241083202,-1.1860749169057993e-15,471.03695542670096,471.0369554267006,467.1603217717105,467.1603217717105,-0.13475312077061918,0.13475312077061916,0.45594282781981327,6.564862038407185e-18,1005.2106782777824,1005.2106782777831,1028.4079033125033,1028.4079033125033,-0.5,-0.5,-0.5,-0.5
1,1268,26,after_integrate,1.2679999999999712,1.2669999999999713,0.001,0,0,0.5,0.0,0.0,,3.2312474270697544,4.499022615459698e-17,3.2008296723846544e-15,1.0174086938935372e-14,0.0,0.0,19.313095328320653,3.2312474270697544,-1.189604354301598e-15,471.491020202704,471.4910202027037,467.61161036617466,467.61161036617466,-0.13476870138887653,0.1347687013888765,0.45594053022700726,1.313365038989581e-17,1005.1891558651438,1005.1891558651445,1028.4028648520637,1028.4028648520637,-0.5,-0.5,-0.5,-0.5
1,1269,26,after_integrate,1.268999999999971,1.2679999999999712,0.001,0,0,0.5,0.0,0.0,,3.2366150790402,4.497039197113593e-17,3.2110696302185902e-15,1.018518832653336e-14,0.0,0.0,19.32919178586096,3.2366150790402,-1.1916442648548437e-15,471.94507990724526,471.94507990724486,468.06293846456435,468.06293846456435,-0.13478417652860342,0.13478417652859076,0.4559382643573597,-4.78816050735567e-17,1005.167621755545,1005.1676217555457,1028.3975497533029,1028.3975497533029,-0.5,-0.5,-0.5,-0.5
1,1270,26,after_integrate,1.269999999999971,1.268999999999971,0.001,0,0,0.5,0.0,0.0,,3.2419871969717735,4.4936802601071287e-17,3.2211233732799653e-15,9.936955585964977e-15,0.0,0.0,19.345288163960497,3.241987196971774,-1.1995799604994626e-15,472.39913407335007,472.3991340733497,468.51430541464856,468.51430541464856,-0.13479954595874852,0.1347995459587485,0.4559360302581606,2.2908763647959906e-18,1005.1460716261732,1005.1460716261739,1028.3919548062263,1028.3919548062263,-0.5,-0.5,-0.5,-0.5
1,1271,26,after_integrate,1.2709999999999708,1.269999999999971,0.001,0,0,0.5,0.0,0.0,,3.24736378084243,4.488787595161717e-17,3.230963789327319e-15,9.805067402868213e-15,0.0,0.0,19.36138446374169,3.24736378084243,-1.2023674377260516e-15,472.8531822248429,472.85318222484256,468.96571055110184,468.96571055110184,-0.13481480945720625,0.13481480945720625,0.4559338279711041,-2.2079806483168188e-17,1005.12450102419,1005.1245010241906,1028.3860766936655,1028.3860766936655,-0.5,-0.5,-0.5,-0.5
1,1272,26,after_integrate,1.2719999999999707,1.2709999999999708,0.001,0,0,0.5,0.0,0.0,,3.2527448306308346,4.482625530232278e-17,3.240688639919674e-15,9.626426825143288e-15,0.0,0.0,19.377480686328326,3.252744830630834,-1.2055421275436276e-15,473.30722387599343,473.3072238759931,469.4171531952747,469.4171531952748,-0.13482996681065818,0.13482996681065818,0.45593165753222664,-2.4588565881853467e-17,1005.102905370599,1005.1029053705997,1028.3799119944085,1028.379911994408,-0.5,-0.5,-0.5,-0.5
1,1273,26,after_integrate,1.2729999999999706,1.2719999999999707,0.001,0,0,0.5,0.0,0.0,,3.2581303463163573,4.475274069458764e-17,3.250183239130063e-15,9.389893347812101e-15,0.0,0.0,19.39357683284537,3.2581303463163573,-1.2103814360215959e-15,473.76125853117105,473.7612585311707,469.8686326549747,469.86863265497476,-0.13484501781452735,0.13484501781452732,0.4559295189718487,1.1903316122770419e-18,1005.081279963974,1005.0812799639747,1028.3734571861737,1028.3734571861737,-0.5,-0.5,-0.5,-0.5
1,1274,26,after_integrate,1.2739999999999705,1.2729999999999706,0.001,0,0,0.5,0.0,0.0,,3.2635203278790614,4.466882693306121e-17,3.259441782897624e-15,9.084361389457465e-15,0.0,0.0,19.40967290441873,3.263520327879061,-1.2111640810402042e-15,474.2152856845091,474.2152856845088,470.32014822425583,470.3201482242559,-0.13485996227292016,0.1348599622729201,0.45592741231451767,-3.2914626489374486e-17,1005.0596199841457,1005.0596199841464,1028.3667086485623,1028.3667086485623,-0.5,-0.5,-0.5,-0.5
1,1275,26,after_integrate,1.2749999999999704,1.2739999999999705,0.001,0,0,0.5,0.0,0.0,,3.268914775299697,4.457581977713547e-17,3.2684122289293463e-15,8.864575677465367e-15,0.0,0.0,19.42576890217512,3.268914775299697,-1.2168892401687536e-15,474.6693048195785,474.66930481957814,470.77169918321783,470.7716991832179,-0.1348747999985672,0.13487479999855453,0.45592533757896747,-5.4707855001477454e-17,1005.0379204959252,1005.0379204959258,1028.3596626660267,1028.3596626660267,-0.5,-0.5,-0.5,-0.5
1,1276,26,after_integrate,1.2759999999999703,1.2749999999999704,0.001,0,0,0.5,0.0,0.0,,3.2743136885596904,4.4476995131357435e-17,3.277156591227963e-15,8.641064354828248e-15,0.0,0.0,19.44186482724179,3.2743136885596904,-1.2212780358375113e-15,475.12331540906956,475.1233154090692,471.2232847978138,471.2232847978139,-0.13488953081268998,0.13488953081267732,0.45592329477805466,-2.9972463571407996e-17,1005.016176452655,1005.0161764526557,1028.3523154306795,1028.352315430679,-0.5,-0.5,-0.5,-0.5
1,1277,26,after_integrate,1.2769999999999702,1.2759999999999703,0.001,0,0,0.5,0.0,0.0,,3.2797170676411374,4.437282794289934e-17,3.2856277576862663e-15,8.305198084533994e-15,0.0,0.0,19.457960680746343,3.2797170676411374,-1.2256100790412443e-15,475.57731691448373,475.5773169144834,471.6749043196677,471.6749043196679,-0.13490415454501697,0.13490415454501695,0.45592128391873915,-2.122803261433501e-17,1004.9943826998402,1004.9943826998409,1028.3446630451842,1028.3446630451838,-0.5,-0.5,-0.5,-0.5
1,1278,26,after_integrate,1.27799999999997,1.2769999999999702,0.001,0,0,0.5,0.0,0.0,,3.2851249125267934,4.426402652235861e-17,3.293887579963446e-15,8.181259807028987e-15,0.0,0.0,19.47405646381653,3.2851249125267934,-1.2297900358283225e-15,476.0313087858331,476.0313087858328,472.1265569858994,472.12655698589964,-0.13491867103367478,0.13491867103367475,0.4559193050020189,2.8954786562040136e-18,1004.972533978668,1004.9725339786687,1028.3367015255194,1028.336701525519,-0.5,-0.5,-0.5,-0.5
1,1279,26,after_integrate,1.27899999999997,1.27799999999997,0.001,0,0,0.5,0.0,0.0,,3.290537223200064,4.4149797321603013e-17,3.3019438047561716e-15,7.991924327174922e-15,0.0,0.0,19.490152177580033,3.290537223200064,-1.231797360553769e-15,476.4852904613495,476.4852904613493,472.57824201895886,472.57824201895903,-0.1349330801250658,0.13493308012506572,0.45591735802291766,-7.9808353015729e-19,1004.95062492944,1004.9506249294404,1028.328426803682,1028.3284268036816,-0.5,-0.5,-0.5,-0.5
1,1280,26,after_integrate,1.2799999999999698,1.27899999999997,0.001,0,0,0.5,0.0,0.0,,3.2959539996449974,4.403705845480697e-17,3.309863847306915e-15,7.83355036549499e-15,0.0,0.0,19.506247823164237,3.2959539996449974,-1.2315534116599292e-15,476.9392613672016,476.93926136720137,473.0299586264681,473.02995862646833,-0.13494738167385936,0.13494738167384673,0.45591544297044384,-2.646914836596783e-17,1004.9286500950479,1004.9286500950484,1028.3198347304133,1028.3198347304128,-0.5,-0.5,-0.5,-0.5
1,1281,26,after_integrate,1.2809999999999697,1.2799999999999698,0.001,0,0,0.5,0.0,0.0,,3.301375241846276,4.3924041698977195e-17,3.3175208442128984e-15,7.474528590988454e-15,0.0,0.0,19.522343401696062,3.301375241846276,-1.2377326858186063e-15,477.3932209172207,477.3932209172204,473.4817060010722,473.4817060010725,-0.1349615755428701,0.13496157554287008,0.45591355982755916,-2.2462135646195783e-17,1004.9066039243746,1004.9066039243751,1028.3109210778618,1028.3109210778614,-0.5,-0.5,-0.5,-0.5
1,1282,26,after_integrate,1.2819999999999696,1.2809999999999697,0.001,0,0,0.5,0.0,0.0,,3.306800949789205,4.3808037100031546e-17,3.3249016326642252e-15,7.323621206761272e-15,0.0,0.0,19.538438914301697,3.3068009497892055,-1.2413664788042351e-15,477.8471685126347,477.8471685126344,473.9334833202971,473.93348332029746,-0.13497566160302316,0.13497566160301053,0.45591170857117264,-2.3846996958382416e-17,1004.8844807755845,1004.884480775585,1028.3016815421443,1028.3016815421438,-0.5,-0.5,-0.5,-0.5
1,1283,26,after_integrate,1.2829999999999695,1.2819999999999696,0.001,0,0,0.5,0.0,0.0,,3.3122311234597066,4.3692737352250526e-17,3.3321555759091962e-15,7.1054223809918945e-15,0.0,0.0,19.55453436210643,3.312231123459707,-1.2432547099828269e-15,478.30110354181096,478.3011035418107,474.3852897464162,474.38528974641656,-0.13498963973320677,0.1349896397332067,0.45590988917209546,-2.1358175216718687e-17,1004.8622749194365,1004.8622749194369,1028.2921117459198,1028.2921117459193,-0.5,-0.5,-0.5,-0.5
1,1284,26,after_integrate,1.2839999999999694,1.2829999999999695,0.001,0,0,0.5,0.0,0.0,,3.3176657628443094,4.358218239844195e-17,3.339252509542438e-15,7.071967339692757e-15,0.0,0.0,19.57062974623439,3.3176657628443094,-1.246963560548123e-15,478.7550253800063,478.75502538000603,474.8371244263236,474.83712442632395,-0.13500350982027548,0.13500350982027545,0.45590810159504674,-2.6441271126803833e-17,1004.8399805424526,1004.8399805424531,1028.2822072408317,1028.2822072408312,-0.5,-0.5,-0.5,-0.5
1,1285,26,after_integrate,1.2849999999999693,1.2839999999999694,0.001,0,0,0.5,0.0,0.0,,3.323104867930139,4.3474541086366523e-17,3.346254707761623e-15,6.959158379285887e-15,0.0,0.0,19.586725067808356,3.3231048679301387,-1.2518661462297603e-15,479.208933389126,479.2089333891257,475.28898649141547,475.2889864914158,-0.13501727175891506,0.13501727175890244,0.4559063457986379,-2.3422246426877926e-17,1004.8175917501948,1004.8175917501952,1028.2719635100564,1028.271963510056,-0.5,-0.5,-0.5,-0.5
1,1286,26,after_integrate,1.2859999999999692,1.2849999999999693,0.001,0,0,0.5,0.0,0.0,,3.3285484387049107,4.3371718361808113e-17,3.3531404074454765e-15,6.818853673865655e-15,0.0,0.0,19.602820327949573,3.3285484387049102,-1.2550338850723714e-15,479.66282691748967,479.6628269174894,475.74087505747815,475.7408750574785,-0.1350309254515449,0.13503092545154488,0.45590462173535445,-2.0939192451282584e-17,1004.7951025703101,1004.7951025703105,1028.2613759706305,1028.26137597063,-0.5,-0.5,-0.5,-0.5
1,1287,26,after_integrate,1.286999999999969,1.2859999999999692,0.001,0,0,0.5,0.0,0.0,,3.333996475156919,4.327312543869846e-17,3.359948877490115e-15,6.817395279437079e-15,0.0,0.0,19.61891552777745,3.333996475156919,-1.2579547930574517e-15,480.11670529960594,480.11670529960566,476.1927892245836,476.192789224584,-0.1350444708083085,0.1350444708083085,0.4559029293515603,-2.381220637276294e-18,1004.7725069556633,1004.7725069556637,1028.2504399758675,1028.2504399758666,-0.5,-0.5,-0.5,-0.5
1,1288,26,after_integrate,1.287999999999969,1.286999999999969,0.001,0,0,0.5,0.0,0.0,,3.3394489772750293,4.3180381885896436e-17,3.366689222313064e-15,6.671353385321058e-15,0.0,0.0,19.63501066840943,3.3394489772750298,-1.2594062956041597e-15,480.57056785595415,480.57056785595387,476.6447280769916,476.64472807699195,-0.13505790774691268,0.13505790774691262,0.45590126858750024,-2.2979500335671208e-17,1004.7497987872719,1004.7497987872723,1028.2391508175742,1028.2391508175738,-0.5,-0.5,-0.5,-0.5
1,1289,26,after_integrate,1.2889999999999688,1.287999999999969,0.001,0,0,0.5,0.0,0.0,,3.3449059450486684,4.309385178298984e-17,3.373349970601472e-15,6.638472480193867e-15,0.0,0.0,19.65110575096074,3.3449059450486684,-1.2625536654207892e-15,481.02441389277357,481.0244138927733,477.09669068305834,477.0966906830587,-0.13507123619259256,0.13507123619257994,0.4558996393772873,-4.7238140451269336e-17,1004.7269718773349,1004.7269718773354,1028.2275037283796,1028.2275037283791,-0.5,-0.5,-0.5,-0.5
1,1290,26,after_integrate,1.2899999999999687,1.2889999999999688,0.001,0,0,0.5,0.0,0.0,,3.3503673784678174,4.301210804519429e-17,3.3799661103205275e-15,6.636354735976144e-15,0.0,0.0,19.66720077654413,3.350367378467817,-1.2653634189995825e-15,481.47824270186015,481.47824270185987,477.5486760951519,477.54867609515225,-0.1350844560779891,0.13508445607797648,0.4558980416489304,-4.688442571613888e-17,1004.7040199721706,1004.7040199721711,1028.215493883971,1028.2154938839706,-0.5,-0.5,-0.5,-0.5
1,1291,26,after_integrate,1.2909999999999686,1.2899999999999687,0.001,0,0,0.5,0.0,0.0,,3.3558332775229998,4.293436171866036e-17,3.3865218263823964e-15,6.447415953194611e-15,0.0,0.0,19.683295746269774,3.355833277523,-1.270498084821384e-15,481.9320535603708,481.93205356037066,478.000683349574,478.00068334957433,-0.1350975673430883,0.13509756734308828,0.45589647532432315,-3.829164007188325e-18,1004.6809367549869,1004.6809367549871,1028.2031164051589,1028.2031164051584,-0.5,-0.5,-0.5,-0.5
1,1292,26,after_integrate,1.2919999999999685,1.2909999999999686,0.001,0,0,0.5,0.0,0.0,,3.361303642205275,4.285994859788358e-17,3.392903570957026e-15,6.274133942916898e-15,0.0,0.0,19.699390661244927,3.361303642205275,-1.2727525723592739e-15,482.3858457306343,482.38584573063406,478.45271146648724,478.4527114664876,-0.1351105699351485,0.1351105699351611,0.4558949403192754,2.5166478834136493e-17,1004.6577158487332,1004.6577158487337,1028.1903663600542,1028.1903663600538,-0.5,-0.5,-0.5,-0.5
1,1293,26,after_integrate,1.2929999999999684,1.2919999999999685,0.001,0,0,0.5,0.0,0.0,,3.366778472506228,4.278909399940211e-17,3.3991112715160947e-15,6.248871884793278e-15,0.0,0.0,19.715485522573772,3.366778472506228,-1.2752652023691532e-15,482.83961845996924,482.8396184599691,478.90475944984934,478.9047594498497,-0.13512346380860243,0.1351234638085898,0.455893436543513,-1.8389662854936795e-17,1004.6343508188602,1004.6343508188606,1028.177238766136,1028.1772387661356,-0.5,-0.5,-0.5,-0.5
1,1294,26,after_integrate,1.2939999999999683,1.2929999999999684,0.001,0,0,0.5,0.0,0.0,,3.3722577684179607,4.2724928485209674e-17,3.4052871570492692e-15,6.0878074093041035e-15,0.0,0.0,19.73158033135721,3.372257768417961,-1.276753712168857e-15,483.2933709805097,483.29337098050945,479.3568262873521,479.3568262873524,-0.13513624892490858,0.13513624892490855,0.4558919639007164,3.044692080925707e-18,1004.6108351759692,1004.6108351759697,1028.1637285922227,1028.1637285922222,-0.5,-0.5,-0.5,-0.5
1,1295,26,after_integrate,1.2949999999999682,1.2939999999999683,0.001,0,0,0.5,0.0,0.0,,3.3777415299330826,4.2665048267599264e-17,3.4113032128720002e-15,5.892882777243518e-15,0.0,0.0,19.747675088692638,3.3777415299330826,-1.2787315689677622e-15,483.74710250903615,483.7471025090359,479.8089109503665,479.80891095036696,-0.1351489252525662,0.13514892525256617,0.4558905222885267,-1.944513007412314e-17,1004.5871623784601,1004.5871623784606,1028.149830760459,1028.1498307604581,-0.5,-0.5,-0.5,-0.5
1,1296,26,after_integrate,1.295999999999968,1.2949999999999682,0.001,0,0,0.5,0.0,0.0,,3.383229757044703,4.2612404533594965e-17,3.4172278150583853e-15,5.92302989404284e-15,0.0,0.0,19.76376979567373,3.3832297570447034,-1.2811427492016373e-15,484.2008122468145,484.20081224681434,480.2610123938936,480.261012393894,-0.13516149276696715,0.13516149276696712,0.45588911159858375,-2.347847159518364e-17,1004.5633258351535,1004.5633258351539,1028.1355401482674,1028.1355401482665,-0.5,-0.5,-0.5,-0.5
1,1297,26,after_integrate,1.296999999999968,1.295999999999968,0.001,0,0,0.5,0.0,0.0,,3.388722449746421,4.256787175320657e-17,3.423119187300959e-15,5.925779049194912e-15,0.0,0.0,19.77986445339022,3.388722449746421,-1.2832678927932575e-15,484.65449937944067,484.6544993794405,480.7131295565194,480.7131295565198,-0.13517395145032196,0.1351739514503093,0.4558877317165511,-4.5313139386604685e-17,1004.5393189077631,1004.5393189077636,1028.1208515901692,1028.1208515901683,-0.5,-0.5,-0.5,-0.5
1,1298,26,after_integrate,1.2979999999999678,1.296999999999968,0.001,0,0,0.5,0.0,0.0,,3.3942196080323166,4.2529614696399595e-17,3.429016851695601e-15,5.857293221901222e-15,0.0,0.0,19.795959062927704,3.394219608032316,-1.288250360047108e-15,485.10816307669177,485.10816307669154,481.16526136037595,481.16526136037635,-0.13518630129152448,0.13518630129153705,0.4558863825221497,2.591950302624164e-17,1004.5151349133487,1004.5151349133491,1028.1057598795912,1028.1057598795903,-0.5,-0.5,-0.5,-0.5
1,1299,26,after_integrate,1.2989999999999677,1.2979999999999678,0.001,0,0,0.5,0.0,0.0,,3.399721231896943,4.249721944555524e-17,3.4348012202944383e-15,5.7373640961294065e-15,0.0,0.0,19.812053625367444,3.3997212318969425,-1.2892902421857534e-15,485.5618024923835,485.56180249238326,481.61740671110704,481.61740671110744,-0.1351985422861793,0.13519854228616662,0.4558850638891936,-4.7636676519131315e-17,1004.4907671268202,1004.4907671268206,1028.0902597707304,1028.0902597707295,-0.5,-0.5,-0.5,-0.5
1,1300,26,after_integrate,1.2999999999999676,1.2989999999999677,0.001,0,0,0.5,0.0,0.0,,3.4052273213353152,4.2471033981857974e-17,3.440512998508489e-15,5.676580932194159e-15,0.0,0.0,19.828148141786116,3.4052273213353152,-1.2919257948297899e-15,486.0154167642336,486.0154167642334,482.06956449783826,482.06956449783866,-0.1352106744363642,0.13521067443636417,0.4558837756856333,-1.9385093138688334e-17,1004.4662087832048,1004.4662087832053,1028.0743459801868,1028.0743459801859,-0.5,-0.5,-0.5,-0.5
1,1301,27,after_integrate,1.3009999999999675,1.2999999999999676,0.001,0,0,0.5,0.0,0.0,,3.410737876342904,4.245389443563333e-17,3.446218974033949e-15,5.7050615156327195e-15,0.0,0.0,19.84424261325567,3.410737876342904,-1.2943144886008172e-15,486.46900501373136,486.4690050137312,482.52173359315196,482.5217335931524,-0.1352226977506458,0.1352226977506458,0.45588251777358685,-1.8984903622624753e-17,1004.4414530799872,1004.4414530799877,1028.0580131886854,1028.0580131886845,-0.5,-0.5,-0.5,-0.5
1,1302,27,after_integrate,1.3019999999999674,1.3009999999999675,0.001,0,0,0.5,0.0,0.0,,3.4162528969156254,4.244372867366428e-17,3.4518918550821924e-15,5.655293133583359e-15,0.0,0.0,19.860337040843035,3.416252896915626,-1.2987588309252647e-15,486.922566346013,486.92256634601284,482.97391285306645,482.97391285306685,-0.1352346122439681,0.13523461224396807,0.45588129000940536,6.355377217315947e-18,1004.4164931793731,1004.4164931793736,1028.0412560427226,1028.0412560427217,-0.5,-0.5,-0.5,-0.5
1,1303,27,after_integrate,1.3029999999999673,1.3019999999999674,0.001,0,0,0.5,0.0,0.0,,3.421772383049832,4.244097660081252e-17,3.4575651139000782e-15,5.627895168412297e-15,0.0,0.0,19.876431425610015,3.4217723830498317,-1.2988541492341056e-15,487.376099849742,487.3760998497418,483.4261011170194,483.4261011170198,-0.13524641793751638,0.13524641793750375,0.4558800922436904,-2.710070513434628e-17,1004.3913222104445,1004.391322210445,1028.024069156116,1028.024069156115,-0.5,-0.5,-0.5,-0.5
1,1304,27,after_integrate,1.3039999999999672,1.3029999999999673,0.001,0,0,0.5,0.0,0.0,,3.4272963347423056,4.244152380985546e-17,3.463144684295636e-15,5.653676886219229e-15,0.0,0.0,19.892525768613005,3.427296334742305,-1.3036164491282796e-15,487.8296045969961,487.8296045969959,483.8782972078555,483.8782972078559,-0.13525811485866873,0.1352581148586687,0.4558789243213734,-1.733411397097478e-17,1004.3659332713621,1004.3659332713626,1028.0064471116114,1028.0064471116104,-0.5,-0.5,-0.5,-0.5
1,1305,27,after_integrate,1.304999999999967,1.3039999999999672,0.001,0,0,0.5,0.0,0.0,,3.4328247519902457,4.245114638943734e-17,3.4688276745106964e-15,5.624803764319102e-15,0.0,0.0,19.90862007090286,3.432824751990246,-1.306610462585151e-15,488.2830796431591,488.2830796431589,484.3304999318176,484.330499931818,-0.13526970304092312,0.13526970304092312,0.45587778608175045,-2.3276181538551107e-17,1004.3403194313616,1004.3403194313621,1027.9883844622902,1027.9883844622893,-0.5,-0.5,-0.5,-0.5
1,1306,27,after_integrate,1.305999999999967,1.304999999999967,0.001,0,0,0.5,0.0,0.0,,3.438357634791263,4.246382621745246e-17,3.4744166015342536e-15,5.635889791493938e-15,0.0,0.0,19.92471433352462,3.438357634791263,-1.3081530159232408e-15,488.7365240268176,488.7365240268174,484.7827080785418,484.7827080785422,-0.13528118252372315,0.13528118252373575,0.455876677358549,2.963083643078333e-17,1004.314473732844,1004.3144737328445,1027.9698757330839,1027.969875733083,-0.5,-0.5,-0.5,-0.5
1,1307,27,after_integrate,1.3069999999999669,1.305999999999967,0.001,0,0,0.5,0.0,0.0,,3.44389498314337,4.2484786573883414e-17,3.4800741251589793e-15,5.6497752647708e-15,0.0,0.0,19.9408085575174,3.4438949831433696,-1.3071333227970105e-15,489.18993676966375,489.1899367696635,485.2349204210565,485.23492042105687,-0.13529255335248527,0.13529255335248525,0.45587559797997745,4.820331004126749e-18,1004.2883891933764,1004.2883891933768,1027.9509154222003,1027.9509154221994,-0.5,-0.5,-0.5,-0.5
1,1308,27,after_integrate,1.3079999999999667,1.3069999999999669,0.001,0,0,0.5,0.0,0.0,,3.4494367970449726,4.25124242086811e-17,3.485730158504948e-15,5.612537331460976e-15,0.0,0.0,19.956902743914124,3.449436797044972,-1.3101777962127736e-15,489.64331687640237,489.6433168764022,485.68713571578405,485.6871357157845,-0.1353038155783872,0.13530381557838717,0.45587454776878983,-1.3687035621068346e-17,1004.2620588075378,1004.2620588075382,1027.9314980024162,1027.9314980024153,-0.5,-0.5,-0.5,-0.5
1,1309,27,after_integrate,1.3089999999999666,1.3079999999999667,0.001,0,0,0.5,0.0,0.0,,3.4549830764948615,4.2544343782492876e-17,3.4913515851301316e-15,5.637665287971433e-15,0.0,0.0,19.972996893741374,3.4549830764948615,-1.3120917101627928e-15,490.096663334663,490.09666333466276,486.1393527025463,486.1393527025467,-0.13531496925835715,0.13531496925835712,0.45587352654235086,7.581276803754549e-18,1004.2354755488591,1004.2354755488595,1027.9116179224663,1027.9116179224654,-0.5,-0.5,-0.5,-0.5
1,1310,27,after_integrate,1.3099999999999665,1.3089999999999666,0.001,0,0,0.5,0.0,0.0,,3.460533821492202,4.258224692220352e-17,3.496993455084302e-15,5.7542613568927884e-15,0.0,0.0,19.9890910080192,3.460533821492202,-1.3147930506344087e-15,490.54997511491706,490.54997511491683,486.5915701045732,486.59157010457363,-0.13532601445496298,0.13532601445496295,0.4558725341126975,-1.625488731013581e-17,1004.2086323716053,1004.2086323716057,1027.8912696082803,1027.8912696082793,-0.5,-0.5,-0.5,-0.5
1,1311,27,after_integrate,1.3109999999999664,1.3099999999999665,0.001,0,0,0.5,0.0,0.0,,3.4660890320365283,4.262650373568993e-17,3.5028092039574004e-15,5.7743938972779065e-15,0.0,0.0,20.005185087760907,3.4660890320365283,-1.3173671698693789e-15,491.0032511703992,491.003251170399,487.04378662851377,487.04378662851417,-0.1353369512363136,0.13533695123630096,0.4558715702866072,-4.4585114904485614e-17,1004.1815222125575,1004.181522212558,1027.8704474642398,1027.8704474642389,-0.5,-0.5,-0.5,-0.5
1,1312,27,after_integrate,1.3119999999999663,1.3109999999999664,0.001,0,0,0.5,0.0,0.0,,3.471648708127732,4.267253637880237e-17,3.5085302723506672e-15,5.711108825183017e-15,0.0,0.0,20.021279133972875,3.471648708127732,-1.320902565004477e-15,491.45649043703366,491.45649043703344,487.49600096445084,487.49600096445124,-0.13534777967594755,0.13534777967593492,0.45587063486566876,-4.390555991057901e-17,1004.1541379927136,1004.154137992714,1027.8491458743588,1027.8491458743579,-0.5,-0.5,-0.5,-0.5
1,1313,27,after_integrate,1.3129999999999662,1.3119999999999663,0.001,0,0,0.5,0.0,0.0,,3.477212849766057,4.2720032617701697e-17,3.5142080090501045e-15,5.6440310903881244e-15,0.0,0.0,20.037373147654428,3.477212849766057,-1.3242050746819512e-15,491.9096918333644,491.9096918333642,487.94821178591775,487.9482117859181,-0.1353584998527854,0.13535849985278536,0.4558697276463587,-2.0869724986404328e-17,1004.1264726189573,1004.1264726189578,1027.827359203437,1027.8273592034366,-0.5,-0.5,-0.5,-0.5
1,1314,27,after_integrate,1.313999999999966,1.3129999999999662,0.001,0,0,0.5,0.0,0.0,,3.482781456952087,4.2770873134868157e-17,3.5198702883538655e-15,5.665307715635606e-15,0.0,0.0,20.05346712979759,3.4827814569520865,-1.325368711761153e-15,492.36285426048966,492.3628542604894,488.40041774991784,488.4004177499182,-0.13536911185100528,0.13536911185100528,0.4558688484200983,-1.811081796736002e-17,1004.098518985697,1004.0985189856974,1027.805081798206,1027.8050817982055,-0.5,-0.5,-0.5,-0.5
1,1315,27,after_integrate,1.314999999999966,1.313999999999966,0.001,0,0,0.5,0.0,0.0,,3.4883545296867404,4.2826181584246733e-17,3.5255459317265008e-15,5.6838295971888555e-15,0.0,0.0,20.069561081386922,3.4883545296867404,-1.3297139485620497e-15,492.81597660200134,492.8159766020011,488.8526174969462,488.85261749694655,-0.13537961575998306,0.13537961575997043,0.4558679969733527,-4.2660293909334855e-17,1004.0702699763705,1004.0702699763709,1027.7823079883376,1027.7823079883372,-0.5,-0.5,-0.5,-0.5
1,1316,27,after_integrate,1.3159999999999659,1.314999999999966,0.001,0,0,0.5,0.0,0.0,,3.4939320679712607,4.2884299792358475e-17,3.5312328386880114e-15,5.637539560523193e-15,0.0,0.0,20.085655003399385,3.4939320679712607,-1.3327151068605184e-15,493.269057723927,493.26905772392684,489.30480965101407,489.3048096510144,-0.13539001167412998,0.13539001167412995,0.45586717308769426,-2.0161481550304782e-17,1004.0417184650086,1004.041718465009,1027.7590320875333,1027.759032087533,-0.5,-0.5,-0.5,-0.5
1,1317,27,after_integrate,1.3169999999999658,1.3159999999999659,0.001,0,0,0.5,0.0,0.0,,3.4995140718072077,4.2945263850877557e-17,3.536881653355852e-15,5.7247596174535385e-15,0.0,0.0,20.101748896804125,3.4995140718072077,-1.3372251014692774e-15,493.72209647467724,493.722096474677,489.7569928196747,489.75699281967496,-0.1354002996929208,0.13540029969290818,0.455866376539881,-1.798176813796743e-17,1004.0128573176734,1004.0128573176738,1027.7352483944865,1027.735248394486,-0.5,-0.5,-0.5,-0.5
1,1318,27,after_integrate,1.3179999999999656,1.3169999999999658,0.001,0,0,0.5,0.0,0.0,,3.5051005411964504,4.3010945309848556e-17,3.542603897620591e-15,5.702410150037286e-15,0.0,0.0,20.117842762562336,3.50510054119645,-1.3386525133362453e-15,494.1750916849955,494.1750916849953,490.20916559405157,490.2091655940519,-0.13541047992065644,0.13541047992066904,0.4558656071019438,3.160195274417898e-17,1003.9836793938745,1003.9836793938749,1027.7109511938484,1027.710951193848,-0.5,-0.5,-0.5,-0.5
1,1319,27,after_integrate,1.3189999999999655,1.3179999999999656,0.001,0,0,0.5,0.0,0.0,,3.5106914761411576,4.3080325265782935e-17,3.5483190980141995e-15,5.729125021156149e-15,0.0,0.0,20.133936601627077,3.510691476141158,-1.3387067310589312e-15,494.6280421679123,494.62804216791216,490.66132654886894,490.6613265488693,-0.1354205524665421,0.1354205524665421,0.4558648645412718,-2.1183749874132487e-17,1003.9541775479365,1003.954177547937,1027.6861347571403,1027.6861347571398,-0.5,-0.5,-0.5,-0.5
1,1320,27,after_integrate,1.3199999999999654,1.3189999999999655,0.001,0,0,0.5,0.0,0.0,,3.5162868766437905,4.315455719307071e-17,3.55405659866183e-15,5.737277499178672e-15,0.0,0.0,20.150030414943103,3.5162868766437905,-1.3421546549610252e-15,495.08094671870305,495.0809467187028,491.1134742424832,491.1134742424835,-0.13543051744442516,0.13543051744442516,0.45586414862068314,6.582907527249798e-18,1003.9243446303149,1003.9243446303153,1027.660793343632,1027.6607933436314,-0.5,-0.5,-0.5,-0.5
1,1321,27,after_integrate,1.3209999999999653,1.3199999999999654,0.001,0,0,0.5,0.0,0.0,,3.5218867427070952,4.3228997760935956e-17,3.559743084080518e-15,5.665345430153035e-15,0.0,0.0,20.166124203446728,3.5218867427070952,-1.3440988590696773e-15,495.533804114848,495.5338041148478,491.56560721691653,491.5656072169169,-0.1354403749728224,0.1354403749728224,0.4558634590985236,-1.824885766114553e-17,1003.894173488887,1003.8941734888874,1027.6349212012092,1027.6349212012087,-0.5,-0.5,-0.5,-0.5
1,1322,27,after_integrate,1.3219999999999652,1.3209999999999653,0.001,0,0,0.5,0.0,0.0,,3.5274910743340926,4.330835592058205e-17,3.565476189304653e-15,5.770900186287572e-15,0.0,0.0,20.182217968065654,3.5274910743340926,-1.344566798377812e-15,495.9866131159978,495.98661311599756,492.0177239978916,492.01772399789195,-0.13545012517478427,0.13545012517478427,0.45586279572875077,4.6100669088163874e-18,1003.8636569701267,1003.8636569701272,1027.6085125671273,1027.6085125671268,-0.5,-0.5,-0.5,-0.5
1,1323,27,after_integrate,1.322999999999965,1.3219999999999652,0.001,0,0,0.5,0.0,0.0,,3.5330998715280724,4.3391397996949086e-17,3.5712400764973866e-15,5.808166064379095e-15,0.0,0.0,20.19831170971881,3.533099871528072,-1.348676894205426e-15,496.4393724639395,496.4393724639392,492.46982309486845,492.46982309486873,-0.13545976817783442,0.1354597681778218,0.4558621582610188,-1.3484911094078723e-17,1003.8327879203555,1003.8327879203559,1027.581561668857,1027.5815616688565,-0.5,-0.5,-0.5,-0.5
1,1324,27,after_integrate,1.323999999999965,1.322999999999965,0.001,0,0,0.5,0.0,0.0,,3.5387131342925833,4.347899649211222e-17,3.5770962511869915e-15,5.835548669257995e-15,0.0,0.0,20.214405429316233,3.5387131342925833,-1.3508105822609501e-15,496.8920808825676,496.89208088256737,492.92190300108115,492.9219030010815,-0.13546930411382063,0.13546930411382063,0.4558615464407735,6.977913467890573e-18,1003.8015591867975,1003.8015591867979,1027.5540627247437,1027.5540627247433,-0.5,-0.5,-0.5,-0.5
1,1325,27,after_integrate,1.3249999999999649,1.323999999999965,0.001,0,0,0.5,0.0,0.0,,3.5443308626314276,4.3568775352877017e-17,3.582925205759676e-15,5.85066483933902e-15,0.0,0.0,20.23049912775888,3.5443308626314276,-1.3528693135806581e-15,497.34473707785725,497.344737077857,493.3739621935774,493.37396219357777,-0.13547873311890543,0.13547873311890543,0.4558609600093374,7.689184300787612e-18,1003.7699636187352,1003.7699636187357,1027.5260099447783,1027.5260099447778,-0.5,-0.5,-0.5,-0.5
1,1326,27,after_integrate,1.3259999999999648,1.3249999999999649,0.001,0,0,0.5,0.0,0.0,,3.549953056548651,4.366123168314862e-17,3.588775907030727e-15,5.84261992441219e-15,0.0,0.0,20.246592805938512,3.5499530565486515,-1.3542932033986183e-15,497.7973397378402,497.79733973784005,493.8259991332579,493.8259991332582,-0.13548805533341643,0.13548805533342903,0.45586039870400685,5.238689910297457e-18,1003.7379940685107,1003.7379940685112,1027.4973975312191,1027.4973975312187,-0.5,-0.5,-0.5,-0.5
1,1327,27,after_integrate,1.3269999999999647,1.3259999999999648,0.001,0,0,0.5,0.0,0.0,,3.5555797160485354,4.375499754662011e-17,3.59457958766532e-15,5.843266702889058e-15,0.0,0.0,20.26268646473755,3.5555797160485354,-1.3570400330799903e-15,498.24988753258356,498.2498875325834,494.2780122649168,494.27801226491715,-0.13549727090178768,0.13549727090180028,0.45585986225814557,4.976063628146698e-18,1003.7056433925408,1003.7056433925412,1027.468219679249,1027.4682196792485,-0.5,-0.5,-0.5,-0.5
1,1328,27,after_integrate,1.3279999999999645,1.3269999999999647,0.001,0,0,0.5,0.0,0.0,,3.5612108411355923,4.385258473209845e-17,3.600389526400642e-15,5.711854782054962e-15,0.0,0.0,20.278780105028915,3.5612108411355923,-1.3574236785618658e-15,498.70237911417115,498.702379114171,494.7300000172837,494.73000001728406,-0.1355063799724724,0.13550637997245976,0.45585935040127273,-1.6723590380837422e-17,1003.6729044522948,1003.6729044522953,1027.438470577593,1027.4384705775926,-0.5,-0.5,-0.5,-0.5
1,1329,27,after_integrate,1.3289999999999644,1.3279999999999645,0.001,0,0,0.5,0.0,0.0,,3.5668464318145534,4.395085270858302e-17,3.6061056062864e-15,5.705441480038292e-15,0.0,0.0,20.29487372767594,3.5668464318145534,-1.3608085398152797e-15,499.1548131166874,499.1548131166872,495.1819608030655,495.18196080306586,-0.1355153826977955,0.1355153826977955,0.4558588628591627,1.0615986069445775e-17,1003.6397701151908,1003.6397701151913,1027.4081444090727,1027.4081444090723,-0.5,-0.5,-0.5,-0.5
1,1330,27,after_integrate,1.3299999999999643,1.3289999999999644,0.001,0,0,0.5,0.0,0.0,,3.572486488090364,4.4052285438951054e-17,3.611867759165212e-15,5.799070659658187e-15,0.0,0.0,20.310967333532183,3.572486488090364,-1.362730285993352e-15,499.60718815620373,499.6071881562035,495.63389301898974,495.6338930189901,-0.13552427923398164,0.13552427923399427,0.4558583993539414,2.1851340096411795e-18,1003.6062332554659,1003.6062332554663,1027.3772353511451,1027.3772353511447,-0.5,-0.5,-0.5,-0.5
1,1331,27,after_integrate,1.3309999999999642,1.3299999999999643,0.001,0,0,0.5,0.0,0.0,,3.578131009968176,4.415635337461862e-17,3.61766838953998e-15,5.815259672328801e-15,0.0,0.0,20.327060923441348,3.578131009968176,-1.3654773064554582e-15,500.0595028307667,500.05950283076646,496.0857950458471,496.0857950458474,-0.1355330697409813,0.1355330697409813,0.45585795960417735,-1.7870104666285793e-17,1003.5722867550355,1003.572286755036,1027.345737576435,1027.3457375764347,-0.5,-0.5,-0.5,-0.5
1,1332,27,after_integrate,1.331999999999964,1.3309999999999642,0.001,0,0,0.5,0.0,0.0,,3.5837799974533375,4.426402152771802e-17,3.623537421735985e-15,5.9183125382962735e-15,0.0,0.0,20.343154498237134,3.5837799974533375,-1.3665679136739893e-15,500.51175572038903,500.51175572038875,496.53766524853626,496.5376652485366,-0.13554175438238544,0.13554175438239807,0.45585754332498896,4.988863303637745e-18,1003.537923504276,1003.5379235042765,1027.313645253209,1027.3136452532085,-0.5,-0.5,-0.5,-0.5
1,1333,27,after_integrate,1.332999999999964,1.331999999999964,0.001,0,0,0.5,0.0,0.0,,3.58943345055139,4.437592475590407e-17,3.629459399391272e-15,5.929503338523141e-15,0.0,0.0,20.359248058743127,3.5894334505513896,-1.3702062704125846e-15,500.96394538704203,500.96394538704175,496.9895019761075,496.9895019761078,-0.13555033332540378,0.13555033332540378,0.45585715022813006,-1.873871051993977e-17,1003.5031364027769,1003.5031364027774,1027.2809525458188,1027.2809525458183,-0.5,-0.5,-0.5,-0.5
1,1334,27,after_integrate,1.3339999999999639,1.332999999999964,0.001,0,0,0.5,0.0,0.0,,3.595091369268056,4.4490395970685516e-17,3.635441909382467e-15,6.0234691815385196e-15,0.0,0.0,20.375341605772668,3.595091369268056,-1.371353987373665e-15,501.41607037465076,501.4160703746505,497.44130356180693,497.4413035618073,-0.13555880674069054,0.13555880674067794,0.45585678002209756,-3.831646310523014e-17,1003.46791836008,1003.4679183600805,1027.2476536151582,1027.2476536151578,-0.5,-0.5,-0.5,-0.5
1,1335,27,after_integrate,1.3349999999999638,1.3339999999999639,0.001,0,0,0.5,0.0,0.0,,3.600753753609237,4.460973991109012e-17,3.641548609187026e-15,6.1228076151561355e-15,0.0,0.0,20.39143514012876,3.600753753609237,-1.3748159268464777e-15,501.8681292090898,501.8681292090895,497.8930683231216,497.89306832312195,-0.13556717480232328,0.1355671748023359,0.45585643241222695,5.303323286990042e-18,1003.4322622963152,1003.4322622963157,1027.2137426190018,1027.2137426190013,-0.5,-0.5,-0.5,-0.5
1,1336,27,after_integrate,1.3359999999999637,1.3349999999999638,0.001,0,0,0.5,0.0,0.0,,3.606420603581,4.4730421500870944e-17,3.647665504751889e-15,6.249147295759271e-15,0.0,0.0,20.407528662603944,3.606420603581,-1.3791853070598447e-15,502.32012039818255,502.3201203981823,498.344794561824,498.34479456182436,-0.13557543768772976,0.13557543768774238,0.45585610710313246,6.3994989489399605e-18,1003.3965164792273,1003.3965164792278,1027.1795690487743,1027.1795690487738,-0.5,-0.5,-0.5,-0.5
1,1337,27,after_integrate,1.3369999999999636,1.3359999999999637,0.001,0,0,0.5,0.0,0.0,,3.6120919191896985,4.4854153715290313e-17,3.653921666054676e-15,6.1840573759868266e-15,0.0,0.0,20.42362217398032,3.612091919189698,-1.3794841469814523e-15,502.77204381339834,502.77204381339817,498.7964819492415,498.7964819492418,-0.13558359557898766,0.1355835955790003,0.4558558037838194,7.656689035328283e-18,1003.3590989429244,1003.3590989429249,1027.1435521270937,1027.1435521270932,-0.5,-0.5,-0.5,-0.5
1,1338,27,after_integrate,1.3379999999999634,1.3369999999999636,0.001,0,0,0.5,0.0,0.0,,3.617767700441555,4.4977273336955657e-17,3.660111871554985e-15,6.2180502534236296e-15,0.0,0.0,20.439715675028566,3.617767700441555,-1.3811753715835786e-15,503.22389007352854,503.2238900735283,499.24812088328287,499.2481208832832,-0.1355916486578221,0.1355916486578221,0.4558555221474769,-2.056965075508772e-17,1003.3193008756424,1003.3193008756429,1027.1049843536834,1027.104984353683,-0.5,-0.5,-0.5,-0.5
1,1339,27,after_integrate,1.3389999999999633,1.3379999999999634,0.001,0,0,0.5,0.0,0.0,,3.6234479473412335,4.510025246286399e-17,3.66633566931511e-15,6.218229060410732e-15,0.0,0.0,20.45580916650899,3.6234479473412335,-1.3836678532850549e-15,503.6756548232164,503.6756548232161,499.69970680461296,499.6997068046133,-0.13559959708980995,0.13559959708979735,0.4558552618871433,-4.3550736111069093e-17,1003.27789027318,1003.2778902731804,1027.0646349354251,1027.0646349354247,-0.5,-0.5,-0.5,-0.5
1,1340,27,after_integrate,1.3399999999999632,1.3389999999999633,0.001,0,0,0.5,0.0,0.0,,3.6291326598933216,4.5224173539088366e-17,3.672555539639559e-15,6.27556881851574e-15,0.0,0.0,20.471902649170666,3.6291326598933216,-1.3883045937338207e-15,504.12733315758385,504.12733315758356,500.1512346058191,500.15123460581947,-0.1356074410421204,0.13560744104213304,0.4558550226831473,5.626782352577861e-18,1003.2348471165607,1003.2348471165611,1027.0224850557577,1027.0224850557572,-0.5,-0.5,-0.5,-0.5
1,1341,27,after_integrate,1.340999999999963,1.3399999999999632,0.001,0,0,0.5,0.0,0.0,,3.6348218381018405,4.5349592123690304e-17,3.678841350751598e-15,6.2301308983000954e-15,0.0,0.0,20.487996123751277,3.6348218381018405,-1.389166574862324e-15,504.57892032078655,504.57892032078627,500.6026993323201,500.60269933232047,-0.13561518067808379,0.13561518067807118,0.4558548042070466,-1.848478396102269e-17,1003.1901761820667,1003.1901761820671,1026.9785406707535,1026.978540670753,-0.5,-0.5,-0.5,-0.5
1,1342,27,after_integrate,1.341999999999963,1.340999999999963,0.001,0,0,0.5,0.0,0.0,,3.640515481970345,4.547488058557009e-17,3.685112804131892e-15,6.307677240020876e-15,0.0,0.0,20.5040895909767,3.640515481970345,-1.39308978368727e-15,505.0304114815284,505.0304114815281,501.05409595735773,501.0540959573581,-0.1356228161584634,0.1356228161584634,0.45585460612083795,-1.8578197425977794e-17,1003.143854159108,1003.1438541591084,1026.9327796300881,1026.9327796300877,-0.5,-0.5,-0.5,-0.5
1,1343,27,after_integrate,1.342999999999963,1.341999999999963,0.001,0,0,0.5,0.0,0.0,,3.6462135915018967,4.560020213291399e-17,3.691415686880073e-15,6.3196419399810475e-15,0.0,0.0,20.52018305156074,3.6462135915018967,-1.3969484779180385e-15,505.4818017122102,505.4818017122099,501.50541936127775,501.5054193612781,-0.13563034764165488,0.13563034764165488,0.45585442807649584,7.09712265854975e-18,1003.0958392820231,1003.0958392820236,1026.8851613080576,1026.8851613080571,-0.5,-0.5,-0.5,-0.5
1,1344,27,after_integrate,1.3439999999999628,1.342999999999963,0.001,0,0,0.5,0.0,0.0,,3.65191616669904,4.5726817565408703e-17,3.697735068225867e-15,6.3110689844708286e-15,0.0,0.0,20.53627650620471,3.65191616669904,-1.3979193132805258e-15,505.9330859632933,505.933085963293,501.95666430602654,501.9566643060269,-0.13563777528353493,0.13563777528353493,0.4558542697156605,-1.7675823875916035e-17,1003.0460828381849,1003.0460828381854,1026.8356381109013,1026.8356381109008,-0.5,-0.5,-0.5,-0.5
1,1345,27,after_integrate,1.3449999999999627,1.3439999999999628,0.001,0,0,0.5,0.0,0.0,,3.657623207563781,4.585498002481349e-17,3.704101140829003e-15,6.402206054106472e-15,0.0,0.0,20.55236995559709,3.657623207563781,-1.4003594497354092e-15,506.3842590526538,506.38425905265353,502.4078254246916,502.40782542469196,-0.1356450992374959,0.13564509923750853,0.4558541306693585,3.231536468068733e-17,1002.9945351327565,1002.9945351327569,1026.78416144045,1026.7841614404495,-0.5,-0.5,-0.5,-0.5
1,1346,27,after_integrate,1.3459999999999626,1.3449999999999627,0.001,0,0,0.5,0.0,0.0,,3.6633347140975583,4.598382800859465e-17,3.710495655541578e-15,6.409943646035871e-15,0.0,0.0,20.568463400413147,3.663334714097558,-1.4030723857256437e-15,506.83531566491666,506.8353156649164,502.8588972210598,502.85889722106015,-0.13565231965441568,0.13565231965440305,0.45585401055774716,-4.4948989931767654e-17,1002.9411477611959,1002.9411477611964,1026.730683965304,1026.7306839653036,-0.5,-0.5,-0.5,-0.5
1,1347,27,after_integrate,1.3469999999999624,1.3459999999999626,0.001,0,0,0.5,0.0,0.0,,3.669050686301222,4.61122379691179e-17,3.71690500480233e-15,6.406072754708693e-15,0.0,0.0,20.584556841314534,3.669050686301222,-1.4062158982940993e-15,507.2862503551077,507.2862503551074,503.3098740735165,503.3098740735168,-0.13565943668253816,0.13565943668253816,0.45585390898991957,1.3284737296363063e-17,1002.8858742684448,1002.8858742684453,1026.6751602785575,1026.675160278557,-0.5,-0.5,-0.5,-0.5
1,1348,27,after_integrate,1.3479999999999623,1.3469999999999624,0.001,0,0,0.5,0.0,0.0,,3.674771124175006,4.624086784155212e-17,3.723359673329515e-15,6.476405356734979e-15,0.0,0.0,20.600650278948915,3.674771124175006,-1.4073369252245128e-15,507.7370575537166,507.73705755371634,503.7607502403661,503.76075024036646,-0.13566645046751782,0.13566645046753048,0.45585382556376663,3.154485466517735e-17,1002.8286702618936,1002.8286702618941,1026.617547009235,1026.6175470092346,-0.5,-0.5,-0.5,-0.5
1,1349,27,after_integrate,1.3489999999999622,1.3479999999999623,0.001,0,0,0.5,0.0,0.0,,3.680496027718507,4.636833908187703e-17,3.729827719238737e-15,6.483105030240194e-15,0.0,0.0,20.616743713949543,3.680496027718507,-1.4092234347558598e-15,508.18773157205675,508.18773157205646,504.2115198654601,504.21151986546045,-0.1356733611523265,0.13567336115231388,0.4558537598658765,-1.652519344304189e-17,1002.7694933846806,1002.769493384681,1026.5578027940057,1026.5578027940053,-0.5,-0.5,-0.5,-0.5
1,1350,27,after_integrate,1.3499999999999621,1.3489999999999622,0.001,0,0,0.5,0.0,0.0,,3.6862253969306606,4.6495797950758673e-17,3.736301354429325e-15,6.468353455472495e-15,0.0,0.0,20.632837146934897,3.6862253969306606,-1.4109530582723163e-15,508.6382666075959,508.6382666075956,504.66217698379995,504.6621769838003,-0.13568016887714685,0.13568016887715945,0.4558537114715107,7.666809011537397e-18,1002.708303269803,1002.7083032698034,1026.4958882296746,1026.4958882296742,-0.5,-0.5,-0.5,-0.5
1,1351,28,after_integrate,1.350999999999962,1.3499999999999621,0.001,0,0,0.5,0.0,0.0,,3.691959231809722,4.6624820287240675e-17,3.7428318864647985e-15,6.612115655445699e-15,0.0,0.0,20.648930578508242,3.691959231809722,-1.4139344878311463e-15,509.0886567491873,509.08865674918707,505.11271552704676,505.1127155270471,-0.13568687377950667,0.13568687377949404,0.4558536799446199,-3.5803812921625645e-17,1002.6450614995488,1002.6450614995492,1026.4317658309687,1026.4317658309683,-0.5,-0.5,-0.5,-0.5
1,1352,28,after_integrate,1.351999999999962,1.350999999999962,0.001,0,0,0.5,0.0,0.0,,3.6976975323532444,4.675366245160075e-17,3.749430055860918e-15,6.548711821685192e-15,0.0,0.0,20.665024009257266,3.697697532353245,-1.4167537481228429e-15,509.53889598220115,509.53889598220087,505.5631293289345,505.56312932893485,-0.13569347599398324,0.13569347599398324,0.45585366483788425,8.73745593521982e-18,1002.5797315705687,1002.5797315705692,1026.3653999939306,1026.3653999939302,-0.5,-0.5,-0.5,-0.5
1,1353,28,after_integrate,1.3529999999999618,1.351999999999962,0.001,0,0,0.5,0.0,0.0,,3.7034402985580623,4.6882083039657703e-17,3.755978297329563e-15,6.499537110467282e-15,0.0,0.0,20.681117439753645,3.703440298558062,-1.420145459355809e-15,509.988978193563,509.98897819356273,506.0134121305937,506.013412130594,-0.135699975652426,0.1356999756524134,0.4558536656928555,-1.934753801602983e-17,1002.5122788616558,1002.5122788616562,1026.2967569620162,1026.2967569620157,-0.5,-0.5,-0.5,-0.5
1,1354,28,after_integrate,1.3539999999999617,1.3529999999999618,0.001,0,0,0.5,0.0,0.0,,3.709187530420272,4.7009398821700753e-17,3.762473197421682e-15,6.550010965953643e-15,0.0,0.0,20.697210870552688,3.7091875304202717,-1.4235280105237753e-15,510.4388971767044,510.43889717670413,506.46355758578784,506.4635575857882,-0.13570637288368617,0.13570637288369877,0.4558536820400739,3.2655840974521317e-17,1002.4426706023222,1002.4426706023227,1026.2258047929688,1026.2258047929683,-0.5,-0.5,-0.5,-0.5
1,1355,28,after_integrate,1.3549999999999616,1.3539999999999617,0.001,0,0,0.5,0.0,0.0,,3.714939227935216,4.7137173607745974e-17,3.7690274745434035e-15,6.552056070843277e-15,0.0,0.0,20.71330430219293,3.7149392279352154,-1.4237470218884124e-15,510.88864663642676,510.8886466364265,506.9135592660654,506.91355926606576,-0.13571266781377606,0.13571266781376343,0.4558537133992695,-5.2072088247490865e-17,1002.3708758416149,1002.3708758416153,1026.1525133259295,1026.152513325929,-0.5,-0.5,-0.5,-0.5
1,1356,28,after_integrate,1.3559999999999615,1.3549999999999616,0.001,0,0,0.5,0.0,0.0,,3.7206953910974656,4.72642161261289e-17,3.7755247845392455e-15,6.4561987691418855e-15,0.0,0.0,20.729397735195782,3.7206953910974656,-1.4279374695880915e-15,511.3382201936794,511.33822019367915,507.3634106658242,507.3634106658245,-0.13571886056559818,0.1357188605656108,0.45585375927958205,1.0411381787130983e-17,1002.2968654166239,1002.2968654166243,1026.0768541482514,1026.076854148251,-0.5,-0.5,-0.5,-0.5
1,1357,28,after_integrate,1.3569999999999613,1.3559999999999615,0.001,0,0,0.5,0.0,0.0,,3.726456019900809,4.739172370731646e-17,3.782006535599985e-15,6.523312850252842e-15,0.0,0.0,20.745491170065122,3.7264560199008088,-1.4298157387873786e-15,511.78761139025096,511.78761139025073,507.8131052072885,507.81310520728886,-0.1357249512591417,0.13572495125912912,0.4558538191798198,-7.174094485220614e-18,1002.2206119210173,1002.2206119210177,1025.998800562328,1025.9988005623275,-0.5,-0.5,-0.5,-0.5
1,1358,28,after_integrate,1.3579999999999612,1.3569999999999613,0.001,0,0,0.5,0.0,0.0,,3.7322211143382367,4.7519821071327265e-17,3.7885715465597954e-15,6.53045674792439e-15,0.0,0.0,20.76158460728696,3.7322211143382362,-1.4318709202055217e-15,512.2368136933751,512.2368136933749,508.26263624539826,508.2626362453986,-0.1357309400111739,0.13573094001116126,0.4558538925887445,-1.9033552772644204e-17,1002.1420896732069,1002.1420896732074,1025.9183275520923,1025.9183275520918,-0.5,-0.5,-0.5,-0.5
1,1359,28,after_integrate,1.3589999999999611,1.3579999999999612,0.001,0,0,0.5,0.0,0.0,,3.7379906744019276,4.764507552328197e-17,3.795038581902347e-15,6.358952916465975e-15,0.0,0.0,20.777678047329086,3.7379906744019276,-1.436699790438966e-15,512.6858205002488,512.6858205002486,508.7119970726069,508.71199707260723,-0.13573682693539715,0.13573682693538455,0.455853978985387,-2.4272680693967175e-17,1002.0612746846151,1002.0612746846156,1025.8354117496147,1025.8354117496142,-0.5,-0.5,-0.5,-0.5
1,1360,28,after_integrate,1.359999999999961,1.3589999999999611,0.001,0,0,0.5,0.0,0.0,,3.743764700083241,4.776843539397688e-17,3.801352709734497e-15,6.33555015552874e-15,0.0,0.0,20.793771490640722,3.743764700083241,-1.438548788377114e-15,513.134625142465,513.1346251424646,509.1611809235902,509.1611809235905,-0.1357426121422789,0.1357426121422789,0.45585407783938986,1.180039661365475e-17,1001.9781446275844,1001.9781446275848,1025.7500314013776,1025.750031401377,-0.5,-0.5,-0.5,-0.5
1,1361,28,after_integrate,1.360999999999961,1.359999999999961,0.001,0,0,0.5,0.0,0.0,,3.7495431913727013,4.789385469559393e-17,3.807700772660708e-15,6.42545793765142e-15,0.0,0.0,20.80986493765221,3.7495431913727018,-1.440437112405723e-15,513.5832208903573,513.5832208903571,509.6101809798619,509.6101809798622,-0.13574829573900613,0.13574829573901875,0.4558541886113732,7.726807379455388e-18,1001.892678803428,1001.8926788034285,1025.6621663347219,1025.6621663347214,-0.5,-0.5,-0.5,-0.5
1,1362,28,after_integrate,1.3619999999999608,1.360999999999961,0.001,0,0,0.5,0.0,0.0,,3.7553261482599942,4.802122527711459e-17,3.814137652316834e-15,6.468428887993947e-15,0.0,0.0,20.825958388774712,3.7553261482599942,-1.4428166990665005e-15,514.0316009572599,514.0316009572596,510.0589903742975,510.0589903742977,-0.13575387782945297,0.1357538778294656,0.45585431075331356,9.169970737042865e-18,1001.8048581102839,1001.8048581102844,1025.5717979241283,1025.5717979241278,-0.5,-0.5,-0.5,-0.5
1,1363,28,after_integrate,1.3629999999999607,1.3619999999999608,0.001,0,0,0.5,0.0,0.0,,3.7611135707339542,4.815037755813385e-17,3.8206154210447415e-15,6.3772624716085996e-15,0.0,0.0,20.842051844399865,3.7611135707339542,-1.4439060725293207e-15,514.4797585036789,514.4797585036787,510.5076021955644,510.50760219556474,-0.1357593585140337,0.1357593585140337,0.4558544437089563,1.2017222441467969e-17,1001.7146650109007,1001.7146650109012,1025.4789090574743,1025.4789090574739,-0.5,-0.5,-0.5,-0.5
1,1364,28,after_integrate,1.3639999999999606,1.3629999999999607,0.001,0,0,0.5,0.0,0.0,,3.7669054587825577,4.8277979314187427e-17,3.826990132451738e-15,6.345795235906642e-15,0.0,0.0,20.85814530489954,3.7669054587825577,-1.4468873439359706e-15,514.9276866413791,514.9276866413787,510.956009492459,510.9560094924593,-0.13576473788969443,0.13576473788969443,0.45585458691423786,8.75017255504294e-18,1001.6220835005169,1001.6220835005173,1025.383484102424,1025.3834841024236,-0.5,-0.5,-0.5,-0.5
1,1365,28,after_integrate,1.3649999999999605,1.3639999999999606,0.001,0,0,0.5,0.0,0.0,,3.7727018123929192,4.84062633525976e-17,3.833338587857631e-15,6.403080523578558e-15,0.0,0.0,20.874238770625578,3.7727018123929192,-1.4493639238961689e-15,515.375378437383,515.3753784373827,511.40420527814786,511.4042052781482,-0.13577001604981584,0.13577001604981584,0.4558547397977107,7.979371063586905e-18,1001.5270990746436,1001.5270990746441,1025.2855088727777,1025.2855088727772,-0.5,-0.5,-0.5,-0.5
1,1366,28,after_integrate,1.3659999999999604,1.3649999999999605,0.001,0,0,0.5,0.0,0.0,,3.778502631551283,4.8535530135943974e-17,3.839742010784672e-15,6.415048019389919e-15,0.0,0.0,20.890332241909498,3.7785026315512833,-1.4511022605291882e-15,515.8228269178858,515.8228269178855,511.8521825343156,511.85218253431594,-0.13577519308412878,0.13577519308412878,0.4558549017810075,-1.5025474864522494e-17,1001.4296986968747,1001.4296986968751,1025.1849705948905,1025.18497059489,-0.5,-0.5,-0.5,-0.5
1,1367,28,after_integrate,1.3669999999999602,1.3659999999999604,0.001,0,0,0.5,0.0,0.0,,3.784307916243019,4.866600785296651e-17,3.84616749379698e-15,6.420898360584067e-15,0.0,0.0,20.906425719062295,3.784307916243019,-1.4544674267000477e-15,516.2700250720831,516.2700250720827,512.2999342152165,512.2999342152168,-0.13578026907861557,0.13578026907861557,0.4558550722792815,7.887834414828155e-18,1001.3298707667242,1001.3298707667246,1025.0818578741932,1025.0818578741928,-0.5,-0.5,-0.5,-0.5
1,1368,28,after_integrate,1.3679999999999601,1.3669999999999602,0.001,0,0,0.5,0.0,0.0,,3.7901176664526206,4.879529690067498e-17,3.852585618358407e-15,6.416708968744141e-15,0.0,0.0,20.922519202374207,3.7901176664526206,-1.4555062126813277e-15,516.7169658559139,516.7169658559136,512.7474532516308,512.7474532516311,-0.13578524411542506,0.13578524411542506,0.4558552507016914,-1.5371516837982997e-17,1001.2276050875118,1001.2276050875123,1024.9761606618047,1024.9761606618042,-0.5,-0.5,-0.5,-0.5
1,1369,28,after_integrate,1.36899999999996,1.3679999999999601,0.001,0,0,0.5,0.0,0.0,,3.7959318821637016,4.892615026524786e-17,3.8590116058814125e-15,6.424978792004674e-15,0.0,0.0,20.938612692114518,3.795931882163702,-1.4585165303941768e-15,517.1636421957195,517.1636421957193,513.1947325547255,513.1947325547259,-0.13579011827279872,0.1357901182727861,0.4558554364518674,-2.1135853416068274e-17,1001.1228928343209,1001.1228928343213,1024.8678702212871,1024.8678702212867,-0.5,-0.5,-0.5,-0.5
1,1370,28,after_integrate,1.36999999999996,1.36899999999996,0.001,0,0,0.5,0.0,0.0,,3.801750563358993,4.905558740802609e-17,3.8653794919285675e-15,6.336614612501547e-15,0.0,0.0,20.95470618853135,3.801750563358993,-1.4621186280554816e-15,517.6100469918166,517.6100469918163,513.6417650198197,513.64176501982,-0.13579489162492137,0.13579489162492137,0.4558556289284009,-1.3355885700695706e-19,1001.0157265220453,1001.0157265220457,1024.7569790955615,1024.756979095561,-0.5,-0.5,-0.5,-0.5
1,1371,28,after_integrate,1.3709999999999598,1.36999999999996,0.001,0,0,0.5,0.0,0.0,,3.8075737100203435,4.918474312718054e-17,3.871683299255762e-15,6.261409509538977e-15,0.0,0.0,20.97079969185154,3.8075737100203435,-1.4634700976938676e-15,518.0561731219874,518.0561731219872,514.0885435300526,514.0885435300529,-0.1357995642419104,0.135799564241923,0.4558558275253203,9.41173190402734e-18,1000.906099973435,1000.9060999734354,1024.643481073886,1024.6434810738856,-0.5,-0.5,-0.5,-0.5
1,1372,28,after_integrate,1.3719999999999597,1.3709999999999598,0.001,0,0,0.5,0.0,0.0,,3.8134013221287195,4.931480323478168e-17,3.877963463543109e-15,6.2885420736922254e-15,0.0,0.0,20.986893202280424,3.81340132212872,-1.4663152072167277e-15,518.5020134448862,518.5020134448858,514.5350609599571,514.5350609599575,-0.13580413618962767,0.13580413618962767,0.4558560316325984,5.308124895873813e-18,1000.7940082874358,1000.7940082874362,1024.5273711592097,1024.5273711592092,-0.5,-0.5,-0.5,-0.5
1,1373,28,after_integrate,1.3729999999999596,1.3719999999999597,0.001,0,0,0.5,0.0,0.0,,3.819233399664205,4.94457800394718e-17,3.884198997099896e-15,6.2007408555027976e-15,0.0,0.0,21.00298672000176,3.819233399664205,-1.4671248508700098e-15,518.9475608033621,518.9475608033619,514.9813101789379,514.9813101789382,-0.13580860752960508,0.13580860752960508,0.455856240636615,9.274348314273912e-18,1000.6794478074304,1000.6794478074308,1024.4086455354916,1024.4086455354911,-0.5,-0.5,-0.5,-0.5
1,1374,28,after_integrate,1.3739999999999595,1.3729999999999596,0.001,0,0,0.5,0.0,0.0,,3.8250699426060035,4.9577709786435553e-17,3.89041036230767e-15,6.196448090745185e-15,0.0,0.0,21.019080245177584,3.825069942606004,-1.4693247758266804e-15,519.3928080277008,519.3928080277005,515.4272840546521,515.4272840546524,-0.13581297831894468,0.13581297831894468,0.4558564539206833,1.1388903553016722e-17,1000.5624160897686,1000.562416089769,1024.2873015353953,1024.2873015353948,-0.5,-0.5,-0.5,-0.5
1,1375,28,after_integrate,1.3749999999999594,1.3739999999999595,0.001,0,0,0.5,0.0,0.0,,3.8309109509324415,4.97102411814293e-17,3.8966087146516046e-15,6.14342622893496e-15,0.0,0.0,21.0351737779481,3.8309109509324415,-1.4713552866043385e-15,519.837747938783,519.8377479387826,515.872975456297,515.8729754562974,-0.13581724861020594,0.13581724861020594,0.45585667086551673,1.2058252832358044e-17,1000.4429118724394,1000.4429118724398,1024.1633376082061,1024.1633376082057,-0.5,-0.5,-0.5,-0.5
1,1376,28,after_integrate,1.3759999999999593,1.3749999999999594,0.001,0,0,0.5,0.0,0.0,,3.8367564246209716,4.9845199571765286e-17,3.9027538727232605e-15,6.142600643213373e-15,0.0,0.0,21.05126731843163,3.836756424620972,-1.47360690439818e-15,520.2823733511625,520.2823733511622,516.318377257801,516.3183772578013,-0.13582141845133083,0.1358214184513182,0.4558568908497307,-3.6759152608860004e-17,1000.3209350437957,1000.3209350437961,1024.036753287873,1024.0367532878724,-0.5,-0.5,-0.5,-0.5
1,1377,28,after_integrate,1.3769999999999591,1.3759999999999593,0.001,0,0,0.5,0.0,0.0,,3.842606363648175,4.9980010749767096e-17,3.908900206777373e-15,6.172007409305524e-15,0.0,0.0,21.067360866724506,3.8426063636481746,-1.4762771962540154e-15,520.726677076064,520.7266770760637,516.763482340921,516.7634823409213,-0.13582548788544227,0.13582548788544227,0.45585711325033024,-2.310394212415467e-17,1000.1964866116067,1000.1964866116072,1023.9075491614731,1023.9075491614724,-0.5,-0.5,-0.5,-0.5
1,1378,28,after_integrate,1.377999999999959,1.3769999999999591,0.001,0,0,0.5,0.0,0.0,,3.848460767989768,5.011662123074487e-17,3.915030863489591e-15,6.141565517977451e-15,0.0,0.0,21.08345442290106,3.848460767989768,-1.4809226574337514e-15,521.1706519242999,521.1706519242997,517.2082835982452,517.2082835982454,-0.1358294569508454,0.13582945695083276,0.455857337443191,-1.8621658120316405e-17,1000.0695686721679,1000.0695686721683,1023.7757268378072,1023.7757268378067,-0.5,-0.5,-0.5,-0.5
1,1379,28,after_integrate,1.378999999999959,1.377999999999959,0.001,0,0,0.5,0.0,0.0,,3.8543196376206077,5.025429182755916e-17,3.9211311357005665e-15,6.007365278060049e-15,0.0,0.0,21.099547987013565,3.854319637620608,-1.4828552992858476e-15,521.6142907091092,521.614290709109,517.6527739361027,517.652773936103,-0.1358333256808384,0.1358333256808384,0.4558575628035513,-1.3263776212457777e-17,999.9401843796956,999.940184379696,1023.641288916375,1023.6412889163743,-0.5,-0.5,-0.5,-0.5
1,1380,28,after_integrate,1.3799999999999588,1.378999999999959,0.001,0,0,0.5,0.0,0.0,,3.8601829725146977,5.0393842139213783e-17,3.927161555991672e-15,6.088412344121972e-15,0.0,0.0,21.11564155909225,3.8601829725146977,-1.4863714242250178e-15,522.0575862489164,522.0575862489162,518.0969462773796,518.09694627738,-0.13583709410363787,0.13583709410365047,0.4558577887064792,-7.371967648454751e-19,999.8083379159035,999.808337915904,1023.5042389566074,1023.5042389566067,-0.5,-0.5,-0.5,-0.5
1,1381,28,after_integrate,1.3809999999999587,1.3799999999999588,0.001,0,0,0.5,0.0,0.0,,3.8660507726451954,5.0535083934037664e-17,3.933206656583201e-15,6.003794725425671e-15,0.0,0.0,21.13173513914528,3.8660507726451954,-1.4877645314656244e-15,522.5005313700142,522.5005313700138,518.5407935642428,518.5407935642431,-0.1358407622422784,0.13584076224229102,0.4558580145273542,2.046901967905308e-18,999.6740344597865,999.674034459787,1023.3645814474033,1023.3645814474027,-0.5,-0.5,-0.5,-0.5
1,1382,28,after_integrate,1.3819999999999586,1.3809999999999587,0.001,0,0,0.5,0.0,0.0,,3.87192303798442,5.0677022793936184e-17,3.939130451070678e-15,5.914364683607981e-15,0.0,0.0,21.14782872715876,3.87192303798442,-1.490870735413938e-15,522.9431189091674,522.9431189091672,518.984308760772,518.9843087607724,-0.13584433011448777,0.13584433011448777,0.45585823964232447,-1.2669137559906586e-17,999.5372801576883,999.5372801576888,1023.2223217770296,1023.2223217770289,-0.5,-0.5,-0.5,-0.5
1,1383,28,after_integrate,1.3829999999999585,1.3819999999999586,0.001,0,0,0.5,0.0,0.0,,3.8777997685038597,5.082351416039799e-17,3.945071818194579e-15,5.85858248705996e-15,0.0,0.0,21.16392232309682,3.87779976850386,-1.4925287252200958e-15,523.385341716143,523.3853417161426,519.4274848555016,519.4274848555019,-0.13584779773254893,0.13584779773254893,0.4558584634287815,7.925619311912504e-18,999.3980820935599,999.3980820935603,1023.0774662033056,1023.0774662033049,-0.5,-0.5,-0.5,-0.5
1,1384,28,after_integrate,1.3839999999999584,1.3829999999999585,0.001,0,0,0.5,0.0,0.0,,3.883680964174183,5.0968153799932996e-17,3.950878048169973e-15,5.7937872996560286e-15,0.0,0.0,21.18001592690163,3.883680964174183,-1.4942521818555633e-15,523.8271926561614,523.8271926561611,519.8703148638704,519.8703148638707,-0.13585116510327652,0.13585116510327652,0.4558586852657993,7.49090624400816e-18,999.2564482595266,999.256448259527,1022.9300218241766,1022.9300218241759,-0.5,-0.5,-0.5,-0.5
1,1385,28,after_integrate,1.3849999999999583,1.3839999999999584,0.001,0,0,0.5,0.0,0.0,,3.8895666249652483,5.111549237632767e-17,3.956636228790299e-15,5.676698048382091e-15,0.0,0.0,21.196109538493467,3.8895666249652483,-1.4962314845626449e-15,524.2686646122759,524.2686646122755,520.3127918305838,520.3127918305842,-0.1358544322278542,0.13585443222784155,0.45585890453459355,-4.3290453640302495e-17,999.112387526617,999.1123875266175,1022.7799965485391,1022.7799965485384,-0.5,-0.5,-0.5,-0.5
1,1386,28,after_integrate,1.3859999999999582,1.3849999999999583,0.001,0,0,0.5,0.0,0.0,,3.8954567508461113,5.1264714975940447e-17,3.962333574086863e-15,5.748954237742955e-15,0.0,0.0,21.212203157770812,3.8954567508461113,-1.5008109951935865e-15,524.7097504876768,524.7097504876766,520.7549088318871,520.7549088318873,-0.13585759910174885,0.13585759910174885,0.4558591206189645,8.133491496005383e-18,998.9659096159425,998.9659096159429,1022.6273990676085,1022.6273990676078,-0.5,-0.5,-0.5,-0.5
1,1387,28,after_integrate,1.386999999999958,1.3859999999999582,0.001,0,0,0.5,0.0,0.0,,3.90135134178504,5.141602843929278e-17,3.96808533018901e-15,5.7396059841379045e-15,0.0,0.0,21.22829678461045,3.90135134178504,-1.501973447205288e-15,525.1504432079228,525.1504432079224,521.1966589777495,521.1966589777498,-0.1358606657146491,0.1358606657146365,0.455859332905715,-4.3157462138560834e-17,998.8170250699553,998.8170250699558,1022.472238826438,1022.4722388264373,-0.5,-0.5,-0.5,-0.5
1,1388,28,after_integrate,1.387999999999958,1.386999999999958,0.001,0,0,0.5,0.0,0.0,,3.9072503977495225,5.156876498638473e-17,3.9737776707222385e-15,5.6717599013471414e-15,0.0,0.0,21.244390418867557,3.9072503977495225,-1.5070132895394283e-15,525.5907357230992,525.590735723099,521.6380354139642,521.6380354139645,-0.13586363205029225,0.13586363205030488,0.45585954078509494,4.715038220150399e-18,998.6657452241641,998.6657452241645,1022.3145259959962,1022.3145259959955,-0.5,-0.5,-0.5,-0.5
1,1389,28,after_integrate,1.3889999999999578,1.387999999999958,0.001,0,0,0.5,0.0,0.0,,3.913153918706283,5.172246234642583e-17,3.979474205935052e-15,5.631732276851205e-15,0.0,0.0,21.260484060375894,3.913153918706283,-1.5068447536506646e-15,526.0306210099069,526.0306210099067,522.0790313241604,522.0790313241607,-0.13586649808650497,0.13586649808650497,0.4558597436512064,-1.9030411632574626e-17,998.5120821790454,998.5120821790458,1022.1542714455148,1022.1542714455142,-0.5,-0.5,-0.5,-0.5
1,1390,28,after_integrate,1.3899999999999577,1.3889999999999578,0.001,0,0,0.5,0.0,0.0,,3.919061904621291,5.187539963879796e-17,3.985113793333348e-15,5.609273837268465e-15,0.0,0.0,21.27657770894786,3.9190619046212904,-1.5113453626503603e-15,526.4700920736778,526.4700920736776,522.5196399317323,522.5196399317326,-0.13586926379499245,0.13586926379499245,0.4558599409024166,-1.6462825595066054e-17,998.3560487723144,998.3560487723148,1021.9914867152769,1021.9914867152762,-0.5,-0.5,-0.5,-0.5
1,1391,28,after_integrate,1.3909999999999576,1.3899999999999577,0.001,0,0,0.5,0.0,0.0,,3.924974355459777,5.202843976377388e-17,3.9906842254678454e-15,5.665964039735808e-15,0.0,0.0,21.292671364374716,3.924974355459777,-1.514680679695188e-15,526.9091419503231,526.9091419503228,522.9598545016833,522.9598545016836,-0.13587192914131746,0.13587192914133006,0.4558601319417584,3.2559916007190434e-17,998.197658551455,998.1976585514554,1021.8261839897557,1021.826183989755,-0.5,-0.5,-0.5,-0.5
1,1392,28,after_integrate,1.3919999999999575,1.3909999999999576,0.001,0,0,0.5,0.0,0.0,,3.930891271186244,5.218389862380773e-17,3.996307879962042e-15,5.557848662503027e-15,0.0,0.0,21.30876502642674,3.930891271186244,-1.5128642607128458e-15,527.3477637082108,527.3477637082106,523.3996683423886,523.399668342389,-0.13587449408486746,0.13587449408486746,0.45586031617733,1.0118593709608284e-17,998.036925746666,998.0369257466665,1021.6583760712437,1021.658376071243,-0.5,-0.5,-0.5,-0.5
1,1393,28,after_integrate,1.3929999999999574,1.3919999999999575,0.001,0,0,0.5,0.0,0.0,,3.936812651764484,5.234069529998167e-17,4.001828016095156e-15,5.431718478777176e-15,0.0,0.0,21.324858694853415,3.936812651764484,-1.5160394285644873e-15,527.7859504499767,527.7859504499764,523.8390748072766,523.8390748072769,-0.1358769585786956,0.1358769585786956,0.45586049302266846,1.0288484870121916e-17,997.8738652440337,997.8738652440342,1021.4880763537872,1021.4880763537865,-0.5,-0.5,-0.5,-0.5
1,1394,28,after_integrate,1.3939999999999573,1.3929999999999574,0.001,0,0,0.5,0.0,0.0,,3.9427384971575905,5.249827922325289e-17,4.0072716130492715e-15,5.497956696641417e-15,0.0,0.0,21.340952369383597,3.942738497157591,-1.5173221734484062e-15,528.223695314267,528.2236953142668,524.2780672964287,524.2780672964291,-0.13587932256955237,0.13587932256953972,0.45586066189713464,-4.068212937937664e-17,997.70849255911,997.7084925591105,1021.3152987976018,1021.3152987976011,-0.5,-0.5,-0.5,-0.5
1,1395,28,after_integrate,1.3949999999999572,1.3939999999999573,0.001,0,0,0.5,0.0,0.0,,3.9486688073279748,5.2657262180643525e-17,4.012773771607407e-15,5.5460627666859736e-15,0.0,0.0,21.35704604972578,3.9486688073279748,-1.5200582577860082e-15,528.6609914774158,528.6609914774155,524.7166392581022,524.7166392581025,-0.1358815859977275,0.13588158599771488,0.45586082222627095,-1.3374198163582883e-17,997.5408238107526,997.5408238107531,1021.1400579038368,1021.1400579038361,-0.5,-0.5,-0.5,-0.5
1,1396,28,after_integrate,1.395999999999957,1.3949999999999572,0.001,0,0,0.5,0.0,0.0,,3.954603582237381,5.282107080246026e-17,4.0183692255908844e-15,5.5169507505994796e-15,0.0,0.0,21.373139735568294,3.9546035822373806,-1.5216509174982194e-15,529.097832155056,529.0978321550557,525.1547841901734,525.1547841901737,-0.13588374879709586,0.13588374879709586,0.4558609734421773,6.9028288014290065e-18,997.3708756954095,997.37087569541,1020.9623686898411,1020.9623686898404,-0.5,-0.5,-0.5,-0.5
1,1397,28,after_integrate,1.396999999999957,1.395999999999957,0.001,0,0,0.5,0.0,0.0,,3.960542821846901,5.2984910058128865e-17,4.0238815976920375e-15,5.526856379374851e-15,0.0,0.0,21.38923342657951,3.9605428218469014,-1.526433743270764e-15,529.5342106036672,529.5342106036669,525.5924956415057,525.592495641506,-0.13588581089503643,0.1358858108950364,0.45586111498384063,-1.337691948866124e-17,997.1986654616887,997.1986654616892,1020.7822466647974,1020.7822466647967,-0.5,-0.5,-0.5,-0.5
1,1398,28,after_integrate,1.3979999999999568,1.396999999999957,0.001,0,0,0.5,0.0,0.0,,3.966486526116993,5.31491567324788e-17,4.029414572077302e-15,5.5887333832011e-15,0.0,0.0,21.405327122408156,3.966486526116993,-1.5287237058216101e-15,529.9701201220588,529.9701201220585,526.0297672132418,526.0297672132422,-0.13588777221236578,0.13588777221235315,0.45586124629748803,-3.786804830289686e-17,997.0242108853103,997.0242108853107,1020.5997078058065,1020.5997078058058,-0.5,-0.5,-0.5,-0.5
1,1399,28,after_integrate,1.3989999999999567,1.3979999999999568,0.001,0,0,0.5,0.0,0.0,,3.972434695007495,5.331354376497712e-17,4.0349564597468556e-15,5.500276996555071e-15,0.0,0.0,21.42142082268354,3.972434695007495,-1.5326229814694567e-15,530.4055540527909,530.4055540527906,526.4665925600215,526.4665925600218,-0.13588963266333423,0.1358896326633342,0.45586136683691436,-2.088807267357377e-17,996.8475302444007,996.8475302444011,1020.414768534375,1020.4147685343745,-0.5,-0.5,-0.5,-0.5
1,1400,28,after_integrate,1.3999999999999566,1.3989999999999567,0.001,0,0,0.5,0.0,0.0,,3.978387328477644,5.3478404995788696e-17,4.040473251009432e-15,5.517341890614816e-15,0.0,0.0,21.437514527015818,3.978387328477644,-1.5338965267034427e-15,530.8405057835338,530.8405057835336,526.9029653911274,526.9029653911276,-0.135891392155637,0.13589139215562435,0.4558614760638119,-4.1123683380227046e-17,996.6686422951389,996.6686422951393,1020.2274456933278,1020.2274456933274,-0.5,-0.5,-0.5,-0.5
1,1401,29,after_integrate,1.4009999999999565,1.3999999999999566,0.001,0,0,0.5,0.0,0.0,,3.9843444264860923,5.364295127955067e-17,4.0459520552529205e-15,5.5021405008862906e-15,0.0,0.0,21.453608234996285,3.9843444264860923,-1.5372326462190434e-15,531.2749687483664,531.2749687483661,527.338879471559,527.3388794715593,-0.13589305059028522,0.13589305059028522,0.455861573448081,-1.612321052035243e-17,996.4875662478546,996.487566247855,1020.0377565242351,1020.0377565242346,-0.5,-0.5,-0.5,-0.5
1,1402,29,after_integrate,1.4019999999999564,1.4009999999999565,0.001,0,0,0.5,0.0,0.0,,3.990305988990925,5.3810124745616925e-17,4.051468378802564e-15,5.44843693268342e-15,0.0,0.0,21.46970194619768,3.990305988990925,-1.5389782131914645e-15,531.7089364290143,531.7089364290141,527.774328623037,527.7743286230374,-0.13589460786174454,0.13589460786174454,0.4558616584681369,7.419080406788678e-18,996.3043217433759,996.3043217433764,1019.8457186451375,1019.845718645137,-0.5,-0.5,-0.5,-0.5
1,1403,29,after_integrate,1.4029999999999563,1.4019999999999564,0.001,0,0,0.5,0.0,0.0,,3.9962720159496765,5.3976467953668347e-17,4.056871184488826e-15,5.448379658581339e-15,0.0,0.0,21.485795660174496,3.9962720159496765,-1.5424721641685083e-15,532.14240235603,532.1424023560297,528.2093067249382,528.2093067249385,-0.13589606385780842,0.13589606385780842,0.4558617306112088,-2.1498809293692026e-17,996.1189288298682,996.1189288298687,1019.6513500288363,1019.6513500288359,-0.5,-0.5,-0.5,-0.5
1,1404,29,after_integrate,1.4039999999999562,1.4029999999999563,0.001,0,0,0.5,0.0,0.0,,4.002242507319352,5.4144468132372213e-17,4.062337140646401e-15,5.390228265799278e-15,0.0,0.0,21.50188937646326,4.002242507319352,-1.5449325853739433e-15,532.5753601099135,532.5753601099133,528.6438077151631,528.6438077151635,-0.13589741845966238,0.13589741845966238,0.4558617893736247,5.2956384168956856e-18,995.9314079399722,995.9314079399727,1019.4546689815285,1019.454668981528,-0.5,-0.5,-0.5,-0.5
1,1405,29,after_integrate,1.404999999999956,1.4039999999999562,0.001,0,0,0.5,0.0,0.0,,4.008217463056439,5.4310988865604055e-17,4.0676768827930035e-15,5.322981463056317e-15,0.0,0.0,21.51798309458292,4.008217463056439,-1.5467544574733822e-15,533.0078033221777,533.0078033221773,529.0778255909388,529.077825590939,-0.1358986715418847,0.13589867154188467,0.45586183426110033,8.775645677346962e-18,995.7417798683657,995.7417798683662,1019.25569412192,1019.2556941219195,-0.5,-0.5,-0.5,-0.5
1,1406,29,after_integrate,1.405999999999956,1.404999999999956,0.001,0,0,0.5,0.0,0.0,,4.014196883116934,5.447839704782243e-17,4.072962003657883e-15,5.244352476385962e-15,0.0,0.0,21.534076814035117,4.014196883116934,-1.5485695693102152e-15,533.4397256763551,533.4397256763549,529.5113544095552,529.5113544095556,-0.13589982297244954,0.1358998229724369,0.45586186478900537,-1.879592624679644e-17,995.550065749736,995.5500657497364,1019.0544443607978,1019.0544443607973,-0.5,-0.5,-0.5,-0.5
1,1407,29,after_integrate,1.4069999999999558,1.405999999999956,0.001,0,0,0.5,0.0,0.0,,4.020180767456357,5.4645557454911604e-17,4.078209653038431e-15,5.225630823419149e-15,0.0,0.0,21.550170534304563,4.020180767456357,-1.549655781216671e-15,533.8711209089523,533.871120908952,529.9443882890399,529.9443882890403,-0.1359008726127672,0.1359008726127672,0.45586188048262666,-1.5450699019494493e-17,995.3562870370597,995.3562870370602,1018.8509388809622,1018.8509388809617,-0.5,-0.5,-0.5,-0.5
1,1408,29,after_integrate,1.4079999999999557,1.4069999999999558,0.001,0,0,0.5,0.0,0.0,,4.026169116029766,5.4815436909247396e-17,4.083447842784176e-15,5.246839011421965e-15,0.0,0.0,21.566264254859426,4.026169116029766,-1.5525909940528877e-15,534.3019828103472,534.3019828103469,530.3769214087695,530.3769214087698,-0.13590182031775158,0.13590182031773895,0.4558618808774201,-4.421669210452695e-17,995.1604654803122,995.1604654803126,1018.6451971176261,1018.6451971176257,-0.5,-0.5,-0.5,-0.5
1,1409,29,after_integrate,1.4089999999999556,1.4079999999999557,0.001,0,0,0.5,0.0,0.0,,4.0321619287917825,5.498735392922442e-17,4.088695846509964e-15,5.251325949900282e-15,0.0,0.0,21.582357975151606,4.0321619287917825,-1.5581128482395085e-15,534.7323052256346,534.7323052256344,530.8089480100216,530.8089480100218,-0.13590266593576147,0.13590266593577405,0.4558618655192684,1.1206748916804231e-17,994.9626231056487,994.9626231056492,1018.437238739338,1018.4372387393375,-0.5,-0.5,-0.5,-0.5
1,1410,29,after_integrate,1.4099999999999555,1.4089999999999556,0.001,0,0,0.5,0.0,0.0,,4.038159205696608,5.5160726437158505e-17,4.09395724976394e-15,5.2593135944269415e-15,0.0,0.0,21.598451694617225,4.038159205696608,-1.5588180949150796e-15,535.1620820554189,535.1620820554185,531.2404623964673,531.2404623964675,-0.13590340930878295,0.13590340930877032,0.45586183396470004,-4.1034094854771034e-17,994.7627821948414,994.7627821948419,1018.2270836291859,1018.2270836291855,-0.5,-0.5,-0.5,-0.5
1,1411,29,after_integrate,1.4109999999999554,1.4099999999999555,0.001,0,0,0.5,0.0,0.0,,4.0441609466980415,5.533605713489039e-17,4.099217035446281e-15,5.206221880876984e-15,0.0,0.0,21.61454541267689,4.0441609466980415,-1.5621490509885519e-15,535.5913072565545,535.5913072565542,531.6714589346059,531.6714589346061,-0.1359040502723347,0.1359040502723347,0.4558617857811419,1.1697376105830107e-18,994.5609652652204,994.5609652652208,1018.0147518665535,1018.0147518665531,-0.5,-0.5,-0.5,-0.5
1,1412,29,after_integrate,1.4119999999999553,1.4109999999999554,0.001,0,0,0.5,0.0,0.0,,4.050167151749504,5.551082834373731e-17,4.104370203654496e-15,5.198333418348662e-15,0.0,0.0,21.63063912873618,4.050167151749504,-1.563364650050046e-15,536.0199748428371,536.0199748428369,532.1019320541437,532.101932054144,-0.13590458865568958,0.13590458865567695,0.45586172054711416,-1.8720757460191566e-17,994.3571950499498,994.3571950499503,1017.8002637092429,1017.8002637092425,-0.5,-0.5,-0.5,-0.5
1,1413,29,after_integrate,1.4129999999999552,1.4119999999999553,0.001,0,0,0.5,0.0,0.0,,4.056177820804047,5.568892762253438e-17,4.1095766700413606e-15,5.169651655922122e-15,0.0,0.0,21.646732842185962,4.056177820804047,-1.5662476906183086e-15,536.4480788855548,536.4480788855545,532.5318762482191,532.5318762482192,-0.13590502428179427,0.13590502428179427,0.4558616378526761,5.92732965704352e-18,994.151494479079,994.1514944790795,1017.583639576451,1017.5836395764508,-0.5,-0.5,-0.5,-0.5
1,1414,29,after_integrate,1.413999999999955,1.4129999999999552,0.001,0,0,0.5,0.0,0.0,,4.062192953814373,5.586718493485045e-17,4.114698594346572e-15,5.0885822325266615e-15,0.0,0.0,21.662826552402887,4.062192953814374,-1.5694390674988584e-15,536.8756135139487,536.8756135139485,532.9612860735153,532.9612860735155,-0.13590535696745168,0.13590535696745168,0.4558615373036092,9.273055889235484e-18,993.9438866611307,993.9438866611312,1017.364900032421,1017.3649000324208,-0.5,-0.5,-0.5,-0.5
1,1415,29,after_integrate,1.414999999999955,1.413999999999955,0.001,0,0,0.5,0.0,0.0,,4.068212550732848,5.604608844002099e-17,4.1198007271417695e-15,5.102005330871049e-15,0.0,0.0,21.678920258750047,4.068212550732848,-1.569227612098703e-15,537.3025729160769,537.3025729160767,533.3901561507665,533.3901561507666,-0.1359055865232927,0.1359055865232927,0.4558614185230776,7.475304780432765e-18,993.7343948632662,993.7343948632666,1017.1440657687211,1017.1440657687209,-0.5,-0.5,-0.5,-0.5
1,1416,29,after_integrate,1.4159999999999549,1.414999999999955,0.001,0,0,0.5,0.0,0.0,,4.074236611511523,5.622861190116038e-17,4.1249048193853326e-15,5.106665488643678e-15,0.0,0.0,21.69501396057747,4.074236611511523,-1.571608628771936e-15,537.7289513392099,537.7289513392095,533.8184811647727,533.8184811647728,-0.1359057127539633,0.1359057127539633,0.4558612811498876,-1.9137639852265496e-17,993.5230424935633,993.5230424935637,1016.9211575887774,1016.9211575887772,-0.5,-0.5,-0.5,-0.5
1,1417,29,after_integrate,1.4169999999999547,1.4159999999999549,0.001,0,0,0.5,0.0,0.0,,4.080265136102158,5.64134872485738e-17,4.130020167183655e-15,5.111595253863355e-15,0.0,0.0,21.71110765722276,4.080265136102158,-1.573264468216163e-15,538.1547430903039,538.1547430903037,534.2462558645041,534.2462558645043,-0.1359057354581491,0.1359057354581617,0.45586112483874336,3.457528692150479e-17,993.3098530831782,993.3098530831786,1016.6961963922203,1016.69619639222,-0.5,-0.5,-0.5,-0.5
1,1418,29,after_integrate,1.4179999999999546,1.4169999999999547,0.001,0,0,0.5,0.0,0.0,,4.086298124456235,5.660150030353231e-17,4.135134782682256e-15,5.125811808307819e-15,0.0,0.0,21.727201348011583,4.086298124456236,-1.5747783621663507e-15,538.579942536371,538.5799425363707,534.6734750631383,534.6734750631384,-0.13590565442877678,0.13590565442877678,0.4558609492600845,9.159245735491592e-18,993.0948502691923,993.0948502691928,1016.4692031596932,1016.4692031596929,-0.5,-0.5,-0.5,-0.5
1,1419,29,after_integrate,1.4189999999999545,1.4179999999999546,0.001,0,0,0.5,0.0,0.0,,4.0923355765249845,5.679101063576934e-17,4.140261087577474e-15,5.111220876680646e-15,0.0,0.0,21.74329503225827,4.0923355765249845,-1.5756807607565463e-15,539.0045441048089,539.0045441048087,535.100133638053,535.1001336380532,-0.135905469453085,0.135905469453085,0.4558607540998629,-1.7045883375438352e-17,992.8780577778151,992.8780577778156,1016.2401989380606,1016.2401989380604,-0.5,-0.5,-0.5,-0.5
1,1420,29,after_integrate,1.4199999999999544,1.4189999999999545,0.001,0,0,0.5,0.0,0.0,,4.098377492259405,5.698293818571296e-17,4.14538104823671e-15,5.1233574026604375e-15,0.0,0.0,21.759388709266343,4.098377492259405,-1.578890360276417e-15,539.4285422838046,539.4285422838043,535.5262265307672,535.5262265307673,-0.1359051803128543,0.1359051803128543,0.45586053905943136,-1.7838897691050323e-17,992.6594994073992,992.6594994073996,1016.0092048261537,1016.0092048261535,-0.5,-0.5,-0.5,-0.5
1,1421,29,after_integrate,1.4209999999999543,1.4199999999999544,0.001,0,0,0.5,0.0,0.0,,4.104423871610281,5.71760154276077e-17,4.1505103027859755e-15,5.137164656645615e-15,0.0,0.0,21.77548237832904,4.104423871610281,-1.580862220709686e-15,539.851931622579,539.8519316225786,535.9517487468534,535.9517487468536,-0.13590478678448092,0.1359047867844683,0.45586030385530646,-4.0564585699830816e-17,992.4391990124785,992.439199012479,1015.7762419607793,1015.7762419607791,-0.5,-0.5,-0.5,-0.5
1,1422,29,after_integrate,1.4219999999999542,1.4209999999999543,0.001,0,0,0.5,0.0,0.0,,4.110474714528202,5.737084537273565e-17,4.155647936412243e-15,5.090451324748313e-15,0.0,0.0,21.791576038729875,4.110474714528203,-1.5854610993961297e-15,540.2747067316251,540.2747067316249,536.3766953558093,536.3766953558094,-0.13590428863906745,0.13590428863905482,0.45586004821899806,-2.2212049813002e-17,992.2171804880215,992.217180488022,1015.5413315031426,1015.5413315031424,-0.5,-0.5,-0.5,-0.5
1,1423,29,after_integrate,1.422999999999954,1.4219999999999542,0.001,0,0,0.5,0.0,0.0,,4.116530020963584,5.756610421293255e-17,4.160739787379323e-15,5.14922435143699e-15,0.0,0.0,21.807669689743165,4.116530020963584,-1.587701014536894e-15,540.6968622828996,540.6968622828992,536.8010614908906,536.8010614908908,-0.13590368564258798,0.13590368564260058,0.4558597718968347,8.951403740134175e-18,991.9934677540709,991.9934677540714,1015.3044946256048,1015.3044946256045,-0.5,-0.5,-0.5,-0.5
1,1424,29,after_integrate,1.423999999999954,1.422999999999954,0.001,0,0,0.5,0.0,0.0,,4.12258979086669,5.776557260650364e-17,4.1659541674283945e-15,5.236261458183072e-15,0.0,0.0,21.82376333063451,4.122589790866691,-1.5889969948829302e-15,541.1183930099729,541.1183930099726,537.224842348909,537.2248423489091,-0.13590297755606748,0.13590297755606748,0.45585947464981585,-1.1900611919395834e-17,991.7680847408337,991.7680847408342,1015.0657524988638,1015.0657524988636,-0.5,-0.5,-0.5,-0.5
1,1425,29,after_integrate,1.4249999999999539,1.423999999999954,0.001,0,0,0.5,0.0,0.0,,4.128654024187644,5.79674638866658e-17,4.171235426819839e-15,5.318486141737896e-15,0.0,0.0,21.83985696066137,4.128654024187643,-1.5921426688981307e-15,541.5392937081434,541.5392937081432,537.6480331899922,537.6480331899922,-0.1359021641355844,0.1359021641355844,0.4558591562534591,-7.096748653200919e-18,991.5410553741515,991.5410553741519,1014.8251262795159,1014.8251262795156,-0.5,-0.5,-0.5,-0.5
1,1426,29,after_integrate,1.4259999999999537,1.4249999999999539,0.001,0,0,0.5,0.0,0.0,,4.134722720876457,5.817009113220322e-17,4.176597395676186e-15,5.4165743596426456e-15,0.0,0.0,21.855950579073493,4.134722720876457,-1.5944807650166652e-15,541.9595592345129,541.9595592345125,538.0706293373121,538.0706293373121,-0.13590124513256416,0.13590124513256416,0.45585881649767207,8.611445215206239e-18,991.3124035613122,991.3124035613126,1014.5826370979254,1014.5826370979252,-0.5,-0.5,-0.5,-0.5
1,1427,29,after_integrate,1.4269999999999536,1.4259999999999537,0.001,0,0,0.5,0.0,0.0,,4.140795880883043,5.83745672627116e-17,4.182000817884246e-15,5.412545614166173e-15,0.0,0.0,21.87204418511352,4.140795880883043,-1.5947991957529326e-15,542.3791845080251,542.3791845080249,538.4926261767765,538.4926261767765,-0.13590022029383317,0.13590022029383317,0.45585845518662454,7.957217191750727e-18,991.0821531773388,991.0821531773393,1014.3383060465644,1014.3383060465642,-0.5,-0.5,-0.5,-0.5
1,1428,29,after_integrate,1.4279999999999535,1.4269999999999536,0.001,0,0,0.5,0.0,0.0,,4.146873504157233,5.857852462930949e-17,4.18741289110649e-15,5.4470916872487865e-15,0.0,0.0,21.888137778017416,4.146873504157233,-1.597993938741589e-15,542.7981645094706,542.7981645094702,538.914019156691,538.914019156691,-0.13589908936177508,0.13589908936177508,0.4558580721386343,-1.6914748377013796e-17,990.8503280515888,990.8503280515893,1014.0921541686429,1014.0921541686427,-0.5,-0.5,-0.5,-0.5
1,1429,29,after_integrate,1.4289999999999534,1.4279999999999535,0.001,0,0,0.5,0.0,0.0,,4.152955590648801,5.878292161122778e-17,4.1928645181582e-15,5.3913178694261224e-15,0.0,0.0,21.904231357014975,4.152955590648802,-1.5995553153185392e-15,543.2164942814538,543.2164942814536,539.3348037873872,539.3348037873872,-0.13589785207456245,0.13589785207454982,0.45585766718606735,-4.253792758420179e-17,990.6169519547827,990.6169519547832,1013.8442024471447,1013.8442024471444,-0.5,-0.5,-0.5,-0.5
1,1430,29,after_integrate,1.4299999999999533,1.4289999999999534,0.001,0,0,0.5,0.0,0.0,,4.159042140307479,5.89867654288656e-17,4.1983053698754154e-15,5.4839133586383075e-15,0.0,0.0,21.92032492133036,4.159042140307479,-1.6041676167803889e-15,543.6341689283296,543.6341689283292,539.7549756408217,539.7549756408218,-0.13589650816619933,0.13589650816619933,0.45585724017521734,8.074401252841567e-18,990.3820485863612,990.3820485863616,1013.5944717941759,1013.5944717941757,-0.5,-0.5,-0.5,-0.5
1,1431,29,after_integrate,1.4309999999999532,1.4299999999999533,0.001,0,0,0.5,0.0,0.0,,4.165133153082975,5.918995289665215e-17,4.2037751334309556e-15,5.4749115432749625e-15,0.0,0.0,21.936418470182524,4.165133153082975,-1.606269824730171e-15,544.0511836161037,544.0511836161035,540.1745303501464,540.1745303501464,-0.13589505736681803,0.1358950573668054,0.4558567909662206,-4.054878442899577e-17,990.1456415622723,990.1456415622728,1013.3429830407197,1013.3429830407194,-0.5,-0.5,-0.5,-0.5
1,1432,29,after_integrate,1.431999999999953,1.4309999999999532,0.001,0,0,0.5,0.0,0.0,,4.17122862892499,5.939162400564662e-17,4.209249964044159e-15,5.460411412446848e-15,0.0,0.0,21.95251200278576,4.17122862892499,-1.6103839495804757e-15,544.4675335723039,544.4675335723036,540.5934636092481,540.5934636092483,-0.1358934994027219,0.1358934994027093,0.45585631943296073,-2.226731174229559e-17,989.9077544031189,989.9077544031194,1013.0897569267282,1013.089756926728,-0.5,-0.5,-0.5,-0.5
1,1433,29,after_integrate,1.432999999999953,1.431999999999953,0.001,0,0,0.5,0.0,0.0,,4.177328567783237,5.959218197233736e-17,4.214704139111063e-15,5.453027241813364e-15,0.0,0.0,21.968605518350135,4.177328567783237,-1.612334880502522e-15,544.8832140858176,544.8832140858173,541.0117711722644,541.0117711722644,-0.13589183399664484,0.13589183399663224,0.4558558254629779,-1.702406786016587e-17,989.6684105226557,989.6684105226561,1012.8348140915424,1012.8348140915422,-0.5,-0.5,-0.5,-0.5
1,1434,29,after_integrate,1.4339999999999529,1.432999999999953,0.001,0,0,0.5,0.0,0.0,,4.183432969607461,5.979312820908239e-17,4.22015214538497e-15,5.435069709964836e-15,0.0,0.0,21.984699016082022,4.183432969607461,-1.6149857234620542e-15,545.2982205067002,545.2982205067,541.4294488530699,541.42944885307,-0.13589006086787128,0.1358900608678713,0.45585530895736953,-2.0429167716806133e-17,989.4276332166977,989.4276332166982,1012.5781750646929,1012.5781750646927,-0.5,-0.5,-0.5,-0.5
1,1435,29,after_integrate,1.4349999999999528,1.4339999999999529,0.001,0,0,0.5,0.0,0.0,,4.189541834347449,5.999439483838205e-17,4.225596232787358e-15,5.503597495127098e-15,0.0,0.0,22.000792495184527,4.189541834347449,-1.6179699025318238e-15,545.7125482459544,545.7125482459542,541.8464925247405,541.8464925247405,-0.13588817973248293,0.13588817973247033,0.4558547698307117,-1.495509418814734e-17,989.1854456522909,989.1854456522914,1012.3198602569444,1012.3198602569441,-0.5,-0.5,-0.5,-0.5
1,1436,29,after_integrate,1.4359999999999526,1.4349999999999528,0.001,0,0,0.5,0.0,0.0,,4.195655161953057,6.019660777962892e-17,4.23108820942793e-15,5.4685233831547685e-15,0.0,0.0,22.016885954858004,4.195655161953057,-1.6198564403459915e-15,546.1261927752796,546.1261927752794,542.2628981189908,542.262898118991,-0.13588619030341656,0.13588619030342916,0.45585420801097587,3.539194536755979e-17,988.9418708574411,988.9418708574416,1012.0598899518674,1012.0598899518671,-0.5,-0.5,-0.5,-0.5
1,1437,29,after_integrate,1.4369999999999525,1.4359999999999526,0.001,0,0,0.5,0.0,0.0,,4.201772952374214,6.04003449221507e-17,4.236562577885614e-15,5.424264458519685e-15,0.0,0.0,22.032979394300487,4.201772952374215,-1.6205513025457905e-15,546.5391496267943,546.539149626794,542.6786616255912,542.6786616255913,-0.1358840922907996,0.1358840922907996,0.45585362343942154,-1.5463454662083228e-17,988.6969317109473,988.6969317109478,1011.7982842974836,1011.7982842974834,-0.5,-0.5,-0.5,-0.5
1,1438,29,after_integrate,1.4379999999999524,1.4369999999999525,0.001,0,0,0.5,0.0,0.0,,4.207895205560953,6.060273456070681e-17,4.2419908924622644e-15,5.44240917871585e-15,0.0,0.0,22.049072812708193,4.207895205560953,-1.6235600025493861e-15,546.9514143927315,546.9514143927312,543.0937790917607,543.0937790917608,-0.13588188540200838,0.13588188540200838,0.4558530160705285,-1.8708413715091643e-17,988.4506509328288,988.4506509328293,1011.5350632984806,1011.5350632984804,-0.5,-0.5,-0.5,-0.5
1,1439,29,after_integrate,1.4389999999999523,1.4379999999999524,0.001,0,0,0.5,0.0,0.0,,4.214021921463413,6.080489600113464e-17,4.247438920902096e-15,5.4461822858477344e-15,0.0,0.0,22.065166209275972,4.214021921463412,-1.6273527405312712e-15,547.3629827251078,547.3629827251075,543.5082466215401,543.5082466215401,-0.13587956934190334,0.13587956934190334,0.45585238587188864,7.330224009242672e-18,988.2030510749059,988.2030510749064,1011.2702468085448,1011.2702468085446,-0.5,-0.5,-0.5,-0.5
1,1440,29,after_integrate,1.4399999999999522,1.4389999999999523,0.001,0,0,0.5,0.0,0.0,,4.220153100031867,6.100666677469362e-17,4.252835484658476e-15,5.362228207201681e-15,0.0,0.0,22.081259583197767,4.220153100031867,-1.629646940511649e-15,547.7738503353675,547.7738503353671,543.9220603751452,543.9220603751453,-0.1358771438130266,0.13587714381302662,0.4558517328241289,-1.948237269647373e-17,987.9541545118924,987.9541545118929,1011.0038545231803,1011.00385452318,-0.5,-0.5,-0.5,-0.5
1,1441,29,after_integrate,1.440999999999952,1.4399999999999522,0.001,0,0,0.5,0.0,0.0,,4.226288741216728,6.120745803768637e-17,4.2582143816200776e-15,5.363912904431862e-15,0.0,0.0,22.097352933667082,4.226288741216728,-1.6302851732565294e-15,548.1840129940015,548.1840129940011,544.3352165683003,544.3352165683003,-0.13587460851578648,0.13587460851578648,0.4558510569208019,-1.935624425286564e-17,987.703983432676,987.7039834326764,1010.7359059726774,1010.7359059726772,-0.5,-0.5,-0.5,-0.5
1,1442,29,after_integrate,1.441999999999952,1.440999999999952,0.001,0,0,0.5,0.0,0.0,,4.232428844968574,6.140917725911553e-17,4.263584175725788e-15,5.379647920537686e-15,0.0,0.0,22.113446259877417,4.232428844968575,-1.6341429876497162e-15,548.5934665301438,548.5934665301436,544.7477114715542,544.7477114715542,-0.13587196314861774,0.13587196314861774,0.4558503581682942,-1.988128982434926e-17,987.4525598320726,987.452559832073,1010.4664205155296,1010.4664205155294,-0.5,-0.5,-0.5,-0.5
1,1443,29,after_integrate,1.4429999999999519,1.441999999999952,0.001,0,0,0.5,0.0,0.0,,4.238573411238151,6.161179254991479e-17,4.268971006713631e-15,5.3912745663083926e-15,0.0,0.0,22.129539561022746,4.238573411238151,-1.6369271961143513e-15,549.0022068311439,549.0022068311437,545.1595414095792,545.1595414095793,-0.13586920740822972,0.13586920740822972,0.455849636585725,-2.6231470804417443e-17,987.1999055028084,987.1999055028089,1010.1954173320293,1010.195417332029,-0.5,-0.5,-0.5,-0.5
1,1444,29,after_integrate,1.4439999999999518,1.4429999999999519,0.001,0,0,0.5,0.0,0.0,,4.244722439976399,6.181149362553507e-17,4.274272423348399e-15,5.245748019744461e-15,0.0,0.0,22.145632836297935,4.244722439976399,-1.64159442590278e-15,549.4102298421177,549.4102298421175,545.5707027604543,545.5707027604544,-0.13586634098972883,0.13586634098972886,0.45584889220484676,6.669128347147234e-18,986.9460420279217,986.9460420279222,1009.9229154182661,1009.9229154182659,-0.5,-0.5,-0.5,-0.5
1,1445,29,after_integrate,1.4449999999999517,1.4439999999999518,0.001,0,0,0.5,0.0,0.0,,4.250875931134461,6.201155998303594e-17,4.279536269804206e-15,5.241273653971735e-15,0.0,0.0,22.16172608489921,4.25087593113446,-1.6400018434158995e-15,549.8175315654776,549.8175315654773,545.9811919549325,545.9811919549326,-0.13586336358687903,0.13586336358687903,0.45584812506991457,-1.758220262677534e-17,986.6909907734203,986.6909907734207,1009.6489335803342,1009.648933580334,-0.5,-0.5,-0.5,-0.5
1,1446,29,after_integrate,1.4459999999999515,1.4449999999999517,0.001,0,0,0.5,0.0,0.0,,4.257033884663699,6.221347967225214e-17,4.2847862420947884e-15,5.2492654885741e-15,0.0,0.0,22.177819306024613,4.257033884663699,-1.6440622467780682e-15,550.224108060441,550.2241080604407,546.3910054756946,546.3910054756946,-0.135860274892237,0.135860274892237,0.45584733523760257,-1.6946460296842996e-17,986.4347728812825,986.4347728812829,1009.373490428843,1009.3734904288427,-0.5,-0.5,-0.5,-0.5
1,1447,29,after_integrate,1.4469999999999514,1.4459999999999515,0.001,0,0,0.5,0.0,0.0,,4.2631963005157045,6.241616697137229e-17,4.290041320655278e-15,5.302512256185236e-15,0.0,0.0,22.193912498874365,4.2631963005157045,-1.6474627973248692e-15,550.6299554425208,550.6299554425206,546.8001398565893,546.8001398565893,-0.1358570745973882,0.1358570745973882,0.4558465227768601,-1.523233767387791e-17,986.1774092627757,986.1774092627761,1009.0966043737195,1009.0966043737193,-0.5,-0.5,-0.5,-0.5
1,1448,29,after_integrate,1.4479999999999513,1.4469999999999514,0.001,0,0,0.5,0.0,0.0,,4.269363178642319,6.26214690922542e-17,4.295348659490032e-15,5.259327572818182e-15,0.0,0.0,22.21000566265139,4.269363178642319,-1.6488643325284066e-15,551.0350698829951,551.0350698829949,547.2085916818619,547.2085916818619,-0.1358537623931316,0.13585376239311897,0.45584568776879814,-4.422140999604233e-17,985.9189205921282,985.9189205921286,1008.8182936193157,1008.8182936193155,-0.5,-0.5,-0.5,-0.5
1,1449,29,after_integrate,1.4489999999999512,1.4479999999999513,0.001,0,0,0.5,0.0,0.0,,4.27553451899564,6.2826837597877e-17,4.300608800275182e-15,5.316552795392133e-15,0.0,0.0,22.226098796561672,4.27553451899564,-1.6524157143359571e-15,551.4394476083608,551.4394476083605,547.6163575853693,547.6163575853694,-0.13585033796962784,0.13585033796961524,0.4558448303065631,-1.9714085818977943e-17,985.6593273004255,985.659327300426,1008.5385761597073,1008.5385761597071,-0.5,-0.5,-0.5,-0.5
1,1450,29,after_integrate,1.449999999999951,1.4489999999999512,0.001,0,0,0.5,0.0,0.0,,4.281710321528036,6.303423264127277e-17,4.30592151240235e-15,5.2466993289638856e-15,0.0,0.0,22.24219189981472,4.281710321528036,-1.6556527779509098e-15,551.8430848997675,551.8430848997673,548.0234342497874,548.0234342497874,-0.13584680101664673,0.1358468010166341,0.45584395049520093,-4.3984738459334516e-17,985.3986495698351,985.3986495698356,1008.2574697742734,1008.2574697742732,-0.5,-0.5,-0.5,-0.5
1,1451,30,after_integrate,1.450999999999951,1.449999999999951,0.001,0,0,0.5,0.0,0.0,,4.287890586192163,6.324120717706223e-17,4.311175920851553e-15,5.2080574620378456e-15,0.0,0.0,22.258284971623965,4.287890586192163,-1.6589204020822249e-15,552.2459780924373,552.2459780924371,548.4298184058057,548.4298184058058,-0.1358431512237403,0.1358431512237403,0.455843048451517,-1.7731103436259198e-17,985.1369073282232,985.1369073282236,1007.9749920236396,1007.9749920236394,-0.5,-0.5,-0.5,-0.5
1,1452,30,after_integrate,1.4519999999999509,1.450999999999951,0.001,0,0,0.5,0.0,0.0,,4.294075312940976,6.344787878044925e-17,4.3163891155616974e-15,5.2774359713846e-15,0.0,0.0,22.27437801120717,4.294075312940976,-1.6631283936038372e-15,552.6481235750666,552.6481235750664,548.8355068313152,548.8355068313152,-0.13583938828042758,0.1358393882804276,0.45584212430392995,8.963838147562808e-18,984.8741202439244,984.8741202439248,1007.6911602457218,1007.6911602457216,-0.5,-0.5,-0.5,-0.5
1,1453,30,after_integrate,1.4529999999999508,1.4519999999999509,0.001,0,0,0.5,0.0,0.0,,4.300264501727732,6.365695690351584e-17,4.321667896737302e-15,5.268890952866846e-15,0.0,0.0,22.290471017786864,4.300264501727731,-1.6642125071243196e-15,553.049517789214,553.0495177892136,549.2404963505869,549.2404963505869,-0.13583551187637938,0.1358355118763794,0.4558411781923236,-1.7776393471890707e-17,984.6103077208717,984.6103077208721,1007.4059915520962,1007.405991552096,-0.5,-0.5,-0.5,-0.5
1,1454,30,after_integrate,1.4539999999999507,1.4529999999999508,0.001,0,0,0.5,0.0,0.0,,4.306458152506016,6.386509978555203e-17,4.326895252723678e-15,5.193550349238355e-15,0.0,0.0,22.3065639905907,4.306458152506016,-1.6667896025964484e-15,553.450157228673,553.4501572286729,549.6447838334434,549.6447838334435,-0.13583152170161564,0.13583152170161567,0.4558402102678965,1.2129703210298909e-17,984.3454888940205,984.345488894021,1007.1195028246202,1007.11950282462,-0.5,-0.5,-0.5,-0.5
1,1455,30,after_integrate,1.4549999999999506,1.4539999999999507,0.001,0,0,0.5,0.0,0.0,,4.312656265229742,6.407667035075072e-17,4.3321445104169006e-15,5.274989946761015e-15,0.0,0.0,22.32265692885189,4.312656265229742,-1.6657913114172761e-15,553.8500384388323,553.8500384388321,550.0483661944239,550.0483661944239,-0.13582741744667753,0.13582741744667753,0.4558392206929886,-1.4935768418901248e-17,984.0796826250356,984.0796826250361,1006.8317107122703,1006.83171071227,-0.5,-0.5,-0.5,-0.5
1,1456,30,after_integrate,1.4559999999999504,1.4549999999999506,0.001,0,0,0.5,0.0,0.0,,4.318858839853169,6.429046915449446e-17,4.337417676752247e-15,5.327974088072883e-15,0.0,0.0,22.338749831809594,4.318858839853169,-1.6712422239819483e-15,554.2491580160209,554.2491580160207,550.4512403919431,550.4512403919431,-0.13582319880283653,0.13582319880282392,0.4558382096409192,-4.351273541088756e-17,983.8129074982056,983.8129074982061,1006.5426316281736,1006.5426316281734,-0.5,-0.5,-0.5,-0.5
1,1457,30,after_integrate,1.4569999999999503,1.4559999999999504,0.001,0,0,0.5,0.0,0.0,,4.3250658763309096,6.450739768640783e-17,4.342848962779651e-15,5.47880057182639e-15,0.0,0.0,22.35484269870927,4.3250658763309096,-1.672211920828419e-15,554.6475126068433,554.6475126068431,550.8534034274452,550.8534034274452,-0.13581886546222866,0.13581886546221605,0.455837177295818,-2.1016380702185392e-17,983.5451818167328,983.5451818167332,1006.2522817469624,1006.2522817469621,-0.5,-0.5,-0.5,-0.5
1,1458,30,after_integrate,1.4579999999999502,1.4569999999999503,0.001,0,0,0.5,0.0,0.0,,4.331277374617942,6.472739214716922e-17,4.348302909201798e-15,5.4090826119761094e-15,0.0,0.0,22.370935528803088,4.331277374617943,-1.6778420316980015e-15,555.0450989075009,555.0450989075008,551.254852344554,551.254852344554,-0.13581441711807563,0.13581441711808823,0.4558361238524371,6.538353262880536e-18,983.2765235991694,983.2765235991699,1005.9606770022365,1005.9606770022363,-0.5,-0.5,-0.5,-0.5
1,1459,30,after_integrate,1.4589999999999501,1.4579999999999502,0.001,0,0,0.5,0.0,0.0,,4.337493334669618,6.494647693673961e-17,4.353727173716139e-15,5.490048647647326e-15,0.0,0.0,22.38702832135029,4.337493334669617,-1.6787371161415816e-15,555.4419136631043,555.4419136631041,551.6555842282186,551.6555842282187,-0.13580985346489383,0.13580985346489383,0.45583504951597364,4.5547717884155425e-18,983.0069505761996,983.0069505762001,1005.6678330843343,1005.6678330843341,-0.5,-0.5,-0.5,-0.5
1,1460,30,after_integrate,1.45999999999995,1.4589999999999501,0.001,0,0,0.5,0.0,0.0,,4.343713756441676,6.516544013896375e-17,4.3591712812772115e-15,5.3594734543361645e-15,0.0,0.0,22.403121075617538,4.343713756441676,-1.682205417626839e-15,555.8379536669738,555.8379536669736,552.0555962038565,552.0555962038566,-0.13580517419856442,0.13580517419857704,0.4558339545018767,2.910908968553153e-17,982.7364801876354,982.7364801876358,1005.3737654382602,1005.37376543826,-0.5,-0.5,-0.5,-0.5
1,1461,30,after_integrate,1.46099999999995,1.45999999999995,0.001,0,0,0.5,0.0,0.0,,4.349938639890247,6.538467682963278e-17,4.364549050073329e-15,5.380713767609405e-15,0.0,0.0,22.41921379087932,4.349938639890247,-1.6803500079540234e-15,556.2332157599315,556.2332157599312,552.4548854364941,552.4548854364942,-0.13580037901660452,0.13580037901660452,0.4558328390356485,-1.5487555594877783e-17,982.4651295796359,982.4651295796364,1005.0784892618063,1005.0784892618061,-0.5,-0.5,-0.5,-0.5
1,1462,30,after_integrate,1.4619999999999498,1.46099999999995,0.001,0,0,0.5,0.0,0.0,,4.356167984971869,6.560559408722339e-17,4.3699405584501156e-15,5.386233036063803e-15,0.0,0.0,22.435306466418236,4.356167984971869,-1.6850691813620973e-15,556.6276968295831,556.6276968295829,552.8534491299066,552.8534491299067,-0.135795467618299,0.13579546761828643,0.45583170335264456,-4.519261257252063e-17,982.1929156022471,982.1929156022476,1004.782019503944,1004.7820195039437,-0.5,-0.5,-0.5,-0.5
1,1463,30,after_integrate,1.4629999999999497,1.4619999999999498,0.001,0,0,0.5,0.0,0.0,,4.362401791643489,6.58261547704023e-17,4.375331140225724e-15,5.4443941948172905e-15,0.0,0.0,22.451399101525407,4.362401791643489,-1.6885152438995398e-15,557.0213938095931,557.0213938095928,553.2512845257553,553.2512845257553,-0.13579043970483365,0.13579043970483365,0.4558305476978662,7.363731648431303e-18,981.9198548071097,981.9198548071101,1004.4843708633404,1004.4843708633401,-0.5,-0.5,-0.5,-0.5
1,1464,30,after_integrate,1.4639999999999496,1.4629999999999497,0.001,0,0,0.5,0.0,0.0,,4.368640059862477,6.604925367580503e-17,4.3807760923802885e-15,5.38519930840804e-15,0.0,0.0,22.467491695500748,4.368640059862476,-1.6896342870924076e-15,557.4143036789499,557.4143036789496,553.6483889027255,553.6483889027256,-0.1357852949795516,0.13578529497955164,0.45582937232574766,5.349357835233682e-18,981.6459634454359,981.6459634454363,1004.1855577871045,1004.1855577871042,-0.5,-0.5,-0.5,-0.5
1,1465,30,after_integrate,1.4649999999999495,1.4639999999999496,0.001,0,0,0.5,0.0,0.0,,4.374882789586632,6.62726241212795e-17,4.386163596854964e-15,5.400409076421029e-15,0.0,0.0,22.48358424765338,4.374882789586632,-1.6918531085216927e-15,557.8064234612264,557.8064234612261,554.0447595756651,554.0447595756652,-0.1357800331480227,0.13578003314801007,0.4558281774999386,-4.830435644346308e-17,981.3712574661978,981.3712574661982,1003.8855944696959,1003.8855944696957,-0.5,-0.5,-0.5,-0.5
1,1466,30,after_integrate,1.4659999999999493,1.4649999999999495,0.001,0,0,0.5,0.0,0.0,,4.381129980774192,6.649539664341611e-17,4.391566445475055e-15,5.400045874708309e-15,0.0,0.0,22.499676757301835,4.381129980774193,-1.6964008754378365e-15,558.1977502238318,558.1977502238316,554.4403938947228,554.4403938947229,-0.13577465391823698,0.13577465391822435,0.4558269634930787,-4.342648475263039e-17,981.0957525145539,981.0957525145543,1003.5844948520327,1003.5844948520324,-0.5,-0.5,-0.5,-0.5
1,1467,30,after_integrate,1.4669999999999492,1.4659999999999493,0.001,0,0,0.5,0.0,0.0,,4.387381633383839,6.671778634752746e-17,4.396965560833855e-15,5.3782621573269326e-15,0.0,0.0,22.51576922377449,4.38738163338384,-1.7001484032960065e-15,558.588281077259,558.5882810772588,554.8352892444879,554.835289244488,-0.13576915700074796,0.13576915700076062,0.4558257305865676,3.298308098247186e-17,980.8194639304672,980.8194639304677,1003.2822726207511,1003.2822726207509,-0.5,-0.5,-0.5,-0.5
1,1468,30,after_integrate,1.4679999999999491,1.4669999999999492,0.001,0,0,0.5,0.0,0.0,,4.393637747374707,6.693958454891364e-17,4.402397237580777e-15,5.520345244080329e-15,0.0,0.0,22.5318616464098,4.393637747374707,-1.7003355917714914e-15,558.978013174326,558.9780131743257,555.2294430431331,555.2294430431332,-0.13576354210889155,0.13576354210889158,0.4558244790703426,3.3452649504208505e-18,980.5424067475948,980.5424067475952,1002.9789412076807,1002.9789412076805,-0.5,-0.5,-0.5,-0.5
1,1469,30,after_integrate,1.468999999999949,1.4679999999999491,0.001,0,0,0.5,0.0,0.0,,4.399898322706391,6.716246887002708e-17,4.407857055215237e-15,5.425720040294896e-15,0.0,0.0,22.547954024556603,4.399898322706391,-1.7039834960901343e-15,559.3669437094121,559.3669437094119,555.6228527415583,555.6228527415584,-0.13575780895880168,0.1357578089588143,0.4558232092426321,2.9819615805646884e-17,980.2645956922843,980.2645956922847,1002.6745137893998,1002.6745137893996,-0.5,-0.5,-0.5,-0.5
1,1470,30,after_integrate,1.469999999999949,1.468999999999949,0.001,0,0,0.5,0.0,0.0,,4.406163359338951,6.738583110766847e-17,4.413293334964366e-15,5.359083715094462e-15,0.0,0.0,22.56404635757444,4.406163359338952,-1.7018335557608755e-15,559.7550699176911,559.755069917691,556.0155158225384,556.0155158225385,-0.13575195726969222,0.13575195726970482,0.4558219214097054,4.467451962002575e-18,979.9860451828966,979.9860451828971,1002.3690032870679,1002.3690032870677,-0.5,-0.5,-0.5,-0.5
1,1471,30,after_integrate,1.4709999999999488,1.469999999999949,0.001,0,0,0.5,0.0,0.0,,4.412432857232921,6.760966750866142e-17,4.4186654543142035e-15,5.39364793849007e-15,0.0,0.0,22.58013864483379,4.412432857232921,-1.705543121127993e-15,560.1423890743603,560.14238907436,556.4074297998737,556.4074297998739,-0.13574598676390934,0.13574598676390934,0.4558206158856434,-1.4838237901351152e-17,979.7067693292169,979.7067693292173,1002.0624223663037,1002.0624223663035,-0.5,-0.5,-0.5,-0.5
1,1472,30,after_integrate,1.4719999999999487,1.4709999999999488,0.001,0,0,0.5,0.0,0.0,,4.418706816349315,6.783330639068899e-17,4.424064348033595e-15,5.358378266708717e-15,0.0,0.0,22.596230885716373,4.4187068163493155,-1.7087118904780848e-15,560.5288984938645,560.5288984938644,556.798592217545,556.7985922175451,-0.13573989716707344,0.13573989716707344,0.4558192929920818,8.485336990687e-18,979.4267819321374,979.4267819321378,1001.7547834372899,1001.7547834372897,-0.5,-0.5,-0.5,-0.5
1,1473,30,after_integrate,1.4729999999999486,1.4719999999999487,0.001,0,0,0.5,0.0,0.0,,4.424985236649628,6.805743082337894e-17,4.429424026789413e-15,5.469044404691303e-15,0.0,0.0,22.612323079615415,4.424985236649628,-1.710149427686235e-15,560.9145955291216,560.9145955291214,557.1890006488721,557.1890006488723,-0.13573368820829568,0.13573368820828308,0.4558179530579477,-1.4319844290561797e-17,979.146096483513,979.1460964835135,1001.4460986550249,1001.4460986550247,-0.5,-0.5,-0.5,-0.5
1,1474,30,after_integrate,1.4739999999999485,1.4729999999999486,0.001,0,0,0.5,0.0,0.0,,4.431268118095851,6.828330007197347e-17,4.434890107154204e-15,5.38340425591462e-15,0.0,0.0,22.62841522593587,4.43126811809585,-1.7120238216947697e-15,561.2994775707411,561.2994775707409,557.5786526956786,557.5786526956787,-0.13572735962017962,0.13572735962017965,0.4558165964192161,-2.0544097526078804e-17,978.8647261661307,978.8647261661312,1001.136379919624,1001.1363799196238,-0.5,-0.5,-0.5,-0.5
1,1475,30,after_integrate,1.4749999999999484,1.4739999999999485,0.001,0,0,0.5,0.0,0.0,,4.437555460650465,6.850950457402922e-17,4.440283947198649e-15,5.396830143513989e-15,0.0,0.0,22.644507324094707,4.437555460650465,-1.714156949122574e-15,561.6835420462455,561.6835420462453,557.9675459874601,557.9675459874601,-0.1357209111390749,0.13572091113906226,0.4558152234186359,-1.906638725688156e-17,978.5826838539501,978.5826838539506,1000.8256388768776,1000.8256388768774,-0.5,-0.5,-0.5,-0.5
1,1476,30,after_integrate,1.4759999999999482,1.4749999999999484,0.001,0,0,0.5,0.0,0.0,,4.443847264276456,6.873778972968981e-17,4.4456738523017135e-15,5.32717785355597e-15,0.0,0.0,22.660599373521094,4.443847264276456,-1.7188001395596997e-15,562.0667864192868,562.0667864192866,558.3556781805596,558.3556781805597,-0.13571434250509065,0.13571434250510328,0.4558138344054709,3.6860411791828554e-17,978.2999821124772,978.2999821124774,1000.5138869188734,1000.5138869188731,-0.5,-0.5,-0.5,-0.5
1,1477,30,after_integrate,1.4769999999999481,1.4759999999999482,0.001,0,0,0.5,0.0,0.0,,4.450143528937314,6.896668701865047e-17,4.451057544128035e-15,5.47624417456386e-15,0.0,0.0,22.676691373656663,4.450143528937315,-1.7183055715472277e-15,562.4492081888656,562.4492081888653,558.7430469573482,558.7430469573483,-0.13570765346232327,0.13570765346232327,0.4558124297352294,-1.9928171683232946e-17,978.0166331993113,978.0166331993117,1000.2011351847851,1000.2011351847849,-0.5,-0.5,-0.5,-0.5
1,1478,30,after_integrate,1.477999999999948,1.4769999999999481,0.001,0,0,0.5,0.0,0.0,,4.456444254597037,6.919692098113824e-17,4.456480262369177e-15,5.447872541255665e-15,0.0,0.0,22.69278332395571,4.456444254597037,-1.7223617387281524e-15,562.8308048885475,562.8308048885473,559.1296500254122,559.1296500254123,-0.1357008437588435,0.13570084375885616,0.4558110097694052,4.6614361706222536e-18,977.7326490648268,977.7326490648272,999.8873945617307,999.8873945617305,-0.5,-0.5,-0.5,-0.5
1,1479,30,after_integrate,1.478999999999948,1.477999999999948,0.001,0,0,0.5,0.0,0.0,,4.462749441220141,6.943074866752203e-17,4.461953626893502e-15,5.410042300710144e-15,0.0,0.0,22.708875223885407,4.462749441220142,-1.7243773565538082e-15,563.2115740856814,563.2115740856811,559.5154851167471,559.5154851167472,-0.13569391314694904,0.13569391314694904,0.45580957487517976,-1.995606087675481e-17,977.4480413530628,977.4480413530632,999.5726756858145,999.5726756858143,-0.5,-0.5,-0.5,-0.5
1,1480,30,after_integrate,1.4799999999999478,1.478999999999948,0.001,0,0,0.5,0.0,0.0,,4.4690590887716555,6.966346812605885e-17,4.467374680954586e-15,5.481566472162555e-15,0.0,0.0,22.724967072925995,4.4690590887716555,-1.7266898805919712e-15,563.5915133806178,563.5915133806176,559.9005499869592,559.9005499869593,-0.13568686138312502,0.13568686138313768,0.4558081254251722,4.2894887356701705e-18,977.1628214027592,977.1628214027596,999.2569889432664,999.2569889432662,-0.5,-0.5,-0.5,-0.5
1,1481,30,after_integrate,1.4809999999999477,1.4799999999999478,0.001,0,0,0.5,0.0,0.0,,4.4753731972171344,6.989917174732593e-17,4.472867615990694e-15,5.440917229683022e-15,0.0,0.0,22.741058870570967,4.4753731972171344,-1.7278470232262382e-15,563.9706204059287,563.9706204059286,560.2848424144736,560.2848424144736,-0.1356796882282832,0.1356796882282832,0.4558066617971512,5.424509862979971e-18,976.8770002484887,976.8770002484891,998.9403444716597,998.9403444716595,-0.5,-0.5,-0.5,-0.5
1,1482,30,after_integrate,1.4819999999999476,1.4809999999999477,0.001,0,0,0.5,0.0,0.0,,4.481691766522654,7.013486237460232e-17,4.478307723246318e-15,5.394430221887048e-15,0.0,0.0,22.757150616327245,4.481691766522655,-1.7321228359855487e-15,564.3488928256285,564.3488928256282,560.6683601997509,560.668360199751,-0.13567239344777238,0.1356723934477724,0.45580518437454226,4.696525961891886e-18,976.5907087433468,976.5907087433472,998.6228722826262,998.622872282626,-0.5,-0.5,-0.5,-0.5
1,1483,30,after_integrate,1.4829999999999475,1.4819999999999476,0.001,0,0,0.5,0.0,0.0,,4.488014796654864,7.036858386752068e-17,4.483654767359052e-15,5.373868822433741e-15,0.0,0.0,22.77324230971544,4.488014796654864,-1.73228557221114e-15,564.7263293795091,564.7263293795089,561.0511022120616,561.0511022120616,-0.13566497681198642,0.13566497681197381,0.4558036935430053,-4.5040657382517564e-17,976.303726418363,976.3037264183635,998.3043511067867,998.3043511067865,-0.5,-0.5,-0.5,-0.5
1,1484,30,after_integrate,1.4839999999999474,1.4829999999999475,0.001,0,0,0.5,0.0,0.0,,4.49434228758106,7.060444642072328e-17,4.489039433919592e-15,5.357952211892183e-15,0.0,0.0,22.789333950269576,4.49434228758106,-1.7362532568589134e-15,565.1029245475139,565.1029245475137,561.4330630402628,561.4330630402628,-0.13565743809729897,0.13565743809728634,0.4558021896889794,-1.8409658669966135e-17,976.01511579938,976.0151157993805,997.9838427914506,997.9838427914503,-0.5,-0.5,-0.5,-0.5
1,1485,30,after_integrate,1.4849999999999473,1.4839999999999474,0.001,0,0,0.5,0.0,0.0,,4.500674239268121,7.084108066413614e-17,4.4944466947762626e-15,5.5290173534125765e-15,0.0,0.0,22.805425537537765,4.500674239268122,-1.7388444427152932e-15,565.4786748691586,565.4786748691582,561.8142393295838,561.8142393295838,-0.13564977707380146,0.13564977707381407,0.45580067321049594,2.9814486192724973e-17,975.725527773383,975.7255277733836,997.661997563757,997.6619975637568,-0.5,-0.5,-0.5,-0.5
1,1486,30,after_integrate,1.4859999999999471,1.4849999999999473,0.001,0,0,0.5,0.0,0.0,,4.507010651683516,7.10799051610329e-17,4.499919242716604e-15,5.3351655058792015e-15,0.0,0.0,22.82151707108205,4.507010651683516,-1.7401268065111651e-15,565.8535767804742,565.853576780474,562.1946276119745,562.1946276119746,-0.1356419935176458,0.1356419935176458,0.45579914450316633,-1.9709891366490673e-17,975.4349593341533,975.4349593341537,997.3388118155121,997.3388118155119,-0.5,-0.5,-0.5,-0.5
1,1487,30,after_integrate,1.486999999999947,1.4859999999999471,0.001,0,0,0.5,0.0,0.0,,4.513351524794949,7.131775321502569e-17,4.505222354414672e-15,5.2841650237463006e-15,0.0,0.0,22.83760855047847,4.513351524794948,-1.7433527457470873e-15,566.2276268939316,566.2276268939314,562.5742245872078,562.5742245872078,-0.13563408720676803,0.13563408720675543,0.45579760396374835,-4.295908700822067e-17,975.1434190261264,975.1434190261268,997.0142935400744,997.0142935400742,-0.5,-0.5,-0.5,-0.5
1,1488,30,after_integrate,1.487999999999947,1.486999999999947,0.001,0,0,0.5,0.0,0.0,,4.5196968585704385,7.155671719746131e-17,4.51052228189118e-15,5.320684938683375e-15,0.0,0.0,22.853699975317113,4.5196968585704385,-1.7479665011037236e-15,566.6008218097522,566.600821809752,562.9530269337096,562.9530269337097,-0.1356260579221293,0.13562605792212934,0.4557960519894992,-1.8161952934475755e-17,974.8509030773447,974.8509030773452,996.6884384681595,996.6884384681592,-0.5,-0.5,-0.5,-0.5
1,1489,30,after_integrate,1.4889999999999468,1.487999999999947,0.001,0,0,0.5,0.0,0.0,,4.526046652978311,7.179704221534853e-17,4.515850643657242e-15,5.274716195816107e-15,0.0,0.0,22.86979134520208,4.526046652978312,-1.7495119408143685e-15,566.973158105501,566.9731581055007,563.3310312982233,563.3310312982233,-0.13561790544778463,0.13561790544778465,0.45579448897769137,-1.540265505496011e-17,974.5573998279639,974.5573998279643,996.3612344959425,996.3612344959423,-0.5,-0.5,-0.5,-0.5
1,1490,30,after_integrate,1.4899999999999467,1.4889999999999468,0.001,0,0,0.5,0.0,0.0,,4.532400907987194,7.2038271894282e-17,4.5210768138076654e-15,5.203865355492927e-15,0.0,0.0,22.885882659751513,4.532400907987194,-1.7516357870797986e-15,567.3446323246208,567.3446323246205,563.7082342844251,563.7082342844252,-0.1356096295708638,0.13560962957085118,0.4557929153251576,-2.2189104179057253e-17,974.2628946132689,974.2628946132694,996.0326665675985,996.0326665675983,-0.5,-0.5,-0.5,-0.5
1,1491,30,after_integrate,1.4909999999999466,1.4899999999999467,0.001,0,0,0.5,0.0,0.0,,4.538759623565999,7.227882778481192e-17,4.526241706458283e-15,5.127014706235513e-15,0.0,0.0,22.901973918597538,4.538759623565998,-1.7553094706373038e-15,567.7152409716209,567.7152409716207,564.0846324482219,564.084632448222,-0.1356012300816775,0.13560123008167752,0.4557913314278364,-2.3355294899819717e-17,973.9673722497935,973.9673722497939,995.7027191607826,995.7027191607824,-0.5,-0.5,-0.5,-0.5
1,1492,30,after_integrate,1.4919999999999465,1.4909999999999466,0.001,0,0,0.5,0.0,0.0,,4.545122799683918,7.252130527454697e-17,4.531391401530764e-15,5.133092743881526e-15,0.0,0.0,22.918065121386263,4.545122799683919,-1.7584504743227924e-15,568.0849805115474,568.0849805115472,564.4602222973513,564.4602222973513,-0.13559270677375845,0.13559270677377108,0.4557897376803318,3.1506505787218386e-17,973.6708179789722,973.6708179789727,995.3713772295188,995.3713772295185,-0.5,-0.5,-0.5,-0.5
1,1493,30,after_integrate,1.4929999999999464,1.4919999999999465,0.001,0,0,0.5,0.0,0.0,,4.551490436310414,7.276453891048657e-17,4.536485947368904e-15,5.0670682964242766e-15,0.0,0.0,22.93415626777771,4.551490436310414,-1.759469051003924e-15,568.4538473712852,568.4538473712851,564.8350002928298,564.8350002928299,-0.13558405944389137,0.13558405944387877,0.4557881344754857,-3.404930416068203e-17,973.3732177448906,973.373217744891,995.038626481094,995.0386264810937,-0.5,-0.5,-0.5,-0.5
1,1494,30,after_integrate,1.4939999999999463,1.4929999999999464,0.001,0,0,0.5,0.0,0.0,,4.557862533415206,7.301042799724594e-17,4.5416163879471186e-15,5.149812584383451e-15,0.0,0.0,22.950247357445722,4.557862533415206,-1.7609745028233512e-15,568.8218379414616,568.8218379414614,565.2089628510115,565.2089628510116,-0.13557528789207834,0.13557528789207837,0.45578652220397653,8.475769895878838e-18,973.074558246459,973.0745582464594,994.7044534273259,994.7044534273257,-0.5,-0.5,-0.5,-0.5
1,1495,30,after_integrate,1.4949999999999461,1.4939999999999463,0.001,0,0,0.5,0.0,0.0,,4.564239090968265,7.325777663161946e-17,4.546759278447522e-15,5.156590483071402e-15,0.0,0.0,22.966338390077897,4.564239090968265,-1.7651168411001146e-15,569.1889485784814,569.1889485784811,565.5821063457886,565.5821063457887,-0.13556639192169403,0.13556639192168143,0.4557849012539086,-1.543524119834454e-17,972.7748269304273,972.7748269304277,994.3688453765893,994.3688453765891,-0.5,-0.5,-0.5,-0.5
1,1496,30,after_integrate,1.495999999999946,1.4949999999999461,0.001,0,0,0.5,0.0,0.0,,4.5706201089397975,7.350922369501349e-17,4.552011866416748e-15,5.542120484311056e-15,0.0,0.0,22.982429365375516,4.5706201089397975,-1.765060965632209e-15,569.5551756065562,569.555175606556,565.9544271107933,565.9544271107933,-0.13555737133941403,0.13555737133942666,0.45578327201047014,4.46922570355093e-17,972.4740119751594,972.4740119751599,994.0317904165956,994.0317904165954,-0.5,-0.5,-0.5,-0.5
1,1497,30,after_integrate,1.496999999999946,1.495999999999946,0.001,0,0,0.5,0.0,0.0,,4.577005587300247,7.377122163180105e-17,4.557743339267116e-15,5.811927497219599e-15,0.0,0.0,22.998520283053388,4.577005587300247,-1.7652419280710528e-15,569.9205153196968,569.9205153196965,566.3259214415705,566.3259214415706,-0.13554822595536997,0.13554822595537,0.4557816348555597,-3.545800204610437e-18,972.1721022757931,972.1721022757936,993.6932773984713,993.6932773984711,-0.5,-0.5,-0.5,-0.5
1,1498,30,after_integrate,1.4979999999999458,1.496999999999946,0.001,0,0,0.5,0.0,0.0,,4.583395526020277,7.403813672892878e-17,4.563723770455285e-15,6.048368863597002e-15,0.0,0.0,23.014611142839737,4.5833955260202766,-1.7690066741643767e-15,570.2849639836661,570.2849639836659,566.6965855977184,566.6965855977185,-0.1355389555830274,0.13553895558304002,0.45577999016747034,1.3801632816759406e-17,971.8690874313836,971.8690874313841,993.3532959228129,993.3532959228127,-0.5,-0.5,-0.5,-0.5
1,1499,30,after_integrate,1.4989999999999457,1.4979999999999458,0.001,0,0,0.5,0.0,0.0,,4.5897899250707646,7.43059653095322e-17,4.569889136478493e-15,6.358512186124698e-15,0.0,0.0,23.03070194447612,4.5897899250707646,-1.7716930010280868e-15,570.6485178378964,570.6485178378962,567.0664158049998,567.0664158049999,-0.13552956003939104,0.13552956003937844,0.45577833832057973,-1.06541058415734e-17,971.5649577330638,971.5649577330643,993.0118363266952,993.011836326695,-0.5,-0.5,-0.5,-0.5
1,1500,30,after_integrate,1.4999999999999456,1.4989999999999457,0.001,0,0,0.5,0.0,0.0,,4.596188784422797,7.45786543700569e-17,4.576454191978601e-15,6.709373179455252e-15,0.0,0.0,23.04679268771721,4.5961887844227975,-1.7734698033854436e-15,571.0111730973722,571.011173097372,567.4354082574245,567.4354082574245,-0.13552003914488223,0.13552003914488223,0.45577667968506064,1.7020818514006656e-17,971.2597041525561,971.2597041525565,992.6688896710042,992.6688896710042,-0.5,-0.5,-0.5,-0.5
1,1501,31,after_integrate,1.5009999999999455,1.4999999999999456,0.001,0,0,0.5,0.0,0.0,,4.602592104047656,7.485354730028367e-17,4.58330771621374e-15,7.0189437479046945e-15,0.0,0.0,23.06288337233068,4.602592104047656,-1.778189648624179e-15,571.3729259544791,571.3729259544789,567.8035591193038,567.8035591193037,-0.1355103927234808,0.1355103927234808,0.4557750146266111,-5.82868064650917e-18,970.9533183307784,970.9533183307789,992.3244477278453,992.3244477278455,-0.5,-0.5,-0.5,-0.5
1,1502,31,after_integrate,1.5019999999999454,1.5009999999999455,0.001,0,0,0.5,0.0,0.0,,4.6089998839168205,7.512684807786894e-17,4.59053413023613e-15,7.34292223243347e-15,0.0,0.0,23.078973998097055,4.60899988391682,-1.77863414597942e-15,571.7337725808198,571.7337725808196,568.1708645272763,568.1708645272762,-0.1355006206027284,0.1355006206027284,0.455773343506211,1.629290830932703e-17,970.6457925664934,970.6457925664938,991.9785029679367,991.978502967937,-0.5,-0.5,-0.5,-0.5
1,1503,31,after_integrate,1.5029999999999453,1.5019999999999454,0.001,0,0,0.5,0.0,0.0,,4.615412124001951,7.539779296836556e-17,4.598013475494739e-15,7.644675576456576e-15,0.0,0.0,23.0950645648095,4.615412124001951,-1.7833881085507157e-15,572.0937091289962,572.093709128996,568.537320592305,568.5373205923048,-0.13549072261370582,0.13549072261371842,0.4557716666798841,4.0720567498857053e-17,970.3371198048171,970.3371198048176,991.6310485478676,991.6310485478681,-0.5,-0.5,-0.5,-0.5
1,1504,31,after_integrate,1.5039999999999452,1.5029999999999453,0.001,0,0,0.5,0.0,0.0,,4.62182882427489,7.566463042541797e-17,4.6058185321643975e-15,7.946396784279557e-15,0.0,0.0,23.111155072273686,4.62182882427489,-1.784810722113459e-15,572.4527317343586,572.4527317343584,568.9029234016441,568.9029234016439,-0.13548069859111103,0.13548069859111103,0.45576998449849015,-1.0602707996839648e-17,970.0272936258564,970.0272936258568,991.2820782974387,991.2820782974392,-0.5,-0.5,-0.5,-0.5
1,1505,31,after_integrate,1.504999999999945,1.5039999999999452,0.001,0,0,0.5,0.0,0.0,,4.628249984707651,7.592287440182344e-17,4.613810628344797e-15,8.032271568989077e-15,0.0,0.0,23.12724552030756,4.628249984707651,-1.7890901710947575e-15,572.8108365167217,572.8108365167215,569.2676690207768,569.2676690207766,-0.13547054837324884,0.13547054837324884,0.4557682973075346,-1.159987871626488e-17,969.7163082331771,969.7163082331775,990.9315867068349,990.9315867068353,-0.5,-0.5,-0.5,-0.5
1,1506,31,after_integrate,1.505999999999945,1.504999999999945,0.001,0,0,0.5,0.0,0.0,,4.634675605272413,7.617207808594639e-17,4.621969549794988e-15,8.301910903454464e-15,0.0,0.0,23.143335908741193,4.634675605272413,-1.7923779740574916e-15,573.1680195820475,573.1680195820471,569.6315534953217,569.6315534953214,-0.13546027180207035,0.13546027180207032,0.45576660544698483,2.1386245031194105e-17,969.4041584423219,969.4041584423226,990.5795689138087,990.5795689138091,-0.5,-0.5,-0.5,-0.5
1,1507,31,after_integrate,1.5069999999999448,1.505999999999945,0.001,0,0,0.5,0.0,0.0,,4.64110568594152,7.641557253631361e-17,4.63042219035906e-15,8.66705124699545e-15,0.0,0.0,23.159426237416564,4.64110568594152,-1.79248671160627e-15,573.5242770240943,573.524277024094,569.9945728529091,569.9945728529087,-0.1354498687231616,0.1354498687231616,0.45576490925111446,-4.460540176281249e-18,969.0908396693244,969.0908396693251,990.2260206908691,990.2260206908695,-0.5,-0.5,-0.5,-0.5
1,1508,31,after_integrate,1.5079999999999447,1.5069999999999448,0.001,0,0,0.5,0.0,0.0,,4.647540226687468,7.665328647767888e-17,4.639244878293064e-15,8.839922538481484e-15,0.0,0.0,23.17551650618733,4.647540226687468,-1.798109752254797e-15,573.8796049260349,573.8796049260345,570.3567231050247,570.3567231050245,-0.1354393389857698,0.1354393389857698,0.4557632090483544,-3.679281655790677e-18,968.7763479192461,968.7763479192467,989.8709384324734,989.8709384324738,-0.5,-0.5,-0.5,-0.5
1,1509,31,after_integrate,1.5089999999999446,1.5079999999999447,0.001,0,0,0.5,0.0,0.0,,4.653979227482907,7.688332249241625e-17,4.648285196538145e-15,9.231541646072813e-15,0.0,0.0,23.19160671491867,4.653979227482907,-1.80043039309862e-15,574.233999362039,574.2339993620386,570.7180002488234,570.7180002488232,-0.1354286824427915,0.1354286824428041,0.4557615051611727,4.3429901114898415e-17,968.4606797746234,968.460679774624,989.514319142119,989.5143191421195,-0.5,-0.5,-0.5,-0.5
1,1510,31,after_integrate,1.5099999999999445,1.5089999999999446,0.001,0,0,0.5,0.0,0.0,,4.660422688300631,7.710574418278063e-17,4.6576000249606364e-15,9.496330819207024e-15,0.0,0.0,23.207696863487033,4.660422688300631,-1.80391594751122e-15,574.5874563988256,574.5874563988252,571.0784002689086,571.0784002689084,-0.1354178989508102,0.13541789895082282,0.45575979790594917,4.120462128074128e-17,968.1438323840209,968.1438323840216,989.1561604195522,989.1561604195526,-0.5,-0.5,-0.5,-0.5
1,1511,31,after_integrate,1.5109999999999444,1.5099999999999445,0.001,0,0,0.5,0.0,0.0,,4.6668706091135785,7.73189527255404e-17,4.667157529465144e-15,9.505922126554174e-15,0.0,0.0,23.22378695177994,4.6668706091135785,-1.807349362208343e-15,574.9399720971813,574.939972097181,571.4379191390813,571.437919139081,-0.1354069883700586,0.1354069883700586,0.4557580875928777,1.9813361513736505e-17,967.825803450534,967.8258034505346,988.796460447906,988.7964604479065,-0.5,-0.5,-0.5,-0.5
1,1512,31,after_integrate,1.5119999999999443,1.5109999999999444,0.001,0,0,0.5,0.0,0.0,,4.673322989894825,7.752020388685721e-17,4.676832413644333e-15,9.84985705785224e-15,0.0,0.0,23.239876979695744,4.673322989894825,-1.8093555442708234e-15,575.2915425134473,575.291542513447,571.7965528240551,571.7965528240547,-0.1353959505644178,0.13539595056441778,0.45575637452589024,-1.1397400928083825e-17,967.5065912203406,967.5065912203413,988.43521798091,988.4352179809105,-0.5,-0.5,-0.5,-0.5
1,1513,31,after_integrate,1.5129999999999442,1.5119999999999443,0.001,0,0,0.5,0.0,0.0,,4.679779830617583,7.771196990838205e-17,4.686730501922013e-15,9.969294425333137e-15,0.0,0.0,23.255966947143428,4.6797798306175835,-1.81438746364095e-15,575.6421637009727,575.6421637009723,572.1542972811379,572.1542972811377,-0.13538478540141602,0.135384785401416,0.4557546590025649,-1.1633479953423228e-17,967.186194471261,967.1861944712617,988.0724323300957,988.0724323300961,-0.5,-0.5,-0.5,-0.5
1,1514,31,after_integrate,1.513999999999944,1.5129999999999442,0.001,0,0,0.5,0.0,0.0,,4.68624113125519,7.789127654173057e-17,4.696772820061405e-15,1.0050630572117229e-14,0.0,0.0,23.27205685404238,4.68624113125519,-1.8179775907094515e-15,575.991831711538,575.9918317115375,572.5111484618822,572.5111484618818,-0.13537349275224017,0.13537349275224014,0.45575294131407396,-1.0131719836173037e-17,966.8646125013672,966.8646125013681,987.7081033520749,987.7081033520756,-0.5,-0.5,-0.5,-0.5
1,1515,31,after_integrate,1.514999999999944,1.513999999999944,0.001,0,0,0.5,0.0,0.0,,4.6927068917811185,7.805732880862323e-17,4.706899974519919e-15,1.0195950221711303e-14,0.0,0.0,23.288146700322137,4.6927068917811185,-1.8233567435599608e-15,576.3405425967452,576.3405425967447,572.8671023136988,572.8671023136984,-0.1353620724916581,0.1353620724916581,0.45575122174513155,1.2933813754213685e-17,966.5418451175595,966.5418451175605,987.342231435782,987.3422314357824,-0.5,-0.5,-0.5,-0.5
1,1516,31,after_integrate,1.5159999999999438,1.514999999999944,0.001,0,0,0.5,0.0,0.0,,4.699177112168962,7.821056764233971e-17,4.717161014182684e-15,1.0330065106074211e-14,0.0,0.0,23.30423648592219,4.699177112168963,-1.827380100288584e-15,576.6882924093771,576.6882924093766,573.2221547814398,573.2221547814395,-0.13535052449806664,0.13535052449806664,0.45574950057395236,1.0811913554705857e-17,966.2178926242834,966.2178926242843,986.9748174898849,986.9748174898854,-0.5,-0.5,-0.5,-0.5
1,1517,31,after_integrate,1.5169999999999437,1.5159999999999438,0.001,0,0,0.5,0.0,0.0,,4.705651792392439,7.835260395841243e-17,4.727509231029121e-15,1.038250019987075e-14,0.0,0.0,23.320326210791745,4.705651792392439,-1.83043119121084e-15,577.0350772047253,577.0350772047249,573.5763018089461,573.5763018089459,-0.1353388486534138,0.13533884865341378,0.45574777807221895,-1.6013900531594922e-17,965.8927558121621,965.892755812163,986.6058629301066,986.605862930107,-0.5,-0.5,-0.5,-0.5
1,1518,31,after_integrate,1.5179999999999436,1.5169999999999437,0.001,0,0,0.5,0.0,0.0,,4.7121309324253895,7.848307627404845e-17,4.737921594103633e-15,1.0459391312559328e-14,0.0,0.0,23.33641587488948,4.7121309324253895,-1.835774327272212e-15,577.380893041887,577.3808930418865,573.929539340561,573.9295393405607,-0.13532704484322045,0.13532704484322042,0.4557460545050674,1.0846181106984788e-17,965.5664359467835,965.5664359467844,986.2353696667394,986.2353696667399,-0.5,-0.5,-0.5,-0.5
1,1519,31,after_integrate,1.5189999999999435,1.5179999999999436,0.001,0,0,0.5,0.0,0.0,,4.718614532241768,7.860365480465734e-17,4.74845115389143e-15,1.0475440617789924e-14,0.0,0.0,23.352505478183318,4.7186145322417685,-1.838718598422671e-15,577.7257359850311,577.7257359850305,574.2818633226099,574.2818633226096,-0.1353151129564893,0.1353151129565019,0.4557443301310744,1.204436091726867e-17,965.2389347574552,965.2389347574561,985.8633400921353,985.8633400921358,-0.5,-0.5,-0.5,-0.5
1,1520,31,after_integrate,1.5199999999999434,1.5189999999999435,0.001,0,0,0.5,0.0,0.0,,4.7251025918156495,7.871329343658247e-17,4.759005654340361e-15,1.0636528773508845e-14,0.0,0.0,23.368595020650194,4.7251025918156495,-1.8432933311515305e-15,578.0696021046339,578.0696021046333,574.6332697048457,574.6332697048455,-0.1353030528857638,0.1353030528857764,0.4557426052022529,1.2594592541319744e-17,964.9102544260857,964.9102544260866,985.4897770683468,985.4897770683473,-0.5,-0.5,-0.5,-0.5
1,1521,31,after_integrate,1.5209999999999433,1.5199999999999434,0.001,0,0,0.5,0.0,0.0,,4.7315951111212255,7.881237868488372e-17,4.769674934950429e-15,1.060941021037938e-14,0.0,0.0,23.384684502275856,4.731595111121226,-1.848455650081172e-15,578.4124874786847,578.4124874786842,574.9837544418604,574.9837544418601,-0.13529086452698608,0.13529086452698602,0.4557408799640559,-2.0791424782374832e-17,964.5803975760122,964.5803975760131,985.1146839147389,985.1146839147393,-0.5,-0.5,-0.5,-0.5
1,1522,31,after_integrate,1.5219999999999432,1.5209999999999433,0.001,0,0,0.5,0.0,0.0,,4.738092090132801,7.889749732328313e-17,4.780167207923224e-15,1.0383831489124532e-14,0.0,0.0,23.40077392305456,4.738092090132801,-1.8534886017443457e-15,578.7543881938607,578.7543881938602,575.3333134944612,575.333313494461,-0.13527854777952983,0.1352785477795298,0.45573915465539566,-2.060928763631655e-17,964.2493672610044,964.2493672610053,984.738064395802,984.7380643958024,-0.5,-0.5,-0.5,-0.5
1,1523,31,after_integrate,1.522999999999943,1.5219999999999432,0.001,0,0,0.5,0.0,0.0,,4.744593528824793,7.896665885211623e-17,4.790476270507842e-15,1.0202320263596468e-14,0.0,0.0,23.41686328298892,4.744593528824793,-1.857066924137204e-15,579.0953003466732,579.0953003466726,575.6819428310138,575.6819428310137,-0.1352661025461336,0.13526610254613355,0.45573742950866564,1.4376766948508595e-18,963.9171669542606,963.9171669542615,984.3599227089838,984.3599227089843,-0.5,-0.5,-0.5,-0.5
1,1524,31,after_integrate,1.523999999999943,1.522999999999943,0.001,0,0,0.5,0.0,0.0,,4.751099427171735,7.902398924016115e-17,4.800542817593391e-15,9.940298500413327e-15,0.0,0.0,23.43295258208963,4.751099427171735,-1.863337994883567e-15,579.4352200445838,579.4352200445834,576.0296384287501,576.02963842875,-0.13525352873287017,0.13525352873287014,0.4557357047497619,-2.0174594964065643e-17,963.5838005374765,963.5838005374774,983.9802634726286,983.9802634726288,-0.5,-0.5,-0.5,-0.5
1,1525,31,after_integrate,1.5249999999999428,1.523999999999943,0.001,0,0,0.5,0.0,0.0,,4.757609785148272,7.906824719633592e-17,4.81037326727663e-15,9.706060242815474e-15,0.0,0.0,23.449041820375246,4.757609785148272,-1.8677270970524313e-15,579.7741434070919,579.7741434070914,576.3763962750426,576.3763962750425,-0.13524082624910405,0.13524082624910402,0.4557339805981199,5.255022844481761e-18,963.2492722900158,963.2492722900167,983.5990917140358,983.599091714036,-0.5,-0.5,-0.5,-0.5
1,1526,31,after_integrate,1.5259999999999427,1.5249999999999428,0.001,0,0,0.5,0.0,0.0,,4.764124602729163,7.910262559035628e-17,4.819962537051423e-15,9.463137291536237e-15,0.0,0.0,23.46513099787195,4.764124602729163,-1.871875615969173e-15,580.1120665667924,580.1120665667919,576.7222123686437,576.7222123686436,-0.1352279950074235,0.13522799500743607,0.455732257266762,2.5734413405961113e-18,962.9135868780996,962.9135868781005,983.2164128575856,983.2164128575859,-0.5,-0.5,-0.5,-0.5
1,1527,31,after_integrate,1.5269999999999426,1.5259999999999427,0.001,0,0,0.5,0.0,0.0,,4.770643879889279,7.913095347725813e-17,4.829369479002731e-15,9.32233535594004e-15,0.0,0.0,23.48122011461336,4.770643879889279,-1.8726861185813472e-15,580.4489856704062,580.4489856704057,577.0670827208919,577.0670827208918,-0.13521503492362208,0.13521503492362202,0.45573053496233207,-1.9692833731939554e-17,962.5767493441103,962.576749344111,982.8322327129953,982.8322327129955,-0.5,-0.5,-0.5,-0.5
1,1528,31,after_integrate,1.5279999999999425,1.5269999999999426,0.001,0,0,0.5,0.0,0.0,,4.777167616603608,7.915265711018356e-17,4.838577785082171e-15,9.057473668983668e-15,0.0,0.0,23.497309170640268,4.777167616603608,-1.8787435701701013e-15,580.7848968797819,580.7848968797814,577.4110033568833,577.4110033568832,-0.13520194591660528,0.13520194591660523,0.4557288138851556,-1.4208065346114541e-18,962.238765096003,962.2387650960037,982.4465574637337,982.4465574637339,-0.5,-0.5,-0.5,-0.5
1,1529,31,after_integrate,1.5289999999999424,1.5279999999999425,0.001,0,0,0.5,0.0,0.0,,4.783695812847249,7.916742530618408e-17,4.847472479735552e-15,8.858088784394334e-15,0.0,0.0,23.513398166000417,4.783695812847249,-1.881449450001712e-15,581.1197963728695,581.119796372869,577.7539703166095,577.7539703166094,-0.13518872790838504,0.135188727908385,0.4557270942292937,-2.502908935138201e-17,961.8996398966872,961.8996398966879,982.059393655426,982.0593936554262,-0.5,-0.5,-0.5,-0.5
1,1530,31,after_integrate,1.5299999999999423,1.5289999999999424,0.001,0,0,0.5,0.0,0.0,,4.790228468595418,7.917973156841988e-17,4.856187441102431e-15,8.431933653214096e-15,0.0,0.0,23.5294871007483,4.790228468595418,-1.8866706402364633e-15,581.4536803446663,581.4536803446658,578.0959796560619,578.0959796560619,-0.13517538082401057,0.1351753808240105,0.45572537618260883,1.1644737968902913e-17,961.5593798536054,961.5593798536061,981.6707481845023,981.6707481845025,-0.5,-0.5,-0.5,-0.5
1,1531,31,after_integrate,1.5309999999999422,1.5299999999999423,0.001,0,0,0.5,0.0,0.0,,4.79676558382345,7.918804407824367e-17,4.864568387480722e-15,8.346630273031575e-15,0.0,0.0,23.545575974944953,4.796765583823449,-1.887793634045143e-15,581.7865450081358,581.7865450081355,578.437027448302,578.437027448302,-0.13516190459151237,0.13516190459152494,0.45572365992682723,8.644342670086688e-18,961.2179914083646,961.2179914083653,981.2806282869308,981.280628286931,-0.5,-0.5,-0.5,-0.5
1,1532,31,after_integrate,1.531999999999942,1.5309999999999422,0.001,0,0,0.5,0.0,0.0,,4.803307158506795,7.919999325341252e-17,4.872907078453889e-15,8.227121726007132e-15,0.0,0.0,23.561664788657705,4.803307158506795,-1.8923842045247995e-15,582.1183865951002,582.1183865951,578.7771097844994,578.7771097844993,-0.13514829914185866,0.1351482991418586,0.45572194563760754,4.422096222297891e-18,960.8754813264395,960.87548132644,980.8890415270603,980.8890415270605,-0.5,-0.5,-0.5,-0.5
1,1533,31,after_integrate,1.532999999999942,1.531999999999942,0.001,0,0,0.5,0.0,0.0,,4.809853192621024,7.921006147375832e-17,4.881000563644537e-15,8.071417393877224e-15,0.0,0.0,23.57775354195998,4.809853192621024,-1.895071057702702e-15,582.4492013571049,582.4492013571046,579.1162227749352,579.1162227749351,-0.1351345644088736,0.13513456440887356,0.4557202334846223,-2.1823249849300783e-17,960.5318566869486,960.531856686949,980.4959957865755,980.4959957865757,-0.5,-0.5,-0.5,-0.5
1,1534,31,after_integrate,1.5339999999999419,1.532999999999942,0.001,0,0,0.5,0.0,0.0,,4.816403686141834,7.922105427625952e-17,4.8889279942089704e-15,7.766966828905935e-15,0.0,0.0,23.593842234931103,4.816403686141835,-1.9010371423102907e-15,582.7789855662576,582.7789855662572,579.454362549974,579.4543625499739,-0.1351207003292061,0.1351207003292187,0.45571852363163395,3.389640055439148e-17,960.187124872589,960.1871248725897,980.1014992536511,980.1014992536514,-0.5,-0.5,-0.5,-0.5
1,1535,31,after_integrate,1.5349999999999417,1.5339999999999419,0.001,0,0,0.5,0.0,0.0,,4.82295863904504,7.92335494734331e-17,4.896653840508991e-15,7.748513419298862e-15,0.0,0.0,23.609930867656065,4.82295863904504,-1.8999613254015053e-15,583.107735516041,583.1077355160406,579.7915252610022,579.7915252610022,-0.13510670684232465,0.135106706842312,0.4557168162365766,-4.3332503280231475e-17,959.8412935596057,959.8412935596064,979.7055604121714,979.7055604121716,-0.5,-0.5,-0.5,-0.5
1,1536,31,after_integrate,1.5359999999999416,1.5349999999999417,0.001,0,0,0.5,0.0,0.0,,4.829518051306585,7.925132009906911e-17,4.90433876699526e-15,7.541066906870847e-15,0.0,0.0,23.62601944022535,4.829518051306586,-1.9060955653160496e-15,583.4354475221,583.4354475220997,580.127707081335,580.1277070813348,-0.13509258389032117,0.1350925838903337,0.4557151114516404,2.6504705233925675e-17,959.4943707079068,959.4943707079075,979.308188031147,979.3081880311472,-0.5,-0.5,-0.5,-0.5
1,1537,31,after_integrate,1.5369999999999415,1.5359999999999416,0.001,0,0,0.5,0.0,0.0,,4.836081922902542,7.927120748770268e-17,4.911775580329525e-15,7.349594267432832e-15,0.0,0.0,23.642107952734694,4.836081922902542,-1.908031708598456e-15,583.7621179230036,583.7621179230033,580.4629042070895,580.4629042070894,-0.13507833141805753,0.1350783314180575,0.45571340942336275,1.6431271416155823e-18,959.1463645512325,959.146364551233,978.909391154214,978.9093911542142,-0.5,-0.5,-0.5,-0.5
1,1538,31,after_integrate,1.5379999999999414,1.5369999999999415,0.001,0,0,0.5,0.0,0.0,,4.842650253809117,7.929416681103092e-17,4.919023431958626e-15,7.129019447209248e-15,0.0,0.0,23.658196405284933,4.842650253809117,-1.9112760223451802e-15,584.0877430809805,584.0877430809803,580.7971128580285,580.7971128580285,-0.13506394937291985,0.13506394937291982,0.45571171029272123,1.012917819552484e-18,958.7972835874638,958.7972835874642,978.509179089318,978.5091790893177,-0.5,-0.5,-0.5,-0.5
1,1539,31,after_integrate,1.5389999999999413,1.5379999999999414,0.001,0,0,0.5,0.0,0.0,,4.849223044002646,7.932044533482654e-17,4.926046584669695e-15,6.976197002654358e-15,0.0,0.0,23.674284797981763,4.849223044002645,-1.9125258167805935e-15,584.4123193826322,584.412319382632,581.1303292783707,581.1303292783707,-0.13504943770488836,0.13504943770490094,0.45571001419522866,3.265486772721411e-17,958.4471365690545,958.4471365690549,978.1075613985641,978.1075613985641,-0.5,-0.5,-0.5,-0.5
1,1540,31,after_integrate,1.5399999999999412,1.5389999999999413,0.001,0,0,0.5,0.0,0.0,,4.855800293459606,7.935684435178587e-17,4.933030342095789e-15,6.813063843823558e-15,0.0,0.0,23.6903731309356,4.855800293459606,-1.914924906030664e-15,584.7358432396188,584.7358432396187,581.4625497375711,581.4625497375711,-0.13503479636648189,0.13503479636648183,0.45570832126103145,5.406533836262911e-18,958.0959324934648,958.095932493465,977.7045478880948,977.7045478880948,-0.5,-0.5,-0.5,-0.5
1,1541,31,after_integrate,1.540999999999941,1.5399999999999412,0.001,0,0,0.5,0.0,0.0,,4.862382002156613,7.939445523645427e-17,4.939721175130031e-15,6.679708988929817e-15,0.0,0.0,23.70646140426132,4.862382002156612,-1.9199875901038306e-15,585.0583110893236,585.0583110893234,581.7937705310693,581.7937705310693,-0.135020025312626,0.13502002531261334,0.4557066316150041,-4.7208505080116404e-17,957.7436805938497,957.74368059385,977.3001485982833,977.3001485982833,-0.5,-0.5,-0.5,-0.5
1,1542,31,after_integrate,1.541999999999941,1.540999999999941,0.001,0,0,0.5,0.0,0.0,,4.868968170070426,7.943866188931019e-17,4.946348451363402e-15,6.5331615565748665e-15,0.0,0.0,23.722549618078165,4.868968170070426,-1.9224526427885947e-15,585.3797193954912,585.379719395491,582.1239879810091,582.1239879810091,-0.13500512450067315,0.13500512450067312,0.4557049453768625,-2.0871629679492935e-17,957.3903903297684,957.3903903297686,976.8943737939632,976.8943737939632,-0.5,-0.5,-0.5,-0.5
1,1543,31,after_integrate,1.5429999999999409,1.541999999999941,0.001,0,0,0.5,0.0,0.0,,4.875558797177953,7.948828820385122e-17,4.952769462933204e-15,6.364910073051094e-15,0.0,0.0,23.738637772509488,4.875558797177953,-1.925743189221695e-15,585.7000646488439,585.7000646488437,582.4531984369266,582.4531984369266,-0.13499009389035996,0.13499009389035993,0.4557032626612635,8.808786278024287e-18,957.0360713780098,957.03607137801,976.4872339548334,976.4872339548334,-0.5,-0.5,-0.5,-0.5
1,1544,31,after_integrate,1.5439999999999408,1.5429999999999409,0.001,0,0,0.5,0.0,0.0,,4.882153883456253,7.954649284591379e-17,4.959128839559244e-15,6.246383609781275e-15,0.0,0.0,23.754725867682595,4.882153883456253,-1.9280447875844673e-15,586.0193433676742,586.0193433676741,582.7813982764092,582.7813982764092,-0.13497493344375153,0.1349749334437515,0.4557015835779075,-1.816603024370459e-17,956.6807336235466,956.6807336235469,976.0787397660187,976.0787397660187,-0.5,-0.5,-0.5,-0.5
1,1545,31,after_integrate,1.5449999999999406,1.5439999999999408,0.001,0,0,0.5,0.0,0.0,,4.88875342888254,7.961184069719214e-17,4.96530933267085e-15,6.178319741589243e-15,0.0,0.0,23.7708139037286,4.88875342888254,-1.9325928232810583e-15,586.3375520984142,586.3375520984142,583.1085839057248,583.1085839057248,-0.1349596431251615,0.13495964312514885,0.4556999082316567,-4.3140710345694896e-17,956.3243871506451,956.3243871506453,975.6689021088264,975.6689021088264,-0.5,-0.5,-0.5,-0.5
1,1546,31,after_integrate,1.5459999999999405,1.5449999999999406,0.001,0,0,0.5,0.0,0.0,,4.895357433434185,7.968236890020196e-17,4.9713818784637624e-15,5.917866907396186e-15,0.0,0.0,23.786901880782235,4.895357433434185,-1.937471915946814e-15,586.6546874161832,586.654687416183,583.434751760423,583.434751760423,-0.13494422290114721,0.1349442229011472,0.4556982367226468,4.295173015281434e-18,955.9670422340089,955.9670422340091,975.2577320515758,975.2577320515758,-0.5,-0.5,-0.5,-0.5
1,1547,31,after_integrate,1.5469999999999404,1.5459999999999405,0.001,0,0,0.5,0.0,0.0,,4.901965897088724,7.976114808445423e-17,4.977249112349401e-15,5.79867272721517e-15,0.0,0.0,23.802989798981685,4.901965897088724,-1.93673573484337e-15,586.9707459253118,586.9707459253117,583.7598983059069,583.7598983059069,-0.13492867274048087,0.13492867274046824,0.4556965691463921,-1.831290206780197e-17,955.6087093300986,955.6087093300988,974.845240840643,974.845240840643,-0.5,-0.5,-0.5,-0.5
1,1548,31,after_integrate,1.5479999999999403,1.5469999999999404,0.001,0,0,0.5,0.0,0.0,,4.908578819823859,7.984890127945366e-17,4.9829783428161655e-15,5.654076833301574e-15,0.0,0.0,23.819077658468412,4.908578819823859,-1.940524173183602e-15,587.2857242598454,587.2857242598454,584.0840200379773,584.0840200379773,-0.13491299261408157,0.13491299261408154,0.45569490559390524,7.114267776580581e-18,955.249399068566,955.249399068566,974.4314398916479,974.4314398916479,-0.5,-0.5,-0.5,-0.5
1,1549,31,after_integrate,1.5489999999999402,1.5479999999999403,0.001,0,0,0.5,0.0,0.0,,4.915196201617464,7.994481087021653e-17,4.988569544308394e-15,5.567421275817695e-15,0.0,0.0,23.83516545938704,4.915196201617464,-1.943381761807979e-15,587.5996190840254,587.5996190840254,584.4071134833491,584.4071134833491,-0.13489718249501267,0.13489718249501265,0.45569324615181755,-1.1979697118399726e-17,954.8891222438219,954.8891222438219,974.0163407808237,974.0163407808237,-0.5,-0.5,-0.5,-0.5
1,1550,31,after_integrate,1.54999999999994,1.5489999999999402,0.001,0,0,0.5,0.0,0.0,,4.921818042447589,8.005153779000354e-17,4.994179279225695e-15,5.537112157950965e-15,0.0,0.0,23.851253201885154,4.921818042447589,-1.9442982461286513e-15,587.9124270927489,587.9124270927489,584.7291752001404,584.7291752001404,-0.13488124235840165,0.13488124235841426,0.45569159090248934,9.731558317988594e-18,954.527889806635,954.527889806635,973.5999552364412,973.5999552364412,-0.5,-0.5,-0.5,-0.5
1,1551,32,after_integrate,1.55099999999994,1.54999999999994,0.001,0,0,0.5,0.0,0.0,,4.928444342292463,8.016686358071194e-17,4.9996435948878085e-15,5.529430459431764e-15,0.0,0.0,23.8673408861132,4.928444342292462,-1.9479008981349295e-15,588.2241450120075,588.2241450120075,585.0502017783347,585.0502017783347,-0.1348651721815007,0.1348651721814881,0.4556899399241345,-4.0266982004323355e-17,954.1657128560197,954.1657128560197,973.1822951305628,973.1822951305628,-0.5,-0.5,-0.5,-0.5
1,1552,32,after_integrate,1.5519999999999399,1.55099999999994,0.001,0,0,0.5,0.0,0.0,,4.9350751011305,8.02933790970785e-17,5.005159633555298e-15,5.4141490888813834e-15,0.0,0.0,23.88342851222428,4.9350751011305,-1.9512965470811403e-15,588.534769599306,588.534769599306,585.3701898402176,585.3701898402176,-0.13484897194350684,0.13484897194350684,0.4556882932909423,-2.0091450460294383e-17,953.8026026310878,953.8026026310878,972.7633724707883,972.7633724707883,-0.5,-0.5,-0.5,-0.5
1,1553,32,after_integrate,1.5529999999999398,1.5519999999999399,0.001,0,0,0.5,0.0,0.0,,4.941710318940306,8.042785869852645e-17,5.010563184043749e-15,5.442287381176629e-15,0.0,0.0,23.899516080374088,4.941710318940306,-1.9549244196171258e-15,588.8442976440598,588.8442976440598,585.6891360407861,585.6891360407861,-0.1348326416257232,0.13483264162572317,0.4556866510731876,-1.1706134230225712e-17,953.4385705031099,953.4385705031099,972.3431993922512,972.3431993922512,-0.5,-0.5,-0.5,-0.5
1,1554,32,after_integrate,1.5539999999999397,1.5529999999999398,0.001,0,0,0.5,0.0,0.0,,4.948349995700679,8.057130980243255e-17,5.015989720672918e-15,5.325801869230219e-15,0.0,0.0,23.9156035907207,4.948349995700679,-1.957583892143687e-15,589.1527259679729,589.152725967973,586.0070370681343,586.0070370681343,-0.13481618121138048,0.13481618121138048,0.45568501333737244,-1.1344059631414993e-17,953.0736279677071,953.0736279677069,971.9217881497707,971.9217881497707,-0.5,-0.5,-0.5,-0.5
1,1555,32,after_integrate,1.5549999999999395,1.5539999999999397,0.001,0,0,0.5,0.0,0.0,,4.954994131390615,8.072210460482357e-17,5.021341436205507e-15,5.431645591406342e-15,0.0,0.0,23.9316910434249,4.954994131390615,-1.9588653216587574e-15,589.4600563441047,589.4600563441048,586.3238945748312,586.3238945748312,-0.13479959068572292,0.13479959068572292,0.4556833801826484,-1.685238770529104e-17,952.7133971127926,952.7133971127923,971.5047615123968,971.5047615123968,-0.5,-0.5,-0.5,-0.5
1,1556,32,after_integrate,1.5559999999999394,1.5549999999999395,0.001,0,0,0.5,0.0,0.0,,4.9616427259922515,8.088515008295556e-17,5.0267965052568896e-15,5.440905815203526e-15,0.0,0.0,23.947778438650463,4.9616427259922515,-1.9626114539835057e-15,589.7663013322915,589.7663013322916,586.6397210250042,586.6397210250042,-0.1347828700697375,0.1347828700697501,0.4556817516499508,3.5103726582565725e-17,952.3542780326862,952.354278032686,971.0885201079919,971.0885201079919,-0.5,-0.5,-0.5,-0.5
1,1557,32,after_integrate,1.5569999999999393,1.5559999999999394,0.001,0,0,0.5,0.0,0.0,,4.968295779489362,8.105647252061197e-17,5.03225742660129e-15,5.470087606579349e-15,0.0,0.0,23.963865776562645,4.968295779489362,-1.963036527655084e-15,590.0714608748281,590.0714608748281,586.9545162329165,586.9545162329165,-0.13476601940023225,0.13476601940024482,0.4556801278119471,3.422131283673825e-17,951.9956399435437,951.9956399435434,970.6724338790906,970.6724338790906,-0.5,-0.5,-0.5,-0.5
1,1558,32,after_integrate,1.5579999999999392,1.5569999999999393,0.001,0,0,0.5,0.0,0.0,,4.974953291866517,8.123596578603755e-17,5.03769610881975e-15,5.376521483279463e-15,0.0,0.0,23.979953057329524,4.974953291866516,-1.9663051453755703e-15,590.3755349011807,590.3755349011807,587.2682799997818,587.2682799997818,-0.13474903872031405,0.13474903872032667,0.4556785087498952,5.098363018879594e-18,951.6372092209509,951.6372092209507,970.2562299291361,970.2562299291361,-0.5,-0.5,-0.5,-0.5
1,1559,32,after_integrate,1.558999999999939,1.5579999999999392,0.001,0,0,0.5,0.0,0.0,,4.981615263108993,8.142033278650692e-17,5.043106101366104e-15,5.458980643526803e-15,0.0,0.0,23.99604028112219,4.981615263108994,-1.96599749777371e-15,590.6785228689542,590.6785228689542,587.5810116534818,587.5810116534818,-0.13473192807783735,0.13473192807783735,0.4556768945523254,-1.5000995006346238e-17,951.2787325561792,951.278732556179,969.839655686203,969.839655686203,-0.5,-0.5,-0.5,-0.5
1,1560,32,after_integrate,1.559999999999939,1.558999999999939,0.001,0,0,0.5,0.0,0.0,,4.988281693202652,8.161230926512384e-17,5.048529524060992e-15,5.393079252757378e-15,0.0,0.0,24.01212744811502,4.988281693202652,-1.970160383067643e-15,590.9804238764245,590.9804238764247,587.8927101612566,587.8927101612566,-0.134714687523809,0.13471468752380897,0.4556752853151775,1.2774881640337284e-17,950.9200923126529,950.9200923126526,969.4225942585143,969.4225942585143,-0.5,-0.5,-0.5,-0.5
1,1561,32,after_integrate,1.5609999999999389,1.559999999999939,0.001,0,0,0.5,0.0,0.0,,4.99495258213392,8.181062275465388e-17,5.053943564772087e-15,5.3657903012816204e-15,0.0,0.0,24.028214558485878,4.99495258213392,-1.9709082120396037e-15,591.2812368221835,591.2812368221836,588.2033742895356,588.2033742895356,-0.13469731711206362,0.13469731711206362,0.4556736811407692,1.25525283121239e-17,950.5612505609872,950.561250560987,969.005008468391,969.005008468391,-0.5,-0.5,-0.5,-0.5
1,1562,32,after_integrate,1.5619999999999388,1.5609999999999389,0.001,0,0,0.5,0.0,0.0,,5.00162792988976,8.2015653545264e-17,5.0593172718125334e-15,5.367346478823391e-15,0.0,0.0,24.044301612416348,5.00162792988976,-1.973189675030813e-15,591.5809605382528,591.580960538253,588.5130027371745,588.5130027371745,-0.1346798168988463,0.1346798168988463,0.4556720821368052,7.069496241047821e-18,950.2022025694694,950.2022025694691,968.5868943419948,968.5868943419948,-0.5,-0.5,-0.5,-0.5
1,1563,32,after_integrate,1.5629999999999387,1.5619999999999388,0.001,0,0,0.5,0.0,0.0,,5.008307736457662,8.222413523246214e-17,5.064594147998137e-15,5.274562653028669e-15,0.0,0.0,24.0603886100919,5.008307736457662,-1.9760902808460285e-15,591.8795938533044,591.8795938533044,588.8215941986117,588.8215941986117,-0.13466218694266885,0.13466218694265625,0.45567048841560387,-4.324420936993885e-17,949.8429546730508,949.8429546730506,968.168258978714,968.168258978714,-0.5,-0.5,-0.5,-0.5
1,1564,32,after_integrate,1.5639999999999386,1.5629999999999387,0.001,0,0,0.5,0.0,0.0,,5.014992001825651,8.243903166082288e-17,5.069901656056159e-15,5.326743423494224e-15,0.0,0.0,24.076475551702046,5.014992001825651,-1.9781080438140147e-15,592.177135615882,592.1771356158821,589.1291473869278,589.1291473869278,-0.13464442730424117,0.13464442730425377,0.4556689000934497,7.372803601956849e-18,949.4835160633983,949.483516063398,967.7491123421859,967.7491123421859,-0.5,-0.5,-0.5,-0.5
1,1565,32,after_integrate,1.5649999999999384,1.5639999999999386,0.001,0,0,0.5,0.0,0.0,,5.021680725982279,8.266029178358012e-17,5.075250990548462e-15,5.290841029422261e-15,0.0,0.0,24.092562437440456,5.021680725982279,-1.980506253443801e-15,592.4735847011341,592.4735847011342,589.4356610403778,589.4356610403778,-0.1346265380465609,0.1346265380465609,0.45566731729001186,-1.220798147421105e-17,949.1238963116716,949.1238963116714,967.3294647842799,967.3294647842799,-0.5,-0.5,-0.5,-0.5
1,1566,32,after_integrate,1.5659999999999383,1.5649999999999384,0.001,0,0,0.5,0.0,0.0,,5.028373908916635,8.288609441801793e-17,5.080556416100535e-15,5.338858958833574e-15,0.0,0.0,24.10864926750509,5.028373908916635,-1.983553571416112e-15,592.7689400120516,592.7689400120518,589.7411339234213,589.7411339234213,-0.13460851923481587,0.13460851923482847,0.455665740127834,4.360956296489512e-17,948.7641047996057,948.7641047996054,966.9093264774199,966.9093264774199,-0.5,-0.5,-0.5,-0.5
1,1567,32,after_integrate,1.5669999999999382,1.5659999999999383,0.001,0,0,0.5,0.0,0.0,,5.035071550618348,8.311817040216775e-17,5.085954380861444e-15,5.40741169456546e-15,0.0,0.0,24.12473604209826,5.035071550618348,-1.9846778634076355e-15,593.0632004792433,593.0632004792434,590.0455648262958,590.0455648262958,-0.13459037093653983,0.13459037093655243,0.455664168731846,1.3314124198405303e-17,948.4041506577265,948.4041506577263,966.4887073540137,966.4887073540137,-0.5,-0.5,-0.5,-0.5
1,1568,32,after_integrate,1.567999999999938,1.5669999999999382,0.001,0,0,0.5,0.0,0.0,,5.041773651077587,8.335467382760627e-17,5.091371783979039e-15,5.498552715724732e-15,0.0,0.0,24.140822761426744,5.041773651077587,-1.9855046762321e-15,593.3563650604516,593.3563650604516,590.3489525643369,590.3489525643369,-0.13457209322161873,0.13457209322161873,0.45566260322892144,1.3063298175396124e-17,948.0440427936198,948.0440427936198,966.0676171359014,966.0676171359014,-0.5,-0.5,-0.5,-0.5
1,1569,32,after_integrate,1.568999999999938,1.567999999999938,0.001,0,0,0.5,0.0,0.0,,5.04848021028507,8.359800975218335e-17,5.096875069898848e-15,5.439894408200166e-15,0.0,0.0,24.156909425701816,5.04848021028507,-1.9881143164660143e-15,593.6484327400789,593.6484327400789,590.6512959773165,590.6512959773165,-0.13455368616229724,0.13455368616230987,0.4556610437474815,1.573318164031134e-17,947.6837899166519,947.6837899166517,965.646065360199,965.646065360199,-0.5,-0.5,-0.5,-0.5
1,1570,32,after_integrate,1.569999999999938,1.568999999999938,0.001,0,0,0.5,0.0,0.0,,5.055191228232062,8.384666552655333e-17,5.1024367317265025e-15,5.6829985770230745e-15,0.0,0.0,24.172996035139303,5.055191228232062,-1.9893418396372157e-15,593.9394025287503,593.9394025287503,590.952593928828,590.9525939288279,-0.13453514983337506,0.13453514983337506,0.4556594904170911,-1.5433461040358037e-17,947.3234005501099,947.3234005501099,965.2240613925118,965.224061392512,-0.5,-0.5,-0.5,-0.5
1,1571,32,after_integrate,1.5709999999999378,1.569999999999938,0.001,0,0,0.5,0.0,0.0,,5.06190670491038,8.409888756319303e-17,5.108055553749963e-15,5.604713469789122e-15,0.0,0.0,24.189082589959632,5.06190670491038,-1.993365713703886e-15,594.2292734628978,594.2292734628978,591.2528453056987,591.2528453056987,-0.13451648431213986,0.13451648431212723,0.4556579433681392,-3.828465661601374e-17,946.9628830359405,946.9628830359403,964.8016144326974,964.8016144326976,-0.5,-0.5,-0.5,-0.5
1,1572,32,after_integrate,1.5719999999999377,1.5709999999999378,0.001,0,0,0.5,0.0,0.0,,5.068626640312394,8.435419328131646e-17,5.1136235137990285e-15,5.467556340046432e-15,0.0,0.0,24.20516909038782,5.068626640312394,-1.9963378801339892e-15,594.5180446043543,594.5180446043544,591.5520490174224,591.5520490174223,-0.1344976896785267,0.1344976896785141,0.4556564027315043,-4.298420164042097e-17,946.6022455365281,946.6022455365279,964.3787335176249,964.3787335176252,-0.5,-0.5,-0.5,-0.5
1,1573,32,after_integrate,1.5729999999999376,1.5719999999999377,0.001,0,0,0.5,0.0,0.0,,5.07535103443103,8.461138978123242e-17,5.1191121786023705e-15,5.436020750179447e-15,0.0,0.0,24.221255536653533,5.07535103443103,-2.000773663120926e-15,594.8057150399496,594.8057150399497,591.8502039956007,591.8502039956007,-0.13447876601519124,0.13447876601519126,0.4556548686382715,9.320971112731647e-18,946.2414960355559,946.2414960355557,963.9554275229591,963.9554275229593,-0.5,-0.5,-0.5,-0.5
1,1574,32,after_integrate,1.5739999999999374,1.5729999999999376,0.001,0,0,0.5,0.0,0.0,,5.082079887259768,8.486938720505973e-17,5.124556549290969e-15,5.504363927457754e-15,0.0,0.0,24.237341928991043,5.082079887259768,-2.0035634573860963e-15,595.0922838811092,595.0922838811092,592.1473091933967,592.1473091933967,-0.13445971340759472,0.13445971340760735,0.45565334121946655,9.055828796652601e-18,945.8806423386109,945.8806423386106,963.5317051646495,963.5317051646497,-0.5,-0.5,-0.5,-0.5
1,1575,32,after_integrate,1.5749999999999373,1.5739999999999374,0.001,0,0,0.5,0.0,0.0,,5.088813198792652,8.513312213120938e-17,5.1300857509350736e-15,5.517869400294214e-15,0.0,0.0,24.253428267639258,5.088813198792653,-2.004553447631073e-15,595.3777502634516,595.3777502634517,592.4433635849944,592.4433635849944,-0.13444053194409047,0.13444053194407785,0.45565182060581744,-1.2694551306614564e-17,945.5196920738646,945.5196920738643,963.1075750004346,963.1075750004348,-0.5,-0.5,-0.5,-0.5
1,1576,32,after_integrate,1.5759999999999372,1.5749999999999373,0.001,0,0,0.5,0.0,0.0,,5.0955509690242815,8.540129536656225e-17,5.135600600820552e-15,5.562260889158424e-15,0.0,0.0,24.269514552841667,5.0955509690242815,-2.0073971581765953e-15,595.6621133463883,595.6621133463883,592.7383661650684,592.7383661650683,-0.1344212217159971,0.13442122171598447,0.4556503069275378,-4.053759320195475e-17,945.1586526928104,945.1586526928102,962.6830454313654,962.6830454313656,-0.5,-0.5,-0.5,-0.5
1,1577,32,after_integrate,1.5769999999999371,1.5759999999999372,0.001,0,0,0.5,0.0,0.0,,5.10229319794982,8.567268843489965e-17,5.141170084893218e-15,5.5539519755361965e-15,0.0,0.0,24.28560078484636,5.102293197949819,-2.01050724469225e-15,595.9453723127219,595.945372312722,593.0323159482622,593.0323159482621,-0.1344017828177243,0.13440178281773693,0.45564880031412885,3.5629808683682414e-17,944.7975314711067,944.7975314711065,962.2581247033813,962.2581247033816,-0.5,-0.5,-0.5,-0.5
1,1578,32,after_integrate,1.577999999999937,1.5769999999999371,0.001,0,0,0.5,0.0,0.0,,5.1090398855649894,8.594893982666838e-17,5.1467910956061126e-15,5.600646990083271e-15,0.0,0.0,24.301686963905983,5.1090398855649894,-2.0122147282417812e-15,596.227526368247,596.2275263682471,593.3252119686741,593.3252119686741,-0.1343822153469469,0.1343822153469469,0.4556473008942113,1.2504668185417361e-17,944.4363355094723,944.4363355094721,961.8328209088902,961.8328209088904,-0.5,-0.5,-0.5,-0.5
1,1579,32,after_integrate,1.578999999999937,1.577999999999937,0.001,0,0,0.5,0.0,0.0,,5.1157910318660775,8.62270781421064e-17,5.152433521100184e-15,5.736647420459076e-15,0.0,0.0,24.317773090277676,5.1157910318660775,-2.0132730897136844e-15,596.5085747413498,596.5085747413499,593.6170532793532,593.6170532793532,-0.13436251940454205,0.13436251940454208,0.4556458087953581,1.4808192099740287e-17,944.075071734682,944.0750717346817,961.4071419884009,961.4071419884011,-0.5,-0.5,-0.5,-0.5
1,1580,32,after_integrate,1.5799999999999368,1.578999999999937,0.001,0,0,0.5,0.0,0.0,,5.122546636849932,8.65125229217558e-17,5.1582115068562374e-15,5.748873306271035e-15,0.0,0.0,24.333859164223092,5.122546636849933,-2.0159119128836906e-15,596.7885166826092,596.7885166826092,593.907838951802,593.9078389518019,-0.13434269509485258,0.13434269509485258,0.4556443241439707,-1.2160673463604117e-17,943.7137469006437,943.7137469006435,960.9810957321968,960.981095732197,-0.5,-0.5,-0.5,-0.5
1,1581,32,after_integrate,1.5809999999999367,1.5799999999999368,0.001,0,0,0.5,0.0,0.0,,5.129306700513961,8.679941623865059e-17,5.164016624126593e-15,5.848408397323193e-15,0.0,0.0,24.349945186008306,5.129306700513961,-2.0200952177593442e-15,597.0673514643988,597.0673514643989,594.1975680754894,594.1975680754892,-0.13432274252572504,0.1343227425257124,0.4556428470651368,-3.853823010411965e-17,943.3523675895358,943.3523675895356,960.5546897820085,960.5546897820087,-0.5,-0.5,-0.5,-0.5
1,1582,32,after_integrate,1.5819999999999366,1.5809999999999367,0.001,0,0,0.5,0.0,0.0,,5.136071222856137,8.708829530142158e-17,5.169905997382484e-15,5.983544111190963e-15,0.0,0.0,24.36603115590377,5.136071222856137,-2.022189244697348e-15,597.3450783804905,597.3450783804905,594.4862397573717,594.4862397573717,-0.13430266180859649,0.1343026618085965,0.4556413776825413,-1.4412660530538737e-17,942.9909402129864,942.9909402129862,960.1279316326948,960.127931632695,-0.5,-0.5,-0.5,-0.5
1,1583,32,after_integrate,1.5829999999999365,1.5819999999999366,0.001,0,0,0.5,0.0,0.0,,5.142840203874996,8.738153541184984e-17,5.175938932785362e-15,6.000467852980792e-15,0.0,0.0,24.382117074184276,5.142840203874995,-2.0259049014151253e-15,597.6216967456562,597.6216967456562,594.7738531214223,594.7738531214222,-0.13428245305869704,0.13428245305868444,0.45563991611836635,-4.342150825053129e-17,942.6294710133906,942.6294710133903,959.7008286340143,959.7008286340146,-0.5,-0.5,-0.5,-0.5
1,1584,32,after_integrate,1.5839999999999363,1.5829999999999365,0.001,0,0,0.5,0.0,0.0,,5.1496136435696265,8.767477445863451e-17,5.18198298876112e-15,6.077022121572058e-15,0.0,0.0,24.398202941128915,5.149613643569627,-2.030791278706378e-15,597.8972058952744,597.8972058952745,595.0604073081698,595.0604073081697,-0.1342621163950234,0.13426211639502342,0.4556384624931968,7.206802148695017e-18,942.2679660652037,942.2679660652035,959.2733879923231,959.2733879923234,-0.5,-0.5,-0.5,-0.5
1,1585,32,after_integrate,1.5849999999999362,1.5839999999999363,0.001,0,0,0.5,0.0,0.0,,5.156391541939684,8.796913034434711e-17,5.188055239421204e-15,6.0866972217246856e-15,0.0,0.0,24.41428875702098,5.156391541939684,-2.0317808409340416e-15,598.1716051849354,598.1716051849355,595.3459014742447,595.3459014742447,-0.13424165194060358,0.13424165194060358,0.4556370169259711,-1.5617614092981856e-17,941.906431276375,941.9064312763747,958.8456167723675,958.8456167723677,-0.5,-0.5,-0.5,-0.5
1,1586,32,after_integrate,1.5859999999999361,1.5849999999999362,0.001,0,0,0.5,0.0,0.0,,5.163173898985379,8.826548807111751e-17,5.194197551241017e-15,6.206111920194029e-15,0.0,0.0,24.430374522147932,5.163173898985379,-2.035838084456117e-15,598.4448939900484,598.4448939900484,595.6303347919354,595.6303347919354,-0.13422105982245824,0.13422105982247087,0.45563557953390943,2.988550968988066e-17,941.5448723897994,941.5448723897991,958.4175218990622,958.4175218990624,-0.5,-0.5,-0.5,-0.5
1,1587,32,after_integrate,1.586999999999936,1.5859999999999361,0.001,0,0,0.5,0.0,0.0,,5.169960714707478,8.85625526192194e-17,5.200349374648499e-15,6.067461574413815e-15,0.0,0.0,24.446460236801343,5.169960714707478,-2.0369878589403223e-15,598.7170717054499,598.71707170545,595.9137064487521,595.913706448752,-0.1342003401718149,0.13420034017182753,0.45563415043246513,3.381698385390501e-17,941.1832949848556,941.1832949848554,957.9891101592978,957.989110159298,-0.5,-0.5,-0.5,-0.5
1,1588,32,after_integrate,1.587999999999936,1.586999999999936,0.001,0,0,0.5,0.0,0.0,,5.176751989107303,8.885967818287745e-17,5.206435271896254e-15,6.085931709745199e-15,0.0,0.0,24.46254590127682,5.176751989107303,-2.0389790747237315e-15,598.9881377450149,598.9881377450149,596.1960156469995,596.1960156469994,-0.13417949312415706,0.13417949312414448,0.4556327297352867,-3.9511579332378085e-17,940.821704478954,940.8217044789537,957.5603882037219,957.5603882037221,-0.5,-0.5,-0.5,-0.5
1,1589,32,after_integrate,1.5889999999999358,1.587999999999936,0.001,0,0,0.5,0.0,0.0,,5.183547722186731,8.915674079501871e-17,5.2125795404279934e-15,6.210334807242161e-15,0.0,0.0,24.478631515873932,5.183547722186731,-2.040955995063256e-15,599.2580915412668,599.2580915412668,596.4772616033578,596.4772616033576,-0.13415851881932445,0.13415851881932447,0.45563131755417613,-1.4227064023269073e-17,940.4601061292227,940.4601061292225,957.1313625486223,957.1313625486225,-0.5,-0.5,-0.5,-0.5
1,1590,32,after_integrate,1.5899999999999357,1.5889999999999358,0.001,0,0,0.5,0.0,0.0,,5.1903479139481865,8.94567648671515e-17,5.218791572425995e-15,6.21403246303281e-15,0.0,0.0,24.49471708089617,5.1903479139481865,-2.046426850621292e-15,599.5269325449927,599.5269325449929,596.7574435484732,596.7574435484731,-0.13413741740166263,0.13413741740166263,0.4556299139990676,9.125416059316028e-18,940.0985050341377,940.0985050341375,956.7020395777041,956.7020395777043,-0.5,-0.5,-0.5,-0.5
1,1591,32,after_integrate,1.5909999999999356,1.5899999999999357,0.001,0,0,0.5,0.0,0.0,,5.197152564394645,8.975731557946779e-17,5.225057732792182e-15,6.272414115028883e-15,0.0,0.0,24.51080259665085,5.197152564394645,-2.0464018265713422e-15,599.7946602248577,599.7946602248577,597.0365607265559,597.0365607265558,-0.13411618902009756,0.13411618902008496,0.45562851917801006,-1.5586517370825573e-17,939.7369061353406,939.7369061353404,956.272425544018,956.2724255440182,-0.5,-0.5,-0.5,-0.5
1,1592,32,after_integrate,1.5919999999999355,1.5909999999999356,0.001,0,0,0.5,0.0,0.0,,5.203961673529626,9.005830228595764e-17,5.2313200919952185e-15,6.222003312890976e-15,0.0,0.0,24.526888063449093,5.2039616735296255,-2.0523458393175086e-15,600.0612740670223,600.0612740670224,597.3146123949867,597.3146123949867,-0.1340948338281712,0.13409483382818385,0.4556271331971422,1.3263658199511149e-17,939.375314219348,939.3753142193477,955.8425265717494,955.8425265717497,-0.5,-0.5,-0.5,-0.5
1,1593,32,after_integrate,1.5929999999999354,1.5919999999999355,0.001,0,0,0.5,0.0,0.0,,5.210775241357193,9.035571142799386e-17,5.237506289814969e-15,6.209260570801277e-15,0.0,0.0,24.542973481605692,5.210775241357193,-2.05466432280493e-15,600.3267735747627,600.3267735747627,597.5915978239333,597.5915978239332,-0.1340733519842795,0.1340733519842795,0.45562575616068046,-1.6334013781166018e-17,939.0137339194307,939.0137339194305,955.4123486581212,955.4123486581215,-0.5,-0.5,-0.5,-0.5
1,1594,32,after_integrate,1.5939999999999352,1.5929999999999354,0.001,0,0,0.5,0.0,0.0,,5.217593267881949,9.0655073607908e-17,5.2437846188638795e-15,6.339797526999533e-15,0.0,0.0,24.559058851439097,5.217593267881949,-2.0546508669858826e-15,600.5911582680916,600.5911582680917,597.8675162959723,597.8675162959722,-0.13405174365158073,0.13405174365159336,0.4556243881709205,3.630868383246775e-17,938.6521697175049,938.6521697175046,954.9818976752979,954.9818976752981,-0.5,-0.5,-0.5,-0.5
1,1595,32,after_integrate,1.5949999999999351,1.5939999999999352,0.001,0,0,0.5,0.0,0.0,,5.224415753109037,9.095872951343228e-17,5.250169312694057e-15,6.343314977777272e-15,0.0,0.0,24.575144173271333,5.224415753109036,-2.0568389168949606e-15,600.8544276833832,600.8544276833832,598.1423671057232,598.1423671057232,-0.13403000899825857,0.1340300089982712,0.45562302932821874,3.290623907088787e-17,938.2906259460223,938.290625946022,954.5511793722244,954.5511793722246,-0.5,-0.5,-0.5,-0.5
1,1596,32,after_integrate,1.595999999999935,1.5949999999999351,0.001,0,0,0.5,0.0,0.0,,5.231242697044131,9.12605365802336e-17,5.256511001392664e-15,6.3103741166334754e-15,0.0,0.0,24.5912294474279,5.23124269704413,-2.0610700146332225e-15,601.1165813729992,601.1165813729993,598.416149559488,598.416149559488,-0.13400814819746704,0.13400814819747967,0.45562167973100176,7.127886123637702e-18,937.9291067899775,937.9291067899773,954.1201993765709,954.1201993765711,-0.5,-0.5,-0.5,-0.5
1,1597,32,after_integrate,1.596999999999935,1.595999999999935,0.001,0,0,0.5,0.0,0.0,,5.238074099693435,9.15618474431852e-17,5.2628272045879764e-15,6.325317010991384e-15,0.0,0.0,24.60731467423776,5.238074099693436,-2.062186749876597e-15,601.3776189049195,601.3776189049196,598.6888629748995,598.6888629748995,-0.1339861614274793,0.1339861614274919,0.45562033947576047,8.301284669498481e-18,937.567616288868,937.5676162888677,953.6889631965836,953.6889631965838,-0.5,-0.5,-0.5,-0.5
1,1598,32,after_integrate,1.5979999999999348,1.596999999999935,0.001,0,0,0.5,0.0,0.0,,5.244909961063684,9.186703303271744e-17,5.2692191778760135e-15,6.456185013566136e-15,0.0,0.0,24.623399854033224,5.2449099610636845,-2.0638412642775365e-15,601.6375398623725,601.6375398623726,598.9605066805797,598.9605066805797,-0.1339640488717583,0.1339640488717457,0.4556190086570445,-1.2521515165599732e-17,937.2061583387938,937.2061583387936,953.2574762230432,953.2574762230432,-0.5,-0.5,-0.5,-0.5
1,1599,32,after_integrate,1.5989999999999347,1.5979999999999348,0.001,0,0,0.5,0.0,0.0,,5.251750281162131,9.217437726842312e-17,5.275664276195253e-15,6.344499571972153e-15,0.0,0.0,24.639484987149906,5.251750281162131,-2.0689512383282105e-15,601.8963438434723,601.8963438434723,599.2310800158036,599.2310800158036,-0.13394181071897807,0.13394181071899075,0.4556176873674709,3.812687833874247e-17,936.8447366944438,936.8447366944436,952.8257437310843,952.8257437310843,-0.5,-0.5,-0.5,-0.5
1,1600,32,after_integrate,1.5999999999999346,1.5989999999999347,0.001,0,0,0.5,0.0,0.0,,5.258595059996553,9.24811286981915e-17,5.282070013681855e-15,6.4410730922481224e-15,0.0,0.0,24.65557007392663,5.258595059996552,-2.06873104471652e-15,602.1540304608556,602.1540304608557,599.5005823301738,599.5005823301738,-0.13391944716320733,0.13391944716320736,0.4556163756977279,-1.402228892478933e-17,936.4833549713181,936.4833549713179,952.3937708822193,952.3937708822193,-0.5,-0.5,-0.5,-0.5
1,1601,33,after_integrate,1.6009999999999345,1.5999999999999346,0.001,0,0,0.5,0.0,0.0,,5.265444297575239,9.278738186575364e-17,5.288515627667585e-15,6.5063205954092305e-15,0.0,0.0,24.671655114705402,5.265444297575239,-2.0742220095850186e-15,602.4105993413239,602.410599341324,599.7690129833011,599.7690129833011,-0.13389695840382843,0.13389695840382843,0.45561507373656673,-1.8067768868440958e-17,936.1220166477653,936.1220166477651,951.9615627261409,951.9615627261409,-0.5,-0.5,-0.5,-0.5
1,1602,33,after_integrate,1.6019999999999344,1.6009999999999345,0.001,0,0,0.5,0.0,0.0,,5.272297993906989,9.309103321012869e-17,5.295025888795207e-15,6.486207691553201e-15,0.0,0.0,24.687740109831314,5.272297993906989,-2.076714988104859e-15,602.666050125488,602.666050125488,600.0363713444946,600.0363713444946,-0.1338743446456829,0.13387434464568293,0.455613781570811,1.1759683693207362e-17,935.7607250672265,935.7607250672263,951.5291242027092,951.5291242027092,-0.5,-0.5,-0.5,-0.5
1,1603,33,after_integrate,1.6029999999999343,1.6019999999999344,0.001,0,0,0.5,0.0,0.0,,5.2791561490011105,9.339406732799763e-17,5.301565352888967e-15,6.562658511998268e-15,0.0,0.0,24.703825059652466,5.2791561490011105,-2.0764358797127282e-15,602.9203824674169,602.9203824674169,600.3026567924591,600.3026567924591,-0.1338516060991273,0.13385160609911467,0.45561249928535746,-3.927019745266206e-17,935.399483440363,935.399483440363,951.0964601438012,951.0964601438012,-0.5,-0.5,-0.5,-0.5
1,1604,33,after_integrate,1.6039999999999341,1.6029999999999343,0.001,0,0,0.5,0.0,0.0,,5.286018762867415,9.369758856233041e-17,5.3081774702121656e-15,6.64923283065948e-15,0.0,0.0,24.71990996451992,5.286018762867415,-2.0817157074749424e-15,603.1735960342887,603.1735960342887,600.5678687150003,600.5678687150003,-0.13382874298001451,0.13382874298001454,0.4556112269631717,1.011445164303824e-17,935.0382948473698,935.0382948473698,950.6635752753024,950.6635752753024,-0.5,-0.5,-0.5,-0.5
1,1605,33,after_integrate,1.604999999999934,1.6039999999999341,0.001,0,0,0.5,0.0,0.0,,5.2928858355162065,9.400165126679603e-17,5.314866545297658e-15,6.715933118277228e-15,0.0,0.0,24.735994824787625,5.2928858355162065,-2.08541698884484e-15,603.4256905060478,603.4256905060478,600.8320065087387,600.8320065087387,-0.1338057555098367,0.1338057555098367,0.45560996468528814,-1.5712876277503204e-17,934.677162240143,934.677162240143,950.230474218947,950.230474218947,-0.5,-0.5,-0.5,-0.5
1,1606,33,after_integrate,1.605999999999934,1.604999999999934,0.001,0,0,0.5,0.0,0.0,,5.299757366958289,9.43039239016034e-17,5.321583494961113e-15,6.710478133593788e-15,0.0,0.0,24.752079640812358,5.299757366958289,-2.0889100908647026e-15,603.676665575063,603.676665575063,601.09506957883,601.09506957883,-0.13378264391568004,0.13378264391569267,0.45560871253081303,4.1291390260212343e-17,934.3160884445282,934.3160884445282,949.797161494204,949.797161494204,-0.5,-0.5,-0.5,-0.5
1,1607,33,after_integrate,1.6069999999999338,1.605999999999934,0.001,0,0,0.5,0.0,0.0,,5.306633357204948,9.460606747051839e-17,5.328347890777531e-15,6.8793521552083875e-15,0.0,0.0,24.768164412953617,5.306633357204947,-2.0900240820635233e-15,603.9265209457923,603.9265209457923,601.3570573386945,601.3570573386945,-0.13375940843031645,0.13375940843031645,0.45560747057690626,1.3119723983627542e-17,933.9550761626899,933.9550761626899,949.3636415202672,949.3636415202672,-0.5,-0.5,-0.5,-0.5
1,1608,33,after_integrate,1.6079999999999337,1.6069999999999338,0.001,0,0,0.5,0.0,0.0,,5.313513806267958,9.491090934694764e-17,5.335312726261463e-15,6.910189225962217e-15,0.0,0.0,24.7842491415736,5.313513806267958,-2.090128828405304e-15,604.1752563344497,604.1752563344497,601.617969209753,601.617969209753,-0.13373604929218272,0.13373604929218272,0.45560623889879254,-1.1782979928447957e-17,933.5941279753857,933.5941279753857,948.9299186179205,948.9299186179205,-0.5,-0.5,-0.5,-0.5
1,1609,33,after_integrate,1.6089999999999336,1.6079999999999337,0.001,0,0,0.5,0.0,0.0,,5.320398714159566,9.521340041592733e-17,5.3422143418451446e-15,6.882530156015636e-15,0.0,0.0,24.80033382703713,5.320398714159566,-2.0970608758555966e-15,604.422871468678,604.422871468678,601.8778046211713,601.8778046211713,-0.1337125667454708,0.13371256674545817,0.4556050175697387,-4.0199409405963765e-17,933.2332463442135,933.2332463442135,948.4959970113721,948.4959970113721,-0.5,-0.5,-0.5,-0.5
1,1610,33,after_integrate,1.6099999999999335,1.6089999999999336,0.001,0,0,0.5,0.0,0.0,,5.327288080892497,9.551218767777239e-17,5.349099069891085e-15,6.976699514701405e-15,0.0,0.0,24.816418469711532,5.327288080892498,-2.100975301044186e-15,604.6693660872241,604.6693660872241,602.1365630096117,602.1365630096117,-0.1336889610400682,0.13368896104008085,0.4556038066610521,3.946927369229015e-17,932.8724336140668,932.8724336140668,948.0618808302573,948.0618808302573,-0.5,-0.5,-0.5,-0.5
1,1611,33,after_integrate,1.6109999999999334,1.6099999999999335,0.001,0,0,0.5,0.0,0.0,,5.334181906479941,9.581161558718069e-17,5.356084253877405e-15,6.910773142000877e-15,0.0,0.0,24.832503069966652,5.33418190647994,-2.1014053207360487e-15,604.9147399396207,604.9147399396207,602.3942438189915,602.3942438189915,-0.1336652324316981,0.13366523243168552,0.4556026062420665,-1.3105790984992827e-17,932.5116920153354,932.5116920153354,947.6275741113861,947.6275741113861,-0.5,-0.5,-0.5,-0.5
1,1612,33,after_integrate,1.6119999999999333,1.6109999999999334,0.001,0,0,0.5,0.0,0.0,,5.341080190935552,9.610674435161e-17,5.362987308986592e-15,6.882544130473702e-15,0.0,0.0,24.848587628174688,5.341080190935552,-2.105287521532211e-15,605.158992785871,605.158992785871,602.6508465002502,602.6508465002502,-0.13364138118174462,0.13364138118174462,0.4556014163801272,1.4679181022091236e-17,932.1510236664111,932.1510236664111,947.1930808007655,947.1930808007655,-0.5,-0.5,-0.5,-0.5
1,1613,33,after_integrate,1.6129999999999332,1.6119999999999333,0.001,0,0,0.5,0.0,0.0,,5.34798293427344,9.639894737281037e-17,5.3698769682362965e-15,6.938377726070111e-15,0.0,0.0,24.864672144710205,5.34798293427344,-2.108279818966588e-15,605.4021243961392,605.4021243961391,602.906370511122,602.906370511122,-0.133617407557468,0.1336174075574806,0.4556002371405713,3.5110150444716394e-17,931.7904305759604,931.7904305759606,946.7584047553901,946.7584047553901,-0.5,-0.5,-0.5,-0.5
1,1614,33,after_integrate,1.613999999999933,1.6129999999999332,0.001,0,0,0.5,0.0,0.0,,5.3548901365081685,9.669082182846559e-17,5.3768243118492955e-15,6.978099210844662e-15,0.0,0.0,24.880756619950027,5.3548901365081685,-2.1094698274454214e-15,605.6441345504448,605.6441345504448,603.1608153159176,603.1608153159176,-0.13359331183187925,0.13359331183187925,0.45559906858671007,1.3391072632202517e-17,931.4299146453286,931.4299146453288,946.3235497451233,946.3235497451233,-0.5,-0.5,-0.5,-0.5
1,1615,33,after_integrate,1.614999999999933,1.613999999999933,0.001,0,0,0.5,0.0,0.0,,5.3618017976547465,9.698598509179173e-17,5.38390480764861e-15,7.101001832712563e-15,0.0,0.0,24.89684105427315,5.3618017976547465,-2.108714933578302e-15,605.8850230383629,605.8850230383628,603.4141803853116,603.4141803853116,-0.13356909428376534,0.13356909428376534,0.4555979107798199,2.5250550541446392e-17,931.0694776708754,931.0694776708756,945.888519454527,945.888519454527,-0.5,-0.5,-0.5,-0.5
1,1616,33,after_integrate,1.6159999999999328,1.614999999999933,0.001,0,0,0.5,0.0,0.0,,5.368717917728624,9.728571103326818e-17,5.391191115624933e-15,7.52211243214322e-15,0.0,0.0,24.912925448060694,5.368717917728624,-2.1140389336210843e-15,606.1247896587279,606.1247896587278,603.6664651961371,603.6664651961371,-0.13354475519767572,0.13354475519767575,0.45559676377909564,2.221744516210678e-17,930.7091213464213,930.7091213464215,945.4533174847656,945.4533174847656,-0.5,-0.5,-0.5,-0.5
1,1617,33,after_integrate,1.6169999999999327,1.6159999999999328,0.001,0,0,0.5,0.0,0.0,,5.375638496745687,9.758897332123309e-17,5.398924834004093e-15,7.874892552862713e-15,0.0,0.0,24.92900980169582,5.375638496745687,-2.114593231457984e-15,606.3634342193443,606.3634342193442,603.9176692311883,603.9176692311883,-0.13352029486396022,0.13352029486396022,0.4555956276416456,1.6683001165158283e-17,930.3488472656281,930.3488472656284,945.0179473554434,945.0179473554437,-0.5,-0.5,-0.5,-0.5
1,1618,33,after_integrate,1.6179999999999326,1.6169999999999327,0.001,0,0,0.5,0.0,0.0,,5.382563534722248,9.78942267031204e-17,5.406897186717041e-15,8.150432637981464e-15,0.0,0.0,24.945094115563666,5.382563534722248,-2.120514153727195e-15,606.6009565367006,606.6009565367004,604.1677919790285,604.1677919790284,-0.13349571357870368,0.13349571357870368,0.45559450242245997,1.1063457209054178e-18,929.9886569242972,929.9886569242974,944.582412506348,944.5824125063482,-0.5,-0.5,-0.5,-0.5
1,1619,33,after_integrate,1.6189999999999325,1.6179999999999326,0.001,0,0,0.5,0.0,0.0,,5.389493031675046,9.819831051095128e-17,5.415217430645778e-15,8.391669888050668e-15,0.0,0.0,24.96117839005124,5.389493031675045,-2.1234338459449674e-15,606.8373564356898,606.8373564356896,604.4168329338058,604.4168329338057,-0.13347101164372474,0.13347101164373734,0.4555933881743675,1.9292033009428622e-17,929.6285517228763,929.6285517228765,944.14671629939,944.1467162993903,-0.5,-0.5,-0.5,-0.5
1,1620,33,after_integrate,1.6199999999999324,1.6189999999999325,0.001,0,0,0.5,0.0,0.0,,5.396426987621238,9.849756984587777e-17,5.423719052281711e-15,8.563116907005409e-15,0.0,0.0,24.977262625547397,5.396426987621238,-2.1260072180557057e-15,607.0726337493347,607.0726337493346,604.6647915950756,604.6647915950755,-0.13344618936658584,0.13344618936659847,0.45559228494802306,4.366663972996006e-17,929.2685329687699,929.2685329687702,943.7108620203439,943.7108620203442,-0.5,-0.5,-0.5,-0.5
1,1621,33,after_integrate,1.6209999999999323,1.6199999999999324,0.001,0,0,0.5,0.0,0.0,,5.403365402578392,9.879270341457138e-17,5.4323959153798e-15,8.839006175864322e-15,0.0,0.0,24.9933468224427,5.403365402578393,-2.1277763720017877e-15,607.3067883185187,607.3067883185186,604.9116674676287,604.9116674676286,-0.1334212470605155,0.1334212470605155,0.4555911927918637,-4.760157373938829e-18,928.9086018787674,928.9086018787676,943.2748528806862,943.2748528806865,-0.5,-0.5,-0.5,-0.5
1,1622,33,after_integrate,1.6219999999999322,1.6209999999999323,0.001,0,0,0.5,0.0,0.0,,5.410308276564484,9.90850289435714e-17,5.441405358590649e-15,9.119290140970963e-15,0.0,0.0,25.0094309811294,5.410308276564485,-2.131995511087971e-15,607.5398199917216,607.5398199917213,605.1574600613271,605.1574600613269,-0.13339618504437928,0.1333961850443919,0.45559011175207553,2.6049687251700468e-17,928.5487595813697,928.5487595813702,942.8386920193459,942.8386920193464,-0.5,-0.5,-0.5,-0.5
1,1623,33,after_integrate,1.622999999999932,1.6219999999999322,0.001,0,0,0.5,0.0,0.0,,5.4172556095978885,9.937182786323692e-17,5.450689458986116e-15,9.383819608531593e-15,0.0,0.0,25.025515102001297,5.4172556095978885,-2.134932100392789e-15,607.7717286247613,607.771728624761,605.4021688909453,605.4021688909451,-0.1333710036427401,0.1333710036427401,0.45558904187255905,-1.6135897747418477e-18,928.1890071192081,928.1890071192086,942.402382504517,942.4023825045175,-0.5,-0.5,-0.5,-0.5
1,1624,33,after_integrate,1.623999999999932,1.622999999999932,0.001,0,0,0.5,0.0,0.0,,5.424207401697375,9.96515149014417e-17,5.460175296648953e-15,9.644496350083463e-15,0.0,0.0,25.04159918545371,5.424207401697375,-2.140638989138949e-15,608.0025140805411,608.0025140805408,605.6457934760182,605.6457934760181,-0.13334570318570266,0.13334570318569003,0.45558798319488425,-3.0053225038112374e-17,927.8293454513966,927.8293454513973,941.965927335421,941.9659273354215,-0.5,-0.5,-0.5,-0.5
1,1625,33,after_integrate,1.6249999999999318,1.623999999999932,0.001,0,0,0.5,0.0,0.0,,5.431163652882103,9.992345955595865e-17,5.469923484865711e-15,9.829523486041502e-15,0.0,0.0,25.05768323188336,5.431163652882103,-2.1440931980295607e-15,608.2321762288027,608.2321762288024,605.8883333406958,605.8883333406956,-0.13332028400892224,0.1333202840089222,0.45558693575826675,-3.4329612517049547e-18,927.4697754558964,927.4697754558971,941.5293294440631,941.5293294440636,-0.5,-0.5,-0.5,-0.5
1,1626,33,after_integrate,1.6259999999999317,1.6249999999999318,0.001,0,0,0.5,0.0,0.0,,5.438124363171611,1.0018706993768882e-16,5.479868802161473e-15,1.0048576124740552e-14,0.0,0.0,25.073767241688316,5.43812436317161,-2.1505546092103496e-15,608.4607149458839,608.4607149458835,606.1297880136029,606.1297880136026,-0.1332947464536251,0.13329474645363767,0.4555858995995062,4.46684100017449e-17,927.1102979318307,927.1102979318314,941.0925916969433,941.0925916969439,-0.5,-0.5,-0.5,-0.5
1,1627,33,after_integrate,1.6269999999999316,1.6259999999999317,0.001,0,0,0.5,0.0,0.0,,5.445089532585819,1.0044080672705689e-16,5.489985587518695e-15,1.018549047200846e-14,0.0,0.0,25.08985121526787,5.445089532585819,-2.152179334417875e-15,608.6881301144832,608.6881301144829,606.3701570277058,606.3701570277054,-0.13326909086645225,0.13326909086645222,0.45558487475296233,2.861645769112412e-17,926.7509136018641,926.7509136018648,940.655716896828,940.6557168968287,-0.5,-0.5,-0.5,-0.5
1,1628,33,after_integrate,1.6279999999999315,1.6269999999999316,0.001,0,0,0.5,0.0,0.0,,5.452059161145015,1.0068887492803802e-16,5.5003923541920966e-15,1.0544111581578503e-14,0.0,0.0,25.10593515302249,5.452059161145016,-2.1548593839301277e-15,608.9144216234296,608.9144216234292,606.6094399201846,606.6094399201841,-0.13324331759947988,0.13324331759949248,0.45558386125050465,1.960208723722282e-17,926.3916231145464,926.3916231145471,940.2187077844766,940.2187077844775,-0.5,-0.5,-0.5,-0.5
1,1629,33,after_integrate,1.6289999999999314,1.6279999999999315,0.001,0,0,0.5,0.0,0.0,,5.45903324886985,1.0092638627650843e-16,5.5110365877519455e-15,1.0760308871762304e-14,0.0,0.0,25.122019055353697,5.45903324886985,-2.1608634564101484e-15,609.1395893674575,609.1395893674571,606.8476362323112,606.8476362323107,-0.13321742701017567,0.13321742701016304,0.45558285912147184,-1.7478396453177876e-18,926.0324270465505,926.0324270465512,939.7815670402781,939.781567040279,-0.5,-0.5,-0.5,-0.5
1,1630,33,after_integrate,1.6299999999999313,1.6289999999999314,0.001,0,0,0.5,0.0,0.0,,5.466011795781336,1.0115434755736135e-16,5.521909871412193e-15,1.0966100482980786e-14,0.0,0.0,25.138102922664004,5.466011795781336,-2.163710707890045e-15,609.3636332469887,609.3636332469883,607.0847455093336,607.0847455093332,-0.13319141946127974,0.13319141946129234,0.4555818683926262,2.4433673279663735e-17,925.6733259050546,925.6733259050553,939.3442972860106,939.3442972860115,-0.5,-0.5,-0.5,-0.5
1,1631,33,after_integrate,1.6309999999999312,1.6299999999999313,0.001,0,0,0.5,0.0,0.0,,5.472994801900836,1.0137172410957039e-16,5.53299756287169e-15,1.1136000991465859e-14,0.0,0.0,25.1541867553568,5.472994801900836,-2.168271411788011e-15,609.5865531679193,609.586553167919,607.3207673003652,607.3207673003648,-0.13316529532083626,0.13316529532084886,0.4555808890881078,4.3401610454152634e-17,925.3143201299893,925.3143201299899,938.9069010864869,938.9069010864878,-0.5,-0.5,-0.5,-0.5
1,1632,33,after_integrate,1.631999999999931,1.6309999999999312,0.001,0,0,0.5,0.0,0.0,,5.479982267250062,1.0157809146878965e-16,5.5441899930547004e-15,1.1008990849588247e-14,0.0,0.0,25.170270553836286,5.479982267250062,-2.1720811832711752e-15,609.8083490414125,609.8083490414122,607.55570115828,607.5557011582796,-0.1331390549620741,0.1331390549620867,0.45557992122939994,3.4217524070449493e-17,924.9554100963247,924.9554100963254,938.469380951225,938.469380951226,-0.5,-0.5,-0.5,-0.5
1,1633,33,after_integrate,1.632999999999931,1.631999999999931,0.001,0,0,0.5,0.0,0.0,,5.486974191851062,1.0176757589527794e-16,5.5551343387384726e-15,1.1013150889493385e-14,0.0,0.0,25.186354318507334,5.486974191851063,-2.1796787027375802e-15,610.0290207836971,610.0290207836968,607.7895466396133,607.7895466396128,-0.13311269876338686,0.13311269876338683,0.45557896483527216,7.935357263023599e-18,924.5965961162885,924.5965961162892,938.0317393360606,938.0317393360615,-0.5,-0.5,-0.5,-0.5
1,1634,33,after_integrate,1.6339999999999308,1.632999999999931,0.001,0,0,0.5,0.0,0.0,,5.493970575726221,1.0194322218984479e-16,5.56609502904537e-15,1.08343680903153e-14,0.0,0.0,25.202438049775438,5.493970575726221,-2.1816171659281275e-15,610.2485683158723,610.2485683158719,608.0223033044678,608.0223033044673,-0.1330862271082008,0.13308622710820078,0.45557801992174324,1.2258869207821806e-17,924.2378784417162,924.2378784417169,937.5939786448862,937.5939786448871,-0.5,-0.5,-0.5,-0.5
1,1635,33,after_integrate,1.6349999999999307,1.6339999999999308,0.001,0,0,0.5,0.0,0.0,,5.500971418898254,1.0210576143988486e-16,5.576838535510859e-15,1.067291969346065e-14,0.0,0.0,25.21852174804661,5.500971418898253,-2.1868564711777907e-15,610.4669915637182,610.4669915637179,608.253970716425,608.2539707164244,-0.13305964038500526,0.13305964038500523,0.4555770865020433,-1.6292387713894467e-17,923.8792572660993,923.8792572661,937.1561012311048,937.1561012311057,-0.5,-0.5,-0.5,-0.5
1,1636,33,after_integrate,1.6359999999999306,1.6349999999999307,0.001,0,0,0.5,0.0,0.0,,5.507976721390194,1.0225503357112254e-16,5.587437075556266e-15,1.0556376013095786e-14,0.0,0.0,25.234605413727227,5.507976721390194,-2.190669636312799e-15,610.6842904575118,610.6842904575116,608.4845484424615,608.4845484424609,-0.13303293898721935,0.13303293898720667,0.4555761645865507,-1.5954209750672372e-17,923.5207327269401,923.5207327269405,936.7181093993785,936.7181093993794,-0.5,-0.5,-0.5,-0.5
1,1637,33,after_integrate,1.6369999999999305,1.6359999999999306,0.001,0,0,0.5,0.0,0.0,,5.514986483225393,1.02392005288951e-16,5.597861346801347e-15,1.0237261413177107e-14,0.0,0.0,25.250689047224004,5.514986483225393,-2.1951172535063492e-15,610.9004649318489,610.9004649318487,608.7140360528708,608.7140360528704,-0.13300612331313438,0.13300612331313436,0.45557525418277534,1.6468870234889965e-17,923.16230490786,923.1623049078604,936.2800054071408,936.2800054071417,-0.5,-0.5,-0.5,-0.5
1,1638,33,after_integrate,1.6379999999999304,1.6369999999999305,0.001,0,0,0.5,0.0,0.0,,5.522000704427513,1.0251885640881664e-16,5.608083630522606e-15,1.0198673588276537e-14,0.0,0.0,25.266772648943846,5.522000704427513,-2.199254167344452e-15,611.1155149254721,611.115514925472,608.9424331211903,608.9424331211899,-0.13297919376589337,0.13297919376589334,0.4555743552952972,1.0217513755655343e-17,922.803973840769,922.8039738407695,935.8417914661768,935.8417914661777,-0.5,-0.5,-0.5,-0.5
1,1639,33,after_integrate,1.6389999999999303,1.6379999999999304,0.001,0,0,0.5,0.0,0.0,,5.5290193850205185,1.0263903905183455e-16,5.618199469964314e-15,9.97811245428727e-15,0.0,0.0,25.282856219293762,5.5290193850205185,-2.203821619212512e-15,611.3294403811045,611.3294403811043,609.1697392241323,609.1697392241318,-0.13295215075334493,0.13295215075334488,0.4555734679257314,-1.1669439229450098e-17,922.44573950803,922.4457395080304,935.4034697441997,935.4034697442006,-0.5,-0.5,-0.5,-0.5
1,1640,33,after_integrate,1.6399999999999302,1.6389999999999303,0.001,0,0,0.5,0.0,0.0,,5.536042525028673,1.0275030581716515e-16,5.6281164554530494e-15,9.790880457819148e-15,0.0,0.0,25.298939758680746,5.536042525028673,-2.209350115348186e-15,611.5422412005299,611.5422412005296,609.3959538966498,609.3959538966493,-0.13292499468802266,0.1329249946880226,0.4555725920720606,-9.294588532312404e-18,922.0875048362651,922.0875048362656,934.9649453587485,934.9649453587492,-0.5,-0.5,-0.5,-0.5
1,1641,33,after_integrate,1.64099999999993,1.6399999999999302,0.001,0,0,0.5,0.0,0.0,,5.5430701244764915,1.0285538308664382e-16,5.637841092707287e-15,9.7502440583878e-15,0.0,0.0,25.31502326751163,5.543070124476492,-2.213934591293358e-15,611.7539168278989,611.7539168278987,609.6210762143453,609.6210762143448,-0.13289772598656477,0.13289772598656474,0.45557172772929605,1.0087334974778573e-17,921.7291896490873,921.7291896490877,934.5261403352869,934.5261403352878,-0.5,-0.5,-0.5,-0.5
1,1642,33,after_integrate,1.64199999999993,1.64099999999993,0.001,0,0,0.5,0.0,0.0,,5.550102183388651,1.0295693405730451e-16,5.647506534509611e-15,9.500079439452758e-15,0.0,0.0,25.33110674619304,5.550102183388651,-2.2141971390958113e-15,611.9644667463311,611.9644667463308,609.8451052914819,609.8451052914814,-0.13287034506880427,0.13287034506879167,0.4555708748892967,-3.1667607847601245e-17,921.370778057578,921.3707780575785,934.0870409892476,934.0870409892485,-0.5,-0.5,-0.5,-0.5
1,1643,33,after_integrate,1.6429999999999298,1.64199999999993,0.001,0,0,0.5,0.0,0.0,,5.557138701790019,1.0305639441496779e-16,5.656996658212093e-15,9.437575662472408e-15,0.0,0.0,25.347190195131226,5.557138701790019,-2.2225837750362147e-15,612.1738903428944,612.1738903428941,610.068040145698,610.0680401456975,-0.1328428523580445,0.13284285235805707,0.4555700335402195,3.6338461292392167e-17,921.0122589927247,921.0122589927252,933.647638460055,933.6476384600559,-0.5,-0.5,-0.5,-0.5
1,1644,33,after_integrate,1.6439999999999297,1.6429999999999298,0.001,0,0,0.5,0.0,0.0,,5.564179679705625,1.0315453604430902e-16,5.6663546671479186e-15,9.287184680141179e-15,0.0,0.0,25.363273614731952,5.564179679705625,-2.224651449424255e-15,612.3821869933639,612.3821869933638,610.289879783102,610.2898797831016,-0.1328152482808912,0.13281524828089117,0.45556920366623294,-1.3664636445923613e-17,920.6536239479912,920.6536239479914,933.2079264516827,933.2079264516836,-0.5,-0.5,-0.5,-0.5
1,1645,33,after_integrate,1.6449999999999296,1.6439999999999297,0.001,0,0,0.5,0.0,0.0,,5.571225117160653,1.0325097190114329e-16,5.675533741055306e-15,9.024811737266061e-15,0.0,0.0,25.379357005400312,5.571225117160653,-2.229673494006472e-15,612.5893560602653,612.5893560602652,610.5106231964179,610.5106231964174,-0.13278753326712234,0.1327875332671097,0.455568385247325,-1.926212068897487e-17,920.2948676623485,920.2948676623487,932.767901915066,932.7679019150669,-0.5,-0.5,-0.5,-0.5
1,1646,33,after_integrate,1.6459999999999295,1.6449999999999296,0.001,0,0,0.5,0.0,0.0,,5.5782750141804325,1.033453815713803e-16,5.684441903945256e-15,8.886119976968168e-15,0.0,0.0,25.395440367540637,5.5782750141804325,-2.233297837646725e-15,612.7953968975532,612.795396897553,610.7302693697859,610.7302693697856,-0.132759707749672,0.13275970774967194,0.4555675782591126,1.2299109581761265e-17,919.9359866232672,919.9359866232675,932.3275635503692,932.3275635503699,-0.5,-0.5,-0.5,-0.5
1,1647,33,after_integrate,1.6469999999999294,1.6459999999999295,0.001,0,0,0.5,0.0,0.0,,5.585329370790435,1.0344038635071244e-16,5.693223748585521e-15,8.634997853612647e-15,0.0,0.0,25.411523701556302,5.585329370790435,-2.2384179834586243e-15,613.0003088537919,613.0003088537918,610.9488172820651,610.9488172820647,-0.13273177216466428,0.13273177216466425,0.4555667826726823,-1.0160841765959668e-17,919.5769780774064,919.5769780774066,931.8869108169376,931.8869108169383,-0.5,-0.5,-0.5,-0.5
1,1648,33,after_integrate,1.6479999999999293,1.6469999999999294,0.001,0,0,0.5,0.0,0.0,,5.592388187016267,1.0353436508400253e-16,5.7017663016547385e-15,8.386519421178307e-15,0.0,0.0,25.427607007849566,5.592388187016267,-2.241474316093163e-15,613.2040912737018,613.2040912737017,611.1662659084966,611.1662659084961,-0.13270372695129665,0.13270372695129662,0.4555659984544655,-1.4907596811718897e-17,919.2178395910757,919.217839591076,931.4459434930574,931.445943493058,-0.5,-0.5,-0.5,-0.5
1,1649,33,after_integrate,1.6489999999999292,1.6479999999999293,0.001,0,0,0.5,0.0,0.0,,5.5994514628836605,1.0362859603482049e-16,5.710102707440446e-15,8.21110338158683e-15,0.0,0.0,25.4436902868214,5.599451462883661,-2.2446256009331632e-15,613.4067434988709,613.4067434988707,611.3826142215339,611.3826142215335,-0.1326755725518612,0.13267557255184856,0.45556522556613394,-4.34123239372549e-17,918.8585688905616,918.8585688905619,931.0046615155644,931.0046615155651,-0.5,-0.5,-0.5,-0.5
1,1650,33,after_integrate,1.649999999999929,1.6489999999999292,0.001,0,0,0.5,0.0,0.0,,5.6065191984184715,1.0372526901044896e-16,5.718251775186995e-15,8.133216760625736e-15,0.0,0.0,25.45977353887135,5.6065191984184715,-2.250469470075676e-15,613.608264868138,613.6082648681379,611.597861191343,611.5978611913426,-0.13264730941165206,0.1326473094116394,0.45556446396452116,-4.305812700975423e-17,918.4991638128987,918.4991638128989,930.5630649299256,930.5630649299263,-0.5,-0.5,-0.5,-0.5
1,1651,34,after_integrate,1.650999999999929,1.649999999999929,0.001,0,0,0.5,0.0,0.0,,5.613591393646671,1.0382475020271971e-16,5.726281353099639e-15,7.906153150182012e-15,0.0,0.0,25.475856764397324,5.613591393646671,-2.2580276274281274e-15,613.8086547178641,613.8086547178641,611.812005786192,611.8120057861915,-0.13261893797899973,0.1326189379789871,0.4555637136015652,-4.069704615601945e-17,918.1396222933507,918.1396222933507,930.1211538769898,930.1211538769904,-0.5,-0.5,-0.5,-0.5
1,1652,34,after_integrate,1.6519999999999289,1.650999999999929,0.001,0,0,0.5,0.0,0.0,,5.620668048594341,1.0392721819830151e-16,5.7341337741870166e-15,7.765806098958807e-15,0.0,0.0,25.49193996379544,5.62066804859434,-2.2606246466128056e-15,614.007912382173,614.007912382173,612.0250469728106,612.0250469728103,-0.13259045870515218,0.13259045870515213,0.45556297442426597,-1.7444420710331715e-17,917.779942363155,917.779942363155,929.6789285900296,929.6789285900303,-0.5,-0.5,-0.5,-0.5
1,1653,34,after_integrate,1.6529999999999287,1.6519999999999289,0.001,0,0,0.5,0.0,0.0,,5.627749163287667,1.0403452042026407e-16,5.741843466611147e-15,7.601746360147694e-15,0.0,0.0,25.508023137459844,5.627749163287667,-2.2651250999016727e-15,614.2060371931847,614.2060371931847,612.2369837167411,612.2369837167406,-0.1325618720443206,0.13256187204430794,0.45556224637466947,-4.038115813886204e-17,917.420122149439,917.420122149439,929.236389393952,929.2363893939527,-0.5,-0.5,-0.5,-0.5
1,1654,34,after_integrate,1.6539999999999286,1.6529999999999287,0.001,0,0,0.5,0.0,0.0,,5.634834737752931,1.041462747311543e-16,5.749443574235374e-15,7.550079230584508e-15,0.0,0.0,25.52410628578255,5.634834737752931,-2.270681015169314e-15,614.403028481247,614.403028481247,612.4478149826878,612.4478149826873,-0.13253317845352283,0.13253317845351018,0.4555615293898428,-9.735811595367014e-18,917.0601598754164,917.0601598754164,928.7935367047724,928.793536704773,-0.5,-0.5,-0.5,-0.5
1,1655,34,after_integrate,1.6549999999999285,1.6539999999999286,0.001,0,0,0.5,0.0,0.0,,5.6419247720165115,1.0426166739671687e-16,5.756966695847663e-15,7.625609930351567e-15,0.0,0.0,25.540189409153246,5.6419247720165115,-2.2741046385069407e-15,614.598885575167,614.598885575167,612.6575397348655,612.6575397348652,-0.13250437839260312,0.13250437839259047,0.45556082340189863,-3.277132823734785e-17,916.7000538604608,916.7000538604608,928.35037102899,928.3503710289907,-0.5,-0.5,-0.5,-0.5
1,1656,34,after_integrate,1.6559999999999284,1.6549999999999285,0.001,0,0,0.5,0.0,0.0,,5.64901926610487,1.0438485440744294e-16,5.764569983537116e-15,7.441404559154971e-15,0.0,0.0,25.55627250795913,5.64901926610487,-2.2778596482670205e-15,614.7936078024418,614.7936078024419,612.8661569373462,612.8661569373459,-0.13247547232416285,0.13247547232416282,0.4555601283380026,-1.2014475638720402e-17,916.3398025200065,916.3398025200063,927.9068929627989,927.9068929627994,-0.5,-0.5,-0.5,-0.5
1,1657,34,after_integrate,1.6569999999999283,1.6559999999999284,0.001,0,0,0.5,0.0,0.0,,5.656118220044551,1.0451206712505353e-16,5.7719977092427175e-15,7.479922496889455e-15,0.0,0.0,25.572355582584724,5.65611822004455,-2.281097238912841e-15,614.9871944894892,614.9871944894893,613.0736655544032,613.0736655544027,-0.13244646071351682,0.1324464607135168,0.45555944412039817,-1.5135182765506517e-17,915.9794043653424,915.9794043653421,927.4631031911813,927.463103191182,-0.5,-0.5,-0.5,-0.5
1,1658,34,after_integrate,1.6579999999999282,1.6569999999999283,0.001,0,0,0.5,0.0,0.0,,5.663221633862174,1.0464659356697088e-16,5.779461602597377e-15,7.46235065868954e-15,0.0,0.0,25.588438633411705,5.663221633862174,-2.2851925576206167e-15,615.1796449618768,615.179644961877,613.2800645508535,613.2800645508531,-0.13241734402858588,0.13241734402858585,0.45555877066645906,-1.2094937220026058e-17,915.6188580035441,915.6188580035439,927.019002487162,927.0190024871627,-0.5,-0.5,-0.5,-0.5
1,1659,34,after_integrate,1.658999999999928,1.6579999999999282,0.001,0,0,0.5,0.0,0.0,,5.670329507584432,1.04788791328723e-16,5.7869055867191685e-15,7.344029582463413e-15,0.0,0.0,25.60452166081877,5.670329507584431,-2.2892048832380832e-15,615.3709585445513,615.3709585445514,613.485352892398,613.4853528923976,-0.13238812273990297,0.13238812273991557,0.45555810788872464,3.250557041636819e-17,915.2581621371769,915.2581621371767,926.5745917108525,926.5745917108532,-0.5,-0.5,-0.5,-0.5
1,1660,34,after_integrate,1.659999999999928,1.658999999999928,0.001,0,0,0.5,0.0,0.0,,5.677441841238079,1.0493528752690503e-16,5.7941352641791855e-15,7.198136843400255e-15,0.0,0.0,25.620604665181403,5.677441841238079,-2.292635462362496e-15,615.5611345620663,615.5611345620664,613.6895295459582,613.6895295459577,-0.13235879732053074,0.13235879732051808,0.4555574556949633,-9.402279284845016e-18,914.8973155639952,914.897315563995,926.1298718084752,926.1298718084759,-0.5,-0.5,-0.5,-0.5
1,1661,34,after_integrate,1.6609999999999279,1.659999999999928,0.001,0,0,0.5,0.0,0.0,,5.684558634849931,1.0508934724580275e-16,5.801371140269016e-15,7.100312067141475e-15,0.0,0.0,25.636687646871746,5.68455863484993,-2.2934087285765034e-15,615.75017233881,615.7501723388102,613.892593480009,613.8925934800086,-0.13232936824591549,0.1323293682459281,0.45555681398823417,1.49609445882393e-17,914.5363171767453,914.5363171767451,925.6848438115481,925.6848438115488,-0.5,-0.5,-0.5,-0.5
1,1662,34,after_integrate,1.6619999999999278,1.6609999999999279,0.001,0,0,0.5,0.0,0.0,,5.691679888446858,1.0524562555061315e-16,5.808395747254832e-15,6.979054004080586e-15,0.0,0.0,25.652770606258432,5.691679888446858,-2.29923232566429e-15,615.9380711992312,615.9380711992314,614.0945436649108,614.0945436649104,-0.13229983599398099,0.13229983599396836,0.4555561826669593,-3.9253975099759426e-17,914.1751659627492,914.175165962749,925.2395088358093,925.2395088358099,-0.5,-0.5,-0.5,-0.5
1,1663,34,after_integrate,1.6629999999999276,1.6619999999999278,0.001,0,0,0.5,0.0,0.0,,5.6988056020557805,1.054067591478893e-16,5.815316739372542e-15,6.9563897112269464e-15,0.0,0.0,25.66885354370642,5.6988056020557805,-2.303374787921901e-15,616.1248304680659,616.1248304680661,614.2953790732346,614.2953790732341,-0.13227020104489418,0.13227020104489418,0.45555556162499616,1.3776538122393657e-17,913.8138610036141,913.8138610036139,924.7938680803477,924.7938680803484,-0.5,-0.5,-0.5,-0.5
1,1664,34,after_integrate,1.6639999999999275,1.6629999999999276,0.001,0,0,0.5,0.0,0.0,,5.705935775703664,1.0557812776953395e-16,5.822312020376058e-15,6.8492300523055875e-15,0.0,0.0,25.68493645957682,5.705935775703664,-2.304239838237076e-15,616.310449470561,616.3104494705611,614.4950986800862,614.4950986800858,-0.13224046388113309,0.13224046388112046,0.4555549507517201,-4.446357094855221e-17,913.4524014748613,913.4524014748611,924.3479228266144,924.3479228266151,-0.5,-0.5,-0.5,-0.5
1,1665,34,after_integrate,1.6649999999999274,1.6639999999999275,0.001,0,0,0.5,0.0,0.0,,5.713070409417512,1.0575192370938124e-16,5.8290781478562145e-15,6.841496719737202e-15,0.0,0.0,25.70101935422677,5.7130704094175115,-2.31049300567823e-15,616.4949275326992,616.4949275326993,614.6937014634262,614.6937014634258,-0.1322106249873154,0.13221062498731537,0.45555434993211613,1.3780336924297776e-17,913.0907866454553,913.0907866454551,923.9016744373762,923.9016744373769,-0.5,-0.5,-0.5,-0.5
1,1666,34,after_integrate,1.6659999999999273,1.6649999999999274,0.001,0,0,0.5,0.0,0.0,,5.720209503224365,1.05934444616333e-16,5.835902232725428e-15,6.742946974304205e-15,0.0,0.0,25.717102228009264,5.720209503224365,-2.3113653966723346e-15,616.678263981422,616.6782639814222,614.8911864043839,614.8911864043836,-0.1321806848501902,0.13218068485017756,0.4555537590468583,-8.99874230244147e-18,912.7290158774161,912.7290158774159,923.4551243557822,923.4551243557827,-0.5,-0.5,-0.5,-0.5
1,1667,34,after_integrate,1.6669999999999272,1.6659999999999273,0.001,0,0,0.5,0.0,0.0,,5.727353057151294,1.0612212617391758e-16,5.842569408736766e-15,6.554300952184907e-15,0.0,0.0,25.733185081272964,5.727353057151294,-2.3164649536844672e-15,616.8604581448515,616.8604581448516,615.0875524875704,615.0875524875701,-0.13215064395852974,0.13215064395852974,0.4555531779724127,9.98056904478567e-18,912.3670886253495,912.3670886253493,923.0082741043287,923.0082741043292,-0.5,-0.5,-0.5,-0.5
1,1668,34,after_integrate,1.667999999999927,1.6669999999999272,0.001,0,0,0.5,0.0,0.0,,5.734501071225396,1.0631571749300004e-16,5.849163013604522e-15,6.633734564460001e-15,0.0,0.0,25.749267914362132,5.734501071225396,-2.3178160376358345e-15,617.041509352512,617.0415093525121,615.2827987013849,615.2827987013845,-0.13212050280308357,0.13212050280308357,0.4555526065811322,-1.6585725876135944e-17,912.0050044359342,912.005004435934,922.5611252838498,922.5611252838503,-0.5,-0.5,-0.5,-0.5
1,1669,34,after_integrate,1.668999999999927,1.667999999999927,0.001,0,0,0.5,0.0,0.0,,5.741653545473789,1.0651692205599721e-16,5.8557182424490076e-15,6.381759326933875e-15,0.0,0.0,25.76535072761643,5.74165354547379,-2.3222174416761422e-15,617.2214169355499,617.22141693555,615.4769240383173,615.476924038317,-0.1320902618764941,0.13209026187648143,0.4555520447413466,-4.1235527074960256e-17,911.6427629474462,911.6427629474459,922.1136795725229,922.1136795725233,-0.5,-0.5,-0.5,-0.5
1,1670,34,after_integrate,1.6699999999999269,1.668999999999927,0.001,0,0,0.5,0.0,0.0,,5.748810479923609,1.0672167814181482e-16,5.8620336387322726e-15,6.308822096749983e-15,0.0,0.0,25.781433521370786,5.748810479923609,-2.3259030369366287e-15,617.4001802269539,617.4001802269541,615.6699274952477,615.6699274952475,-0.132059921673201,0.13205992167318836,0.4555514923174801,-4.345478803074388e-17,911.2803638891622,911.280363889162,921.6659387248,921.6659387248004,-0.5,-0.5,-0.5,-0.5
1,1671,34,after_integrate,1.6709999999999268,1.6699999999999269,0.001,0,0,0.5,0.0,0.0,,5.755971874602006,1.0693502419719808e-16,5.868325921416432e-15,6.286985488181547e-15,0.0,0.0,25.79751629595528,5.755971874602006,-2.330525517668974e-15,617.5777985617724,617.5777985617725,615.8618080737397,615.8618080737394,-0.13202948268940728,0.13202948268939466,0.4555509491701467,-1.7634617177304035e-17,910.9178070808497,910.9178070808495,921.2179045704323,921.2179045704328,-0.5,-0.5,-0.5,-0.5
1,1672,34,after_integrate,1.6719999999999267,1.6709999999999268,0.001,0,0,0.5,0.0,0.0,,5.763137729536137,1.071566154228958e-16,5.874593267339103e-15,6.209096888955044e-15,0.0,0.0,25.81359905169499,5.763137729536138,-2.3332054896852073e-15,617.7542712773305,617.7542712773306,616.0525647803297,616.0525647803295,-0.13199894542297042,0.1319989454229578,0.4555504151562495,-1.1446516037003371e-17,910.5550924321042,910.555092432104,920.769579013365,920.7695790133655,-0.5,-0.5,-0.5,-0.5
1,1673,34,after_integrate,1.6729999999999265,1.6719999999999267,0.001,0,0,0.5,0.0,0.0,,5.7703080447531665,1.0738666552564795e-16,5.8808271844486875e-15,6.23639543712637e-15,0.0,0.0,25.829681788909863,5.7703080447531665,-2.3371318738263768e-15,617.9295977134474,617.9295977134475,616.2421966268121,616.2421966268118,-0.13196831037334356,0.13196831037334356,0.45554989012910324,7.310399198920122e-18,910.192219941814,910.1922199418137,920.3209640307949,920.3209640307954,-0.5,-0.5,-0.5,-0.5
1,1674,34,after_integrate,1.6739999999999264,1.6729999999999265,0.001,0,0,0.5,0.0,0.0,,5.777482820280259,1.0762416911656936e-16,5.887025560563922e-15,6.153299145329131e-15,0.0,0.0,25.84576450791462,5.777482820280258,-2.3403994897826653e-15,618.1037772126498,618.10377721265,616.4307026305188,616.4307026305186,-0.13193757804150452,0.13193757804150452,0.45554937393852657,1.142287179514433e-17,909.8291896974482,909.829189697448,919.8720616720501,919.8720616720506,-0.5,-0.5,-0.5,-0.5
1,1675,34,after_integrate,1.6749999999999263,1.6739999999999264,0.001,0,0,0.5,0.0,0.0,,5.784662056144577,1.0786737883863405e-16,5.8932052880371376e-15,6.1783528444411735e-15,0.0,0.0,25.8618472090186,5.784662056144576,-2.3419653650066873e-15,618.2768091203875,618.2768091203876,616.6180818145954,616.6180818145951,-0.13190674892987153,0.13190674892987153,0.45554886643096243,1.6841045876452855e-17,909.4660018744731,909.4660018744729,919.4228740576361,919.4228740576366,-0.5,-0.5,-0.5,-0.5
1,1676,34,after_integrate,1.6759999999999262,1.6749999999999263,0.001,0,0,0.5,0.0,0.0,,5.791845752373277,1.0812177778962045e-16,5.899446804288977e-15,6.265475034527523e-15,0.0,0.0,25.87792989252565,5.791845752373277,-2.3436181827480036e-15,618.4486927852445,618.4486927852446,616.8043332082705,616.8043332082702,-0.1318758235422068,0.13187582354221947,0.45554836744958754,1.229449908257508e-17,909.1026567355586,909.1026567355584,918.9734033780828,918.9734033780833,-0.5,-0.5,-0.5,-0.5
1,1677,34,after_integrate,1.676999999999926,1.6759999999999262,0.001,0,0,0.5,0.0,0.0,,5.799033908993507,1.0838267319622393e-16,5.905727171653961e-15,6.28636591899161e-15,0.0,0.0,25.89401255873403,5.799033908993507,-2.3470473208135103e-15,618.6194275591514,618.6194275591515,616.9894558471224,616.989455847122,-0.13184480238363414,0.13184480238363414,0.45554787683441444,-1.61275658656077e-17,908.7391546299773,908.7391546299771,918.5236518930226,918.523651893023,-0.5,-0.5,-0.5,-0.5
1,1678,34,after_integrate,1.677999999999926,1.676999999999926,0.001,0,0,0.5,0.0,0.0,,5.8062265260323995,1.0864997805255358e-16,5.911972047075688e-15,6.175963434007142e-15,0.0,0.0,25.91009520793628,5.8062265260323995,-2.3485900595295503e-15,618.7890127975953,618.7890127975954,617.173448773339,617.1734487733387,-0.13181368596040285,0.13181368596041548,0.45554739442241227,1.0301278713356933e-17,908.375495992827,908.3754959928268,918.0736219300917,918.0736219300921,-0.5,-0.5,-0.5,-0.5
1,1679,34,after_integrate,1.6789999999999259,1.677999999999926,0.001,0,0,0.5,0.0,0.0,,5.813423603517073,1.0892634320520929e-16,5.918234221687358e-15,6.28530356025473e-15,0.0,0.0,25.926177840419147,5.813423603517074,-2.3530289533070466e-15,618.9574478598283,618.9574478598286,617.3563110359747,617.3563110359745,-0.1317824747800071,0.1317824747800071,0.4555469200476075,1.8235126681467676e-17,908.0116813443055,908.0116813443053,917.6233158839149,917.6233158839153,-0.5,-0.5,-0.5,-0.5
1,1680,34,after_integrate,1.6799999999999258,1.6789999999999259,0.001,0,0,0.5,0.0,0.0,,5.8206251414746255,1.0920760054993968e-16,5.924517862411321e-15,6.391855429027151e-15,0.0,0.0,25.942260456463437,5.820625141474625,-2.35638403588769e-15,619.1247321090763,619.1247321090765,617.5380416912006,617.5380416912003,-0.13175116935092443,0.1317511693509371,0.45554645354121304,4.202418917160367e-17,907.6477112889258,907.6477112889256,917.1727362150635,917.172736215064,-0.5,-0.5,-0.5,-0.5
1,1681,34,after_integrate,1.6809999999999257,1.6799999999999258,0.001,0,0,0.5,0.0,0.0,,5.827831139932132,1.0949529336470574e-16,5.930926224993327e-15,6.3389989183092684e-15,0.0,0.0,25.958343056343956,5.827831139932132,-2.35640432810839e-15,619.2908649127436,619.2908649127437,617.7186398025505,617.7186398025502,-0.13171977018272252,0.1317197701827099,0.45554599473172297,-3.288617657990627e-17,907.2835865147559,907.2835865147557,916.7218854490351,916.7218854490355,-0.5,-0.5,-0.5,-0.5
1,1682,34,after_integrate,1.6819999999999256,1.6809999999999257,0.001,0,0,0.5,0.0,0.0,,5.835041598916644,1.0978795671890195e-16,5.937322954562022e-15,6.473774058270335e-15,0.0,0.0,25.974425640329397,5.835041598916644,-2.3587715912724626e-15,619.4558456426187,619.4558456426188,617.8981044411626,617.8981044411622,-0.1316882777858232,0.13168827778581063,0.45554554344503906,-3.527100667556025e-17,906.9193077925892,906.9193077925889,916.2707661752135,916.2707661752139,-0.5,-0.5,-0.5,-0.5
1,1683,34,after_integrate,1.6829999999999254,1.6819999999999256,0.001,0,0,0.5,0.0,0.0,,5.842256518455182,1.1008630148844381e-16,5.943849389944817e-15,6.5091963468774945e-15,0.0,0.0,25.99050820868227,5.842256518455182,-2.3641594576097663e-15,619.6196736750777,619.6196736750777,618.076434686015,618.0764346860147,-0.1316566926715717,0.1316566926715717,0.4555450995045651,-1.0069308682930617e-17,906.5548759751537,906.5548759751537,915.8193810458574,915.8193810458579,-0.5,-0.5,-0.5,-0.5
1,1684,34,after_integrate,1.6839999999999253,1.6829999999999254,0.001,0,0,0.5,0.0,0.0,,5.849475898574736,1.1038788692442319e-16,5.950411637034171e-15,6.650069700524253e-15,0.0,0.0,26.006590761658792,5.849475898574736,-2.3678961688625915e-15,619.7823483912856,619.7823483912856,618.253629624158,618.2536296241576,-0.13162501535206433,0.13162501535207694,0.4555446627313337,8.928872256880568e-18,906.1902919962913,906.1902919962913,915.3677327751082,915.3677327751086,-0.5,-0.5,-0.5,-0.5
1,1685,34,after_integrate,1.6849999999999252,1.6839999999999253,0.001,0,0,0.5,0.0,0.0,,5.856699739302264,1.1069358132400795e-16,5.9570189793408895e-15,6.525967023974531e-15,0.0,0.0,26.022673299508817,5.856699739302264,-2.3714175123421003e-15,619.9438691773969,619.9438691773969,618.4296883509393,618.4296883509389,-0.13159324634017885,0.13159324634017885,0.4555442329441168,-1.3186384699681284e-17,905.8255568700404,905.8255568700404,914.915824137903,914.9158241379034,-0.5,-0.5,-0.5,-0.5
1,1686,34,after_integrate,1.6859999999999251,1.6849999999999252,0.001,0,0,0.5,0.0,0.0,,5.863928040664683,1.1100052947207334e-16,5.9635682048655745e-15,6.600681742651835e-15,0.0,0.0,26.03875582247576,5.863928040664683,-2.374418039930617e-15,620.1042354247547,620.1042354247547,618.6046099702259,618.6046099702255,-0.13156138614939109,0.13156138614937846,0.45554380995952376,-2.823464868151545e-17,905.4606716898544,905.4606716898544,914.4636579690504,914.4636579690508,-0.5,-0.5,-0.5,-0.5
1,1687,34,after_integrate,1.686999999999925,1.6859999999999251,0.001,0,0,0.5,0.0,0.0,,5.871160802688874,1.1131306354480201e-16,5.9702773714207765e-15,6.697758972357213e-15,0.0,0.0,26.054838330796525,5.871160802688874,-2.375484409465467e-15,620.2634465300873,620.2634465300872,618.778393594621,618.7783935946208,-0.13152943529377986,0.1315294352937799,0.4555433935921304,1.2700227859813185e-17,905.0956376276681,905.0956376276683,914.0112371621733,914.0112371621738,-0.5,-0.5,-0.5,-0.5
1,1688,34,after_integrate,1.687999999999925,1.686999999999925,0.001,0,0,0.5,0.0,0.0,,5.878398025401678,1.1162780366507792e-16,5.9769627570504336e-15,6.704340539735014e-15,0.0,0.0,26.070920824701417,5.878398025401677,-2.3817714071157425e-15,620.4215018957041,620.421501895704,618.9510383456751,618.9510383456748,-0.13149739428799515,0.13149739428800775,0.45554298365457757,1.551664126682178e-17,904.7304559330364,904.7304559330366,913.5585646687459,913.5585646687464,-0.5,-0.5,-0.5,-0.5
1,1689,34,after_integrate,1.6889999999999248,1.687999999999925,0.001,0,0,0.5,0.0,0.0,,5.885639708829889,1.1194382875915845e-16,5.98368311172532e-15,6.726984533048273e-15,0.0,0.0,26.0870033044141,5.885639708829889,-2.3839402666216852e-15,620.5784009296896,620.5784009296893,619.122543354093,619.1225433540927,-0.13146526364714983,0.1314652636471372,0.45554257995768016,-3.902695223822002e-17,904.3651279322083,904.3651279322086,913.1056434970798,913.1056434970802,-0.5,-0.5,-0.5,-0.5
1,1690,34,after_integrate,1.6899999999999247,1.6889999999999248,0.001,0,0,0.5,0.0,0.0,,5.892885853000256,1.1226138419661232e-16,5.9904168270459405e-15,6.718647744014807e-15,0.0,0.0,26.103085770151534,5.892885853000256,-2.386766897975774e-15,620.734143046095,620.7341430460949,619.292907759936,619.2929077599358,-0.13143304388668703,0.13143304388668703,0.4555421823105494,-1.3364070438786533e-17,903.9996550272086,903.9996550272089,912.6524767113372,912.6524767113376,-0.5,-0.5,-0.5,-0.5
1,1691,34,after_integrate,1.6909999999999246,1.6899999999999247,0.001,0,0,0.5,0.0,0.0,,5.90013645793948,1.1257963803279445e-16,5.99714854423695e-15,6.725934051918006e-15,0.0,0.0,26.119168222123882,5.900136457939479,-2.391058966897432e-15,620.8887276651295,620.8887276651294,619.4621307128192,619.4621307128189,-0.13140073552249995,0.13140073552249995,0.4555417905206824,-1.3676666776867836e-17,903.634038694956,903.6340386949562,912.1990674306012,912.1990674306016,-0.5,-0.5,-0.5,-0.5
1,1692,34,after_integrate,1.6919999999999245,1.6909999999999246,0.001,0,0,0.5,0.0,0.0,,5.907391523674211,1.1289893091638514e-16,6.0038875952304715e-15,6.733751885198074e-15,0.0,0.0,26.1352506605345,5.907391523674211,-2.3944178348991934e-15,621.042154213348,621.0421542133478,619.6302113721034,619.6302113721032,-0.13136833907069786,0.13136833907069786,0.4555414043940907,1.367078709666097e-17,903.2682804862263,903.2682804862266,911.745418827814,911.7454188278144,-0.5,-0.5,-0.5,-0.5
1,1693,34,after_integrate,1.6929999999999243,1.6919999999999245,0.001,0,0,0.5,0.0,0.0,,5.914651050231049,1.1321889439843395e-16,6.010624753708239e-15,6.7387744911923045e-15,0.0,0.0,26.15133308557986,5.914651050231049,-2.3968253042732603e-15,621.194422123838,621.1944221238379,619.7971489070835,619.7971489070833,-0.13133585504766349,0.13133585504766349,0.4555410237353939,-1.1088506814959884e-17,902.9023820248323,902.9023820248325,911.2915341289353,911.2915341289357,-0.5,-0.5,-0.5,-0.5
1,1694,34,after_integrate,1.6939999999999242,1.6929999999999243,0.001,0,0,0.5,0.0,0.0,,5.921915037636538,1.1354079730548186e-16,6.0173812499401986e-15,6.7324506587466135e-15,0.0,0.0,26.16741549744951,5.921915037636538,-2.400387964023352e-15,621.3455308364053,621.345530836405,619.962942497171,619.9629424971707,-0.13130328396990765,0.13130328396990765,0.45554064834793045,1.6153357518052753e-17,902.5363450065655,902.5363450065657,910.8374166118948,910.8374166118953,-0.5,-0.5,-0.5,-0.5
1,1695,34,after_integrate,1.6949999999999241,1.6939999999999242,0.001,0,0,0.5,0.0,0.0,,5.929183485917166,1.1386251490958309e-16,6.024117312667961e-15,6.779092232063943e-15,0.0,0.0,26.18349789632603,5.929183485917167,-2.402801786466452e-15,621.495479797756,621.4954797977558,620.1275913320726,620.1275913320723,-0.13127062635411413,0.13127062635411413,0.4555402780338737,1.499298280733389e-17,902.1701711982516,902.1701711982519,910.3830696056656,910.383069605666,-0.5,-0.5,-0.5,-0.5
1,1696,34,after_integrate,1.695999999999924,1.6949999999999241,0.001,0,0,0.5,0.0,0.0,,5.936456395099365,1.1418716874544221e-16,6.030904827021161e-15,6.772313002593921e-15,0.0,0.0,26.199580282384996,5.936456395099365,-2.405880988060714e-15,621.6442684616783,621.6442684616782,620.2910946119644,620.291094611964,-0.13123788271700784,0.13123788271699527,0.45553991259431414,-4.230076597727409e-17,901.8038624367916,901.8038624367919,909.928496489334,909.9284964893344,-0.5,-0.5,-0.5,-0.5
1,1697,34,after_integrate,1.696999999999924,1.695999999999924,0.001,0,0,0.5,0.0,0.0,,5.943733765209507,1.145123850969583e-16,6.037686483731659e-15,6.729556252118035e-15,0.0,0.0,26.215662655794947,5.943733765209507,-2.409673700011444e-15,621.7918962892209,621.7918962892207,620.4534515476604,620.45345154766,-0.1312050535753113,0.13120505357531131,0.4555395518293958,1.6146214104329878e-17,901.4374206282233,901.4374206282235,909.4737006912262,909.4737006912267,-0.5,-0.5,-0.5,-0.5
1,1698,34,after_integrate,1.6979999999999238,1.696999999999924,0.001,0,0,0.5,0.0,0.0,,5.951015596273904,1.148396750128062e-16,6.044474814300833e-15,6.8062908369171965e-15,0.0,0.0,26.23174501671733,5.951015596273904,-2.4116789381539696e-15,621.9383627488712,621.9383627488711,620.6146613607782,620.614661360778,-0.13117213944577705,0.13117213944577705,0.45553919553839256,1.1915180885747059e-17,901.0708477466103,901.0708477466105,909.0186856878522,909.0186856878527,-0.5,-0.5,-0.5,-0.5
1,1699,34,after_integrate,1.6989999999999237,1.6979999999999238,0.001,0,0,0.5,0.0,0.0,,5.958301888318803,1.151683892308631e-16,6.051280169578865e-15,6.811413320545124e-15,0.0,0.0,26.247827365306506,5.958301888318803,-2.41608657373008e-15,622.0836673167291,622.0836673167289,620.7747232838987,620.7747232838983,-0.13113914084503117,0.13113914084501857,0.4555388435198299,-1.6661626035785246e-17,900.7041458331701,900.7041458331703,908.5634550031233,908.5634550031237,-0.5,-0.5,-0.5,-0.5
1,1700,34,after_integrate,1.6999999999999236,1.6989999999999237,0.001,0,0,0.5,0.0,0.0,,5.9655926413703915,1.1549702354233816e-16,6.058092149835866e-15,6.855140212513578e-15,0.0,0.0,26.26390970170971,5.9655926413703915,-2.4194787409137067e-15,622.2278094766805,622.2278094766804,620.9336365607215,620.9336365607213,-0.13110605828956862,0.13110605828958122,0.4555384955715765,1.3985927923084503e-17,900.3373169952142,900.3373169952145,908.1080122073809,908.1080122073813,-0.5,-0.5,-0.5,-0.5
1,1701,35,after_integrate,1.7009999999999235,1.6999999999999236,0.001,0,0,0.5,0.0,0.0,,5.97288785545479,1.158282266955109e-16,6.065018596484071e-15,6.9392749219565095e-15,0.0,0.0,26.279992026067,5.97288785545479,-2.420942274169301e-15,622.3707887205686,622.3707887205683,621.0914004462181,621.0914004462179,-0.1310728922957727,0.1310728922957727,0.455538151490951,1.4838018461701834e-17,899.97036340514,899.9703634051405,907.652360916505,907.6523609165055,-0.5,-0.5,-0.5,-0.5
1,1702,35,after_integrate,1.7019999999999234,1.7009999999999235,0.001,0,0,0.5,0.0,0.0,,5.980187530598051,1.161598097967428e-16,6.071952622438015e-15,6.980275726451621e-15,0.0,0.0,26.2960743385113,5.980187530598052,-2.4257295626717218e-15,622.5126045483617,622.5126045483614,621.2480142067774,621.248014206777,-0.13103964337976015,0.13103964337974755,0.4555378110748215,-3.596099566169949e-17,899.6032872994522,899.6032872994526,907.1965047910495,907.19650479105,-0.5,-0.5,-0.5,-0.5
1,1703,35,after_integrate,1.7029999999999232,1.7019999999999234,0.001,0,0,0.5,0.0,0.0,,5.987491666826163,1.1649288599921083e-16,6.0789855849712e-15,6.939223229731925e-15,0.0,0.0,26.312156639168347,5.987491666826163,-2.427499135873258e-15,622.6532564683204,622.6532564683201,621.4034771203494,621.4034771203492,-0.1310063120574266,0.131006312057414,0.4555374741197086,-1.4545018450065486e-17,899.2360909777357,899.2360909777361,906.7404475353527,906.7404475353532,-0.5,-0.5,-0.5,-0.5
1,1704,35,after_integrate,1.7039999999999231,1.7029999999999232,0.001,0,0,0.5,0.0,0.0,,5.994800264165045,1.1682420046114149e-16,6.085918330135095e-15,6.9421330027007064e-15,0.0,0.0,26.32823892815668,5.994800264165045,-2.4325496188141966e-15,622.7927439971625,622.7927439971621,621.5577884765844,621.5577884765842,-0.13097289884435379,0.13097289884435379,0.45553714042187793,1.719668371504892e-17,898.8687768016279,898.8687768016283,906.2841928966623,906.2841928966627,-0.5,-0.5,-0.5,-0.5
1,1705,35,after_integrate,1.704999999999923,1.7039999999999231,0.001,0,0,0.5,0.0,0.0,,6.002113322640545,1.1715685314375747e-16,6.0929213852628194e-15,7.16070521505703e-15,0.0,0.0,26.344321205587633,6.002113322640545,-2.4360452444809625e-15,622.9310666602237,622.9310666602235,621.710947576967,621.7109475769666,-0.13093940425583117,0.13093940425583123,0.4555368097774388,1.1260279292879311e-17,898.5013471938145,898.5013471938149,905.8277446642783,905.8277446642787,-0.5,-0.5,-0.5,-0.5
1,1706,35,after_integrate,1.705999999999923,1.704999999999923,0.001,0,0,0.5,0.0,0.0,,6.009430842278443,1.1749080467324572e-16,6.100081074225508e-15,6.994459278127513e-15,0.0,0.0,26.36040347156536,6.0094308422784435,-2.4372829650998247e-15,623.0682239916187,623.0682239916184,621.862953734947,621.8629537349469,-0.13090582880676338,0.13090582880676338,0.455536481982448,-2.639017175477719e-18,898.1338046370298,898.1338046370303,905.3711066687295,905.3711066687297,-0.5,-0.5,-0.5,-0.5
1,1707,35,after_integrate,1.7069999999999228,1.705999999999923,0.001,0,0,0.5,0.0,0.0,,6.016752823104444,1.1782350711206643e-16,6.107188277643086e-15,7.17565216680655e-15,0.0,0.0,26.376485726186793,6.016752823104444,-2.441832117186022e-15,623.2042155343986,623.2042155343983,622.0138062760666,622.0138062760662,-0.1308721730116666,0.130872173011654,0.4555361568329987,-9.568806349785054e-18,897.766151672972,897.7661516729725,904.9142827808677,904.9142827808681,-0.5,-0.5,-0.5,-0.5
1,1708,35,after_integrate,1.7079999999999227,1.7069999999999228,0.001,0,0,0.5,0.0,0.0,,6.024079265144184,1.1815466997347027e-16,6.11444441845514e-15,7.33050205392023e-15,0.0,0.0,26.39256796954168,6.024079265144184,-2.444710855452736e-15,623.3390408407059,623.3390408407056,622.1635045380816,622.1635045380814,-0.13083843738458933,0.13083843738460194,0.4555358341253156,2.1761948638991914e-17,897.3983909013523,897.3983909013527,904.4572769111078,904.4572769111082,-0.5,-0.5,-0.5,-0.5
1,1709,35,after_integrate,1.7089999999999226,1.7079999999999227,0.001,0,0,0.5,0.0,0.0,,6.031410168423226,1.1848561164469438e-16,6.121825377054873e-15,7.41205102672503e-15,0.0,0.0,26.408650201712568,6.031410168423226,-2.4494316326373085e-15,623.4726994719282,623.472699471928,622.3120478710817,622.3120478710814,-0.13080462243920998,0.13080462243919735,0.4555355136558493,-3.5823925635748955e-17,897.0305249788531,897.0305249788536,904.0000930085824,904.0000930085829,-0.5,-0.5,-0.5,-0.5
1,1710,35,after_integrate,1.7099999999999225,1.7089999999999226,0.001,0,0,0.5,0.0,0.0,,6.038745532967055,1.188135423451197e-16,6.1292281920873874e-15,7.407931532566416e-15,0.0,0.0,26.42473242277483,6.038745532967055,-2.4525060928249172e-15,623.605190998848,623.6051909988478,622.4594356376045,622.4594356376042,-0.13077072868859355,0.13077072868860615,0.45553519522136615,8.750388403300874e-18,896.6625566180633,896.6625566180637,903.5427350602843,903.5427350602847,-0.5,-0.5,-0.5,-0.5
1,1711,35,after_integrate,1.7109999999999224,1.7099999999999225,0.001,0,0,0.5,0.0,0.0,,6.0460853588010846,1.1913984463325773e-16,6.136649871149017e-15,7.42120289992711e-15,0.0,0.0,26.440814632796656,6.0460853588010846,-2.4562542166556917e-15,623.736515001792,623.7365150017916,622.605667212747,622.6056672127468,-0.13073675664540377,0.13073675664540377,0.45553487861904585,-9.727260568689928e-18,896.2944885865219,896.2944885865223,903.0852070903336,903.085207090334,-0.5,-0.5,-0.5,-0.5
1,1712,35,after_integrate,1.7119999999999223,1.7109999999999224,0.001,0,0,0.5,0.0,0.0,,6.053429645950653,1.1946435444633273e-16,6.144130400576131e-15,7.496490889449932e-15,0.0,0.0,26.456896831839085,6.053429645950654,-2.4586405941464276e-15,623.8666710707761,623.8666710707759,622.750741984273,622.7507419842727,-0.13070270682168514,0.13070270682168514,0.45553456364656053,-1.1078374205495107e-17,895.9263237056625,895.926323705663,902.6275131591414,902.6275131591418,-0.5,-0.5,-0.5,-0.5
1,1713,35,after_integrate,1.7129999999999221,1.7119999999999223,0.001,0,0,0.5,0.0,0.0,,6.060778394441023,1.1978618674914433e-16,6.151578482984498e-15,7.473750552589321e-15,0.0,0.0,26.47297901995604,6.060778394441023,-2.466343062525903e-15,623.9956588056501,623.9956588056499,622.8946593527163,622.8946593527161,-0.13066857972893617,0.13066857972893617,0.4555342501021739,-1.692941214042806e-17,895.5580648497883,895.5580648497887,902.1696573626231,902.1696573626235,-0.5,-0.5,-0.5,-0.5
1,1714,35,after_integrate,1.713999999999922,1.7129999999999221,0.001,0,0,0.5,0.0,0.0,,6.0681316042973785,1.2010550939412967e-16,6.159071397167713e-15,7.359126926455617e-15,0.0,0.0,26.489061197194317,6.0681316042973785,-2.466846257655633e-15,624.1234778162383,624.1234778162379,623.037418731482,623.0374187314818,-0.1306343758780689,0.13063437587805626,0.45553393778481693,-3.748615086817492e-17,895.1897149450944,895.1897149450948,901.7116438314546,901.711643831455,-0.5,-0.5,-0.5,-0.5
1,1715,35,after_integrate,1.714999999999922,1.713999999999922,0.001,0,0,0.5,0.0,0.0,,6.075489275544828,1.2041942159102718e-16,6.166387207669093e-15,7.348149297195096e-15,0.0,0.0,26.50514336359362,6.075489275544828,-2.472359163804858e-15,624.2501277224776,624.2501277224774,623.1790195469428,623.1790195469424,-0.1306000957793559,0.1306000957793433,0.4555336264941843,-1.5009605225689154e-17,894.8212769686127,894.8212769686131,901.2534767302675,901.253476730268,-0.5,-0.5,-0.5,-0.5
1,1716,35,after_integrate,1.7159999999999218,1.714999999999922,0.001,0,0,0.5,0.0,0.0,,6.082851408208404,1.20732929560097e-16,6.173748831454381e-15,7.324102155732086e-15,0.0,0.0,26.521225519186608,6.082851408208404,-2.475898197539897e-15,624.3756081545556,624.3756081545554,623.3194612385314,623.3194612385311,-0.13056573994244117,0.13056573994245377,0.4555333160308078,1.624915418532402e-17,894.4527539472364,894.4527539472368,900.7951602569282,900.7951602569286,-0.5,-0.5,-0.5,-0.5
1,1717,35,after_integrate,1.7169999999999217,1.7159999999999218,0.001,0,0,0.5,0.0,0.0,,6.090218002313058,1.2104694239158914e-16,6.18114133053066e-15,7.403762446731798e-15,0.0,0.0,26.537307663998906,6.090218002313058,-2.4767588235067418e-15,624.4999187530427,624.4999187530424,623.4587432588315,623.4587432588312,-0.13053130887636255,0.13053130887637518,0.4555330061961487,4.3927089304762635e-17,894.0841489566975,894.084148956698,900.3366986417694,900.3366986417699,-0.5,-0.5,-0.5,-0.5
1,1718,35,after_integrate,1.7179999999999216,1.7169999999999217,0.001,0,0,0.5,0.0,0.0,,6.097589057883667,1.2136068003609543e-16,6.188542783706897e-15,7.504578953757138e-15,0.0,0.0,26.55338979804914,6.097589057883667,-2.4810873226864208e-15,624.6230591690245,624.6230591690243,623.5968650736637,623.5968650736634,-0.13049680308942402,0.13049680308942402,0.455532696792669,-1.0274973046604009e-17,893.715465120558,893.7154651205584,899.878096146851,899.8780961468515,-0.5,-0.5,-0.5,-0.5
1,1719,35,after_integrate,1.7189999999999215,1.7179999999999216,0.001,0,0,0.5,0.0,0.0,,6.104964574945026,1.2167524468908675e-16,6.196059346885063e-15,7.400949066867406e-15,0.0,0.0,26.569471921349002,6.1049645749450265,-2.4832563921844015e-15,624.745029064231,624.7450290642307,623.7338261621685,623.7338261621683,-0.13046222308924424,0.13046222308924424,0.4555323876239171,-9.824171372991522e-18,893.3467056092483,893.3467056092487,899.4193570652675,899.419357065268,-0.5,-0.5,-0.5,-0.5
1,1720,35,after_integrate,1.7199999999999214,1.7189999999999215,0.001,0,0,0.5,0.0,0.0,,6.112344553521853,1.2198724152354328e-16,6.203477566154801e-15,7.421550019925565e-15,0.0,0.0,26.585554033903236,6.112344553521853,-2.4889963783804306e-15,624.8658281111624,624.865828111162,623.8696260168871,623.8696260168867,-0.13042756938275496,0.13042756938275496,0.45553207849460586,-1.7310534964809017e-17,892.9778736390208,892.9778736390213,898.9604857203711,898.9604857203716,-0.5,-0.5,-0.5,-0.5
1,1721,35,after_integrate,1.7209999999999213,1.7199999999999214,0.001,0,0,0.5,0.0,0.0,,6.119728993638787,1.2229831461082185e-16,6.210914307543822e-15,7.436443189679731e-15,0.0,0.0,26.60163613570975,6.119728993638787,-2.4928049664191956e-15,624.9854559932137,624.9854559932133,624.0042641438374,624.0042641438372,-0.13039284247617416,0.13039284247617416,0.4555317692106861,-9.413627401325927e-18,892.608972471021,892.6089724710215,898.5014864651229,898.5014864651233,-0.5,-0.5,-0.5,-0.5
1,1722,35,after_integrate,1.7219999999999211,1.7209999999999213,0.001,0,0,0.5,0.0,0.0,,6.127117895320386,1.2261050536528046e-16,6.218413011075241e-15,7.509093046774862e-15,0.0,0.0,26.617718226759575,6.127117895320387,-2.496072939016523e-15,625.1039124047963,625.1039124047961,624.1377400625887,624.1377400625885,-0.13035804287495423,0.13035804287495426,0.45553145957942026,-1.2666339823416071e-17,892.2400054102677,892.2400054102682,898.0423636813588,898.0423636813592,-0.5,-0.5,-0.5,-0.5
1,1723,35,after_integrate,1.722999999999921,1.7219999999999211,0.001,0,0,0.5,0.0,0.0,,6.134511258591133,1.2292188463349704e-16,6.2259246332549805e-15,7.53286917116792e-15,0.0,0.0,26.633800307037014,6.134511258591134,-2.50138268165537e-15,625.2211970514572,625.221197051457,624.2700533063315,624.2700533063313,-0.1303231710838308,0.13032317108384342,0.4555311494094552,1.4197363029858012e-17,891.8709758046734,891.8709758046739,897.5831217790908,897.5831217790912,-0.5,-0.5,-0.5,-0.5
1,1724,35,after_integrate,1.723999999999921,1.722999999999921,0.001,0,0,0.5,0.0,0.0,,6.141909083475426,1.2323336035324774e-16,6.233473419929749e-15,7.468137020500874e-15,0.0,0.0,26.6498823765196,6.141909083475426,-2.5038362740508543e-15,625.3373096499952,625.3373096499948,624.4012034219461,624.4012034219459,-0.13028822760678432,0.13028822760679695,0.4555308385109054,4.3717819290415286e-17,891.5018870441216,891.5018870441221,897.1237651958716,897.123765195872,-0.5,-0.5,-0.5,-0.5
1,1725,35,after_integrate,1.7249999999999208,1.723999999999921,0.001,0,0,0.5,0.0,0.0,,6.149311369997585,1.2354385339724485e-16,6.240999261760657e-15,7.669151784610264e-15,0.0,0.0,26.6659644351782,6.1493113699975845,-2.50536244157355e-15,625.4522499285753,625.452249928575,624.5311899700671,624.5311899700669,-0.13025321294700065,0.13025321294700065,0.455530526695397,-1.048593049301341e-17,891.1327425594399,891.1327425594403,896.6642983960661,896.6642983960666,-0.5,-0.5,-0.5,-0.5
1,1726,35,after_integrate,1.7259999999999207,1.7249999999999208,0.001,0,0,0.5,0.0,0.0,,6.156718118181854,1.2385578260599152e-16,6.2486718971429054e-15,7.599810532718924e-15,0.0,0.0,26.682046482977068,6.156718118181854,-2.508158591596081e-15,625.5660176268414,625.5660176268411,624.6600125251456,624.6600125251454,-0.13021812760690826,0.13021812760692086,0.4555302137761567,1.6306341262901487e-17,890.7635458215061,890.7635458215066,896.2047258702436,896.204725870244,-0.5,-0.5,-0.5,-0.5
1,1727,35,after_integrate,1.7269999999999206,1.7259999999999207,0.001,0,0,0.5,0.0,0.0,,6.164129328052392,1.2416634735016294e-16,6.25629031765038e-15,7.629595460465043e-15,0.0,0.0,26.698128519873872,6.164129328052393,-2.511190584239889e-15,625.6786124960237,625.6786124960234,624.7876706755086,624.7876706755084,-0.13018297208815194,0.13018297208816457,0.45552989956807266,3.909914634455605e-17,890.3943003402277,890.3943003402281,895.7450521344524,895.7450521344529,-0.5,-0.5,-0.5,-0.5
1,1728,35,after_integrate,1.7279999999999205,1.7269999999999206,0.001,0,0,0.5,0.0,0.0,,6.17154499963328,1.2447526541184127e-16,6.263882944899681e-15,7.542590991812857e-15,0.0,0.0,26.714210545819803,6.17154499963328,-2.5156705803433947e-15,625.7900342990473,625.7900342990471,624.9141640234153,624.9141640234151,-0.13014774689159214,0.13014774689159214,0.455529583887751,-1.1180109113248454e-17,890.0250096636917,890.0250096636921,895.2852817296742,895.2852817296747,-0.5,-0.5,-0.5,-0.5
1,1729,35,after_integrate,1.7289999999999204,1.7279999999999205,0.001,0,0,0.5,0.0,0.0,,6.17896513294852,1.2478224815288472e-16,6.271448358230067e-15,7.56173704464886e-15,0.0,0.0,26.730292560759572,6.17896513294852,-2.517827134855125e-15,625.9002828106356,625.9002828106353,625.0394921851115,625.0394921851113,-0.13011245251726655,0.13011245251726655,0.45552926655359033,-3.0604219069572547e-19,889.6556773771614,889.6556773771619,894.8254192211095,894.82541922111,-0.5,-0.5,-0.5,-0.5
1,1730,35,after_integrate,1.7299999999999203,1.7289999999999204,0.001,0,0,0.5,0.0,0.0,,6.186389728022033,1.2509073133293087e-16,6.279125716590531e-15,7.723479682890196e-15,0.0,0.0,26.746374564631548,6.186389728022033,-2.521542556214117e-15,626.0093578174124,626.0093578174121,625.1636547908803,625.16365479088,-0.1300770894644272,0.13007708946442723,0.4555289473858223,1.764739344560028e-17,889.2863071021568,889.2863071021573,894.3654691975665,894.365469197567,-0.5,-0.5,-0.5,-0.5
1,1731,35,after_integrate,1.7309999999999202,1.7299999999999203,0.001,0,0,0.5,0.0,0.0,,6.193818784877662,1.2539797789092956e-16,6.286834667168474e-15,7.758792868299083e-15,0.0,0.0,26.762456557367752,6.193818784877663,-2.5256056656227623e-15,626.1172591180015,626.1172591180011,625.2866514850916,625.2866514850913,-0.13004165823151517,0.1300416582315278,0.45552862620659695,3.829778478678122e-17,888.9169024955772,888.9169024955777,893.9054362708738,893.9054362708742,-0.5,-0.5,-0.5,-0.5
1,1732,35,after_integrate,1.73199999999992,1.7309999999999202,0.001,0,0,0.5,0.0,0.0,,6.201252303539169,1.2570455749229452e-16,6.294607253464717e-15,7.710009979140512e-15,0.0,0.0,26.77853853889398,6.201252303539169,-2.5259245750566333e-15,626.2239865231235,626.2239865231231,625.408481926248,625.4084819262478,-0.13000615931618495,0.13000615931618498,0.4555283028400108,1.5367186060744854e-17,888.5474672487542,888.5474672487546,893.4453250752414,893.4453250752418,-0.5,-0.5,-0.5,-0.5
1,1733,35,after_integrate,1.73299999999992,1.73199999999992,0.001,0,0,0.5,0.0,0.0,,6.208690284030236,1.2601088998710477e-16,6.302323038086172e-15,7.713840307290134e-15,0.0,0.0,26.794620509129853,6.208690284030236,-2.52986896380861e-15,626.3295398556909,626.3295398556907,625.5291457870288,625.5291457870286,-0.12997059321522872,0.12997059321522875,0.4555279771121812,-9.061352486687981e-18,888.1780050865677,888.1780050865682,892.9851402666751,892.9851402666756,-0.5,-0.5,-0.5,-0.5
1,1734,35,after_integrate,1.7339999999999198,1.73299999999992,0.001,0,0,0.5,0.0,0.0,,6.216132726374466,1.263167032968469e-16,6.3100515286118255e-15,7.714003396898868e-15,0.0,0.0,26.810702467988882,6.216132726374466,-2.5338841314853053e-15,626.4339189508999,626.4339189508996,625.6486427543318,625.6486427543316,-0.12993496042466474,0.12993496042466474,0.4555276488512848,-9.194365046699531e-18,887.8085197665589,887.8085197665594,892.5248865223866,892.5248865223871,-0.5,-0.5,-0.5,-0.5
1,1735,35,after_integrate,1.7349999999999197,1.7339999999999198,0.001,0,0,0.5,0.0,0.0,,6.223579630595385,1.2662039442486373e-16,6.317772195085396e-15,7.758121639156834e-15,0.0,0.0,26.826784415378548,6.223579630595385,-2.538976808997453e-15,626.5371236563201,626.5371236563199,625.7669725293116,625.7669725293114,-0.1298992614396732,0.1298992614396732,0.4555273178876194,-4.784520667577682e-18,887.4390150780179,887.4390150780183,892.0645685401864,892.0645685401869,-0.5,-0.5,-0.5,-0.5
1,1736,35,after_integrate,1.7359999999999196,1.7349999999999197,0.001,0,0,0.5,0.0,0.0,,6.231030996716437,1.2692237572024548e-16,6.325592578377221e-15,7.837614508863752e-15,0.0,0.0,26.842866351200385,6.231030996716437,-2.540933199523864e-15,626.6391538319831,626.6391538319829,625.8841348274179,625.8841348274177,-0.1298634967546226,0.1298634967546226,0.45552698405364644,-7.881827063214883e-18,887.0694948411513,887.0694948411517,891.6041910379489,891.6041910379494,-0.5,-0.5,-0.5,-0.5
1,1737,35,after_integrate,1.7369999999999195,1.7359999999999196,0.001,0,0,0.5,0.0,0.0,,6.2384868247609875,1.2722509012738866e-16,6.333433098453686e-15,7.735912182350477e-15,0.0,0.0,26.85894827535004,6.2384868247609875,-2.546348185293228e-15,626.7400093504659,626.7400093504657,626.0001293784297,626.0001293784294,-0.12982766686304362,0.12982766686304362,0.4555266471840345,1.0396178546524268e-17,886.6999629062215,886.6999629062219,891.143758753043,891.1437587530435,-0.5,-0.5,-0.5,-0.5
1,1738,35,after_integrate,1.7379999999999194,1.7369999999999195,0.001,0,0,0.5,0.0,0.0,,6.245947114752326,1.275236894736223e-16,6.341132601663914e-15,7.726983842405692e-15,0.0,0.0,26.875030187717368,6.245947114752326,-2.5502945729538887e-15,626.8396900969752,626.8396900969751,626.1149559264874,626.1149559264871,-0.12979177225768,0.12979177225768,0.45552630711570774,1.820532205832756e-17,886.3304231526064,886.3304231526066,890.6832764417011,890.6832764417015,-0.5,-0.5,-0.5,-0.5
1,1739,35,after_integrate,1.7389999999999193,1.7379999999999194,0.001,0,0,0.5,0.0,0.0,,6.253411866713661,1.278221075098532e-16,6.3489245043117526e-15,7.799599710725539e-15,0.0,0.0,26.891112088186514,6.253411866713661,-2.552204364435695e-15,626.9381959694269,626.9381959694267,626.228614230124,626.2286142301238,-0.12975581343043802,0.12975581343043802,0.4555259636878841,1.626809439218799e-17,885.9608794880922,885.9608794880925,890.2227488786002,890.2227488786007,-0.5,-0.5,-0.5,-0.5
1,1740,35,after_integrate,1.7399999999999192,1.7389999999999193,0.001,0,0,0.5,0.0,0.0,,6.260881080668124,1.2811945926681347e-16,6.356723970337665e-15,7.839811475915111e-15,0.0,0.0,26.90719397663597,6.260881080668124,-2.5566860889036676e-15,627.0355268785246,627.0355268785244,626.3411040622939,626.3411040622935,-0.1297197908724122,0.1297197908724122,0.4555256167421241,1.741558162583349e-17,885.5913358479119,885.5913358479121,889.7621808561935,889.7621808561939,-0.5,-0.5,-0.5,-0.5
1,1741,35,after_integrate,1.740999999999919,1.7399999999999192,0.001,0,0,0.5,0.0,0.0,,6.268354756638769,1.284161003547846e-16,6.364617574243057e-15,7.847565364541277e-15,0.0,0.0,26.92327585293869,6.268354756638769,-2.555711986930478e-15,627.1316827478355,627.1316827478352,626.4524252103986,626.4524252103982,-0.12968370507385985,0.12968370507387247,0.4555252661223523,4.5246400520914244e-17,885.2217961939971,885.2217961939975,889.3015771842599,889.3015771842604,-0.5,-0.5,-0.5,-0.5
1,1742,35,after_integrate,1.741999999999919,1.740999999999919,0.001,0,0,0.5,0.0,0.0,,6.2758328946485715,1.287125824355532e-16,6.3724626046813204e-15,7.845689667270255e-15,0.0,0.0,26.939357716962153,6.275832894648572,-2.560893754540721e-15,627.2266635138637,627.2266635138635,626.5625774763118,626.5625774763115,-0.1296475565242649,0.1296475565242649,0.4555249116749158,1.976529823617159e-17,884.8522645141444,884.8522645141448,888.8409426893585,888.8409426893589,-0.5,-0.5,-0.5,-0.5
1,1743,35,after_integrate,1.7429999999999188,1.741999999999919,0.001,0,0,0.5,0.0,0.0,,6.283315494720431,1.2900884467699127e-16,6.380362792350725e-15,7.923748563672822e-15,0.0,0.0,26.955439568568455,6.283315494720431,-2.5633100294088697e-15,627.3204691261222,627.320469126122,626.6715606764025,626.6715606764022,-0.12961134571226215,0.12961134571224955,0.4555245532485944,-3.1665251934251555e-17,884.4827448211938,884.4827448211943,888.3802822142934,888.3802822142939,-0.5,-0.5,-0.5,-0.5
1,1744,35,after_integrate,1.7439999999999187,1.7429999999999188,0.001,0,0,0.5,0.0,0.0,,6.290802556877169,1.2930380218511461e-16,6.3882828353207706e-15,7.913420171992442e-15,0.0,0.0,26.971521407614404,6.2908025568771695,-2.5683517491215838e-15,627.4130995472011,627.4130995472008,626.7793746415548,626.7793746415545,-0.1295750731256883,0.12957507312570096,0.45552419069464445,1.5064010712006912e-17,884.1132411522741,884.1132411522746,887.9196006176489,887.9196006176494,-0.5,-0.5,-0.5,-0.5
1,1745,35,after_integrate,1.7449999999999186,1.7439999999999187,0.001,0,0,0.5,0.0,0.0,,6.298294081141531,1.2959756292975147e-16,6.396213296406425e-15,7.916289421205862e-15,0.0,0.0,26.98760323395159,6.298294081141532,-2.571590439866167e-15,627.5045547528351,627.5045547528349,626.8860192171883,626.886019217188,-0.12953873925159481,0.12953873925160742,0.45552382386683676,1.678558066736735e-17,883.743757567948,883.7437575679485,887.4589027732155,887.458902773216,-0.5,-0.5,-0.5,-0.5
1,1746,35,after_integrate,1.7459999999999185,1.7449999999999186,0.001,0,0,0.5,0.0,0.0,,6.305790067536186,1.298904489995946e-16,6.404140172449317e-15,7.914314891823711e-15,0.0,0.0,27.00368504742649,6.305790067536186,-2.575272985955552e-15,627.5948347319687,627.5948347319685,626.9914942632747,626.9914942632744,-0.12950234457622342,0.12950234457622342,0.4555234526214664,-8.483595234701004e-18,883.3742981515325,883.3742981515329,886.9981935695945,886.998193569595,-0.5,-0.5,-0.5,-0.5
1,1747,35,after_integrate,1.7469999999999184,1.7459999999999185,0.001,0,0,0.5,0.0,0.0,,6.31329051608373,1.3018403002551552e-16,6.4121141965635026e-15,7.98969239438649e-15,0.0,0.0,27.019766847880536,6.313290516083731,-2.578268477288535e-15,627.6839394868175,627.6839394868173,627.0957996543535,627.0957996543533,-0.12946588958499336,0.12946588958498073,0.4555230768173907,-1.0432833386323783e-17,883.0048670082551,883.0048670082556,886.5374779096288,886.5374779096293,-0.5,-0.5,-0.5,-0.5
1,1748,35,after_integrate,1.7479999999999183,1.7469999999999184,0.001,0,0,0.5,0.0,0.0,,6.320795426806678,1.304769166490434e-16,6.420099203198083e-15,8.028189425918521e-15,0.0,0.0,27.03584863515026,6.320795426806678,-2.5839691148136354e-15,627.7718690329298,627.7718690329295,627.1989352795468,627.1989352795466,-0.12942937476254038,0.12942937476254038,0.4555226963160454,1.7067018116839622e-17,882.6354682645374,882.6354682645378,886.0767607099625,886.076760709963,-0.5,-0.5,-0.5,-0.5
1,1749,35,after_integrate,1.7489999999999182,1.7479999999999183,0.001,0,0,0.5,0.0,0.0,,6.328304799727475,1.307684714745964e-16,6.4281344687337676e-15,7.968760779665443e-15,0.0,0.0,27.051930409067303,6.328304799727475,-2.585491505220718e-15,627.8586233992446,627.8586233992444,627.3009010425708,627.3009010425706,-0.12939280059272937,0.129392800592742,0.45552231098147655,2.014382241392819e-17,882.2661060672581,882.2661060672585,885.6160469005831,885.6160469005836,-0.5,-0.5,-0.5,-0.5
1,1750,35,after_integrate,1.749999999999918,1.7489999999999182,0.001,0,0,0.5,0.0,0.0,,6.335818634868489,1.3106112185140413e-16,6.436171542633241e-15,8.115598112699506e-15,0.0,0.0,27.06801216945858,6.335818634868489,-2.5882669557472823e-15,627.9442026281478,627.9442026281475,627.4016968617475,627.4016968617473,-0.12935616755863022,0.12935616755863022,0.45552192068034836,1.9023169980914627e-17,881.8967845830088,881.8967845830092,885.1553414243349,885.1553414243353,-0.5,-0.5,-0.5,-0.5
1,1751,36,after_integrate,1.750999999999918,1.749999999999918,0.001,0,0,0.5,0.0,0.0,,6.343336932252015,1.3135654953725154e-16,6.444329998230108e-15,8.121183644334932e-15,0.0,0.0,27.08409391614633,6.343336932252015,-2.5907677650177234e-15,628.0286067755266,628.0286067755263,627.5013226700141,627.5013226700139,-0.12931947614253037,0.12931947614254302,0.45552152528196904,1.487594727265732e-17,881.5275079973685,881.527507997369,884.6946492364661,884.6946492364666,-0.5,-0.5,-0.5,-0.5
1,1752,36,after_integrate,1.7519999999999178,1.750999999999918,0.001,0,0,0.5,0.0,0.0,,6.350859691900272,1.3165274289640751e-16,6.4525168181754436e-15,8.278904254869424e-15,0.0,0.0,27.100175648948237,6.350859691900272,-2.5963026473184416e-15,628.1118359108215,628.1118359108212,627.5997784149303,627.5997784149299,-0.1292827268259484,0.12928272682593578,0.4555211246583027,-4.870561605900659e-19,881.1582805142261,881.1582805142266,884.2339753042189,884.2339753042194,-0.5,-0.5,-0.5,-0.5
1,1753,36,after_integrate,1.7529999999999177,1.7519999999999178,0.001,0,0,0.5,0.0,0.0,,6.358386913835409,1.3194718355606239e-16,6.460829116556343e-15,8.28552594125043e-15,0.0,0.0,27.116257367677488,6.358386913835409,-2.599791972372797e-15,628.1938901170769,628.1938901170766,627.6970640586857,627.6970640586853,-0.12924592008960936,0.12924592008959676,0.45552071868398564,-3.373130833063369e-19,880.789106355032,880.7891063550325,883.7733246063274,883.7733246063278,-0.5,-0.5,-0.5,-0.5
1,1754,36,after_integrate,1.7539999999999176,1.7529999999999177,0.001,0,0,0.5,0.0,0.0,,6.365918598079501,1.322432549932391e-16,6.469257610710606e-15,8.508639233128471e-15,0.0,0.0,27.132339072142926,6.365918598079501,-2.6034581581794233e-15,628.274769490989,628.2747694909887,627.7931795781044,627.7931795781041,-0.12920905641348326,0.12920905641349587,0.45552030723633413,1.6451076754277653e-17,880.4199897581519,880.4199897581524,883.312702132641,883.3127021326414,-0.5,-0.5,-0.5,-0.5
1,1755,36,after_integrate,1.7549999999999175,1.7539999999999176,0.001,0,0,0.5,0.0,0.0,,6.37345474465455,1.3253794237497428e-16,6.477748715572816e-15,8.500878368445934e-15,0.0,0.0,27.14842076214906,6.37345474465455,-2.607319980787466e-15,628.354474142952,628.3544741429517,627.8881249646495,627.8881249646491,-0.12917213627682325,0.12917213627682328,0.455519890195363,-6.127914653610568e-18,880.0509349781707,880.0509349781712,882.8521128836684,882.8521128836688,-0.5,-0.5,-0.5,-0.5
1,1756,36,after_integrate,1.7559999999999174,1.7549999999999175,0.001,0,0,0.5,0.0,0.0,,6.380995353582485,1.3283125254591045e-16,6.486260499422293e-15,8.510560678898523e-15,0.0,0.0,27.16450243749626,6.380995353582485,-2.61156649113611e-15,628.4330041971033,628.4330041971031,627.9819002244253,627.9819002244251,-0.12913516015806586,0.1291351601580533,0.455519467443778,-6.480610500780758e-18,879.6819462852316,879.681946285232,882.3915618701736,882.3915618701741,-0.5,-0.5,-0.5,-0.5
1,1757,36,after_integrate,1.7569999999999173,1.7559999999999174,0.001,0,0,0.5,0.0,0.0,,6.388540424885164,1.3312248777941052e-16,6.494774897242958e-15,8.490965222151159e-15,0.0,0.0,27.180584097980777,6.388540424885164,-2.616251297038652e-15,628.5103597913647,628.5103597913645,628.0745053781786,628.0745053781783,-0.12909812853491953,0.12909812853491953,0.4555190388670034,1.7697085155480338e-17,879.3130279643701,879.3130279643706,881.9310541127496,881.9310541127501,-0.5,-0.5,-0.5,-0.5
1,1758,36,after_integrate,1.7579999999999172,1.7569999999999173,0.001,0,0,0.5,0.0,0.0,,6.396089958584377,1.3341240903771963e-16,6.503320868892482e-15,8.569523052164769e-15,0.0,0.0,27.196665743394846,6.396089958584377,-2.617504980255827e-15,628.5865410774848,628.5865410774844,628.1659404612989,628.1659404612986,-0.12906104188437795,0.12906104188436532,0.45551860435316416,-1.2536177068654905e-17,878.9441843148785,878.944184314879,881.4705946414275,881.470594641428,-0.5,-0.5,-0.5,-0.5
1,1759,36,after_integrate,1.758999999999917,1.7579999999999172,0.001,0,0,0.5,0.0,0.0,,6.40364395470184,1.3370285429596702e-16,6.511932884038475e-15,8.668594092508956e-15,0.0,0.0,27.21274737352684,6.40364395470184,-2.623540634510841e-15,628.6615482210756,628.6615482210753,628.2562055238178,628.2562055238176,-0.12902390068263273,0.12902390068264535,0.4555181637931111,4.1717242053959796e-17,878.575419649667,878.5754196496674,881.0101884952649,881.0101884952653,-0.5,-0.5,-0.5,-0.5
1,1760,36,after_integrate,1.759999999999917,1.758999999999917,0.001,0,0,0.5,0.0,0.0,,6.4112024132592005,1.33991918083355e-16,6.520602892190278e-15,8.518197235279457e-15,0.0,0.0,27.228828988161286,6.4112024132592005,-2.626542502877658e-15,628.735381401652,628.7353814016518,628.3453006304062,628.3453006304059,-0.12898670540523766,0.12898670540523766,0.45551771708039923,2.2905147382039543e-17,878.206738294665,878.2067382946655,880.549840721995,880.5498407219955,-0.5,-0.5,-0.5,-0.5
1,1761,36,after_integrate,1.7609999999999169,1.759999999999917,0.001,0,0,0.5,0.0,0.0,,6.418765334278037,1.3427694913373172e-16,6.529177730791989e-15,8.7485931505931e-15,0.0,0.0,27.244910587079023,6.418765334278037,-2.6306610471195784e-15,628.8080408126651,628.8080408126649,628.4332258603715,628.4332258603713,-0.12894945652693315,0.12894945652694578,0.4555172641113069,3.967029276137597e-17,877.8381445881446,877.838144588145,880.0895563775636,880.089556377564,-0.5,-0.5,-0.5,-0.5
1,1762,36,after_integrate,1.7619999999999167,1.7609999999999169,0.001,0,0,0.5,0.0,0.0,,6.426332717779857,1.3456131996185058e-16,6.537872731857943e-15,8.59409185678221e-15,0.0,0.0,27.260992170057257,6.426332717779857,-2.6323514221273078e-15,628.8795266615372,628.8795266615369,628.5199813076531,628.5199813076529,-0.12891215452178525,0.12891215452179786,0.4555168047848193,1.897040452719221e-17,877.4696428801886,877.4696428801891,879.6293405258363,879.6293405258367,-0.5,-0.5,-0.5,-0.5
1,1763,36,after_integrate,1.7629999999999166,1.7619999999999167,0.001,0,0,0.5,0.0,0.0,,6.433904563786101,1.34843118357168e-16,6.546490798059622e-15,8.708895858445185e-15,0.0,0.0,27.277073736869703,6.433904563786101,-2.634005353158369e-15,628.9498391696924,628.949839169692,628.6055670808173,628.6055670808171,-0.12887479986313644,0.12887479986314904,0.455516339002636,1.758962993512542e-17,877.1012375320498,877.1012375320503,879.1691982381648,879.1691982381652,-0.5,-0.5,-0.5,-0.5
1,1764,36,after_integrate,1.7639999999999165,1.7629999999999166,0.001,0,0,0.5,0.0,0.0,,6.441480872318143,1.3512628159229162e-16,6.555220559061326e-15,8.603905120943086e-15,0.0,0.0,27.29315528728662,6.4414808723181425,-2.637804984778155e-15,629.0189785725873,629.0189785725871,628.6899833030503,628.6899833030501,-0.128837393023631,0.12883739302361838,0.45551586666914895,-4.05846024913795e-17,876.7329329155971,876.7329329155975,878.7091345930585,878.7091345930589,-0.5,-0.5,-0.5,-0.5
1,1765,36,after_integrate,1.7649999999999164,1.7639999999999165,0.001,0,0,0.5,0.0,0.0,,6.449061643397285,1.3540663626529735e-16,6.563878178043097e-15,8.694604454073119e-15,0.0,0.0,27.30923682107495,6.449061643397285,-2.6442930906602313e-15,629.08694511974,629.0869451197398,628.7732301121522,628.773230112152,-0.12879993447515295,0.12879993447516555,0.4555153876914554,1.4474953245433493e-17,876.3647334127293,876.3647334127297,878.2491546758066,878.2491546758071,-0.5,-0.5,-0.5,-0.5
1,1766,36,after_integrate,1.7659999999999163,1.7649999999999164,0.001,0,0,0.5,0.0,0.0,,6.456646877044768,1.3568771058371162e-16,6.572631165675395e-15,8.780087730868875e-15,0.0,0.0,27.325318337998393,6.456646877044768,-2.6481290850996908e-15,629.1537390747562,629.153739074756,628.8553076605275,628.8553076605273,-0.12876242468899043,0.12876242468897783,0.4555149019793353,-2.8150060142360607e-17,875.9966434148321,875.9966434148325,877.7892635781449,877.7892635781453,-0.5,-0.5,-0.5,-0.5
1,1767,36,after_integrate,1.7669999999999162,1.7659999999999163,0.001,0,0,0.5,0.0,0.0,,6.46423657328176,1.3596788475827752e-16,6.5814105399758755e-15,8.783773116536327e-15,0.0,0.0,27.341399837817537,6.464236573281761,-2.655647137599238e-15,629.2193607153547,629.2193607153544,628.9362161151771,628.9362161151768,-0.12872486413563508,0.12872486413564768,0.45551440944524824,4.3762802483773115e-17,875.6286673221869,875.6286673221873,877.329466397868,877.3294663978685,-0.5,-0.5,-0.5,-0.5
1,1768,36,after_integrate,1.767999999999916,1.7669999999999162,0.001,0,0,0.5,0.0,0.0,,6.471830732129369,1.3624636200327496e-16,6.590208220272128e-15,8.877180665294103e-15,0.0,0.0,27.35748132028988,6.471830732129369,-2.6572760646557758e-15,629.2838103333914,629.2838103333911,629.0159556576873,629.0159556576871,-0.12868725328498395,0.12868725328498398,0.4555139100043115,2.4165518372175617e-17,875.2608095435068,875.2608095435072,876.8697682385663,876.8697682385667,-0.5,-0.5,-0.5,-0.5
1,1769,36,after_integrate,1.768999999999916,1.767999999999916,0.001,0,0,0.5,0.0,0.0,,6.479429353608635,1.3652617091190126e-16,6.599141139602194e-15,8.8438620314875e-15,0.0,0.0,27.373562785170012,6.479429353608635,-2.658713129825552e-15,629.3470882348815,629.3470882348813,629.09452648422,629.0945264842197,-0.12864959260618908,0.12864959260618908,0.45551340357430103,1.9003975531356685e-17,874.8930744953043,874.8930744953047,876.4101742091879,876.4101742091883,-0.5,-0.5,-0.5,-0.5
1,1770,36,after_integrate,1.7699999999999159,1.768999999999916,0.001,0,0,0.5,0.0,0.0,,6.487032437740535,1.3680277223085157e-16,6.60803244864928e-15,8.924982743363058e-15,0.0,0.0,27.38964423220963,6.487032437740535,-2.662596996767582e-15,629.4091947400201,629.4091947400199,629.1719288055006,629.1719288055002,-0.12861188256775913,0.12861188256775916,0.45551289007562923,1.476454804136848e-17,874.5254666014737,874.5254666014741,875.9506894238128,875.9506894238133,-0.5,-0.5,-0.5,-0.5
1,1771,36,after_integrate,1.7709999999999158,1.7699999999999159,0.001,0,0,0.5,0.0,0.0,,6.4946399845459775,1.3707892536012947e-16,6.6169571267816596e-15,8.977955812558305e-15,0.0,0.0,27.405725661157696,6.4946399845459775,-2.6674344158442118e-15,629.4701301832013,629.4701301832009,629.2481628468056,629.2481628468054,-0.12857412363752216,0.1285741236375348,0.4555123694313278,2.115488668112238e-17,874.1579902926911,874.1579902926916,875.4913190012415,875.491319001242,-0.5,-0.5,-0.5,-0.5
1,1772,36,after_integrate,1.7719999999999156,1.7709999999999158,0.001,0,0,0.5,0.0,0.0,,6.502251994045811,1.3735614552867565e-16,6.626003012621593e-15,9.020454185855461e-15,0.0,0.0,27.421807071760465,6.502251994045811,-2.669073083902502e-15,629.5298949130357,629.5298949130354,629.3232288479506,629.3232288479503,-0.12853631628266396,0.128536316282664,0.45551184156703367,-6.4608793690219734e-18,873.7906500059914,873.7906500059919,875.0320680647488,875.0320680647493,-0.5,-0.5,-0.5,-0.5
1,1773,36,after_integrate,1.7729999999999155,1.7719999999999156,0.001,0,0,0.5,0.0,0.0,,6.509868466260821,1.3763447036744349e-16,6.63506949953433e-15,9.151116084078735e-15,0.0,0.0,27.437888463761627,6.509868466260821,-2.6753607755737997e-15,629.5884892923681,629.5884892923679,629.397127063275,629.3971270632746,-0.12849846096967843,0.12849846096967843,0.45551130641097415,1.9281303360119005e-17,873.4234501842253,873.4234501842258,874.5729417417303,874.5729417417308,-0.5,-0.5,-0.5,-0.5
1,1774,36,after_integrate,1.7739999999999154,1.7729999999999155,0.001,0,0,0.5,0.0,0.0,,6.517489401211729,1.37911553062713e-16,6.644265315872769e-15,9.133668048429074e-15,0.0,0.0,27.4539698369024,6.517489401211729,-2.680048551170634e-15,629.6459136982911,629.6459136982908,629.4698577616282,629.4698577616278,-0.1284605581644439,0.1284605581644313,0.45551076389393547,-2.8478268656693464e-17,873.0563952756082,873.0563952756087,874.1139451634153,874.1139451634158,-0.5,-0.5,-0.5,-0.5
1,1775,36,after_integrate,1.7749999999999153,1.7739999999999154,0.001,0,0,0.5,0.0,0.0,,6.525114798919194,1.381845574258653e-16,6.653448664328248e-15,9.281828592620791e-15,0.0,0.0,27.470051190921556,6.525114798919193,-2.6837118630009543e-15,629.7021685221594,629.7021685221591,629.5414212263549,629.5414212263547,-0.1284226083321607,0.1284226083321607,0.4555102139492598,-5.917636379436052e-18,872.689489733237,872.6894897332375,873.6550834645633,873.6550834645637,-0.5,-0.5,-0.5,-0.5
1,1776,36,after_integrate,1.7759999999999152,1.7749999999999153,0.001,0,0,0.5,0.0,0.0,,6.532744659403815,1.3845914590438304e-16,6.66278504336044e-15,9.361509738188933e-15,0.0,0.0,27.486132525555607,6.532744659403816,-2.6886785663572466e-15,629.757254169602,629.7572541696017,629.6118177552789,629.6118177552787,-0.1283846119374148,0.1283846119374148,0.45550965651280834,2.1432260567919255e-17,872.322738014614,872.3227380146144,873.1963617831458,873.1963617831462,-0.5,-0.5,-0.5,-0.5
1,1777,36,after_integrate,1.776999999999915,1.7759999999999152,0.001,0,0,0.5,0.0,0.0,,6.54037898268613,1.387329699540924e-16,6.672184616169744e-15,9.423249392821387e-15,0.0,0.0,27.502213840538797,6.54037898268613,-2.690945509120466e-15,629.8111710605332,629.8111710605328,629.6810476606872,629.6810476606869,-0.12834656944412787,0.1283465694441279,0.45550909152294605,1.868430950356616e-17,871.9561445812518,871.9561445812523,872.7377852601179,872.7377852601184,-0.5,-0.5,-0.5,-0.5
1,1778,36,after_integrate,1.777999999999915,1.776999999999915,0.001,0,0,0.5,0.0,0.0,,6.5480177687866155,1.390048662484557e-16,6.681603132726463e-15,9.414653541080982e-15,0.0,0.0,27.518295135603275,6.5480177687866155,-2.6963110179097955e-15,629.8639196291623,629.8639196291621,629.7491112693119,629.7491112693116,-0.12830848131563402,0.12830848131563402,0.455508518920513,-1.6578638726431353e-18,871.5897138981611,871.5897138981613,872.2793590390639,872.2793590390644,-0.5,-0.5,-0.5,-0.5
1,1779,36,after_integrate,1.7789999999999149,1.777999999999915,0.001,0,0,0.5,0.0,0.0,,6.555661017725688,1.3927426670123217e-16,6.691080681679399e-15,9.483002632747214e-15,0.0,0.0,27.5343764104791,6.555661017725688,-2.7015660799645807e-15,629.9155003240027,629.9155003240024,629.8160089223143,629.816008922314,-0.1282703480145913,0.12827034801460396,0.45550793864881145,2.1803521465719776e-17,871.2234504334629,871.2234504334633,871.8210882659624,871.8210882659629,-0.5,-0.5,-0.5,-0.5
1,1780,36,after_integrate,1.7799999999999148,1.7789999999999149,0.001,0,0,0.5,0.0,0.0,,6.563308729523706,1.39540950680382e-16,6.700564206459542e-15,9.437423068807259e-15,0.0,0.0,27.5504576648944,6.563308729523705,-2.7043920280754667e-15,629.9659136078781,629.9659136078778,629.881740975266,629.8817409752656,-0.12823217000308434,0.12823217000308437,0.4555073506535625,-5.309547391250766e-18,870.857358657947,870.8573586579474,871.3629780888945,871.3629780888949,-0.5,-0.5,-0.5,-0.5
1,1781,36,after_integrate,1.7809999999999147,1.7799999999999148,0.001,0,0,0.5,0.0,0.0,,6.570960904200968,1.3980337586873296e-16,6.710010131280228e-15,9.442500115283394e-15,0.0,0.0,27.566538898575416,6.570960904200968,-2.7091112331072384e-15,630.0151599579294,630.0151599579291,629.9463077981303,629.94630779813,-0.12819394774254805,0.12819394774253545,0.45550675488288905,8.320456126466444e-19,870.491443044649,870.4914430446495,870.9050336577659,870.9050336577664,-0.5,-0.5,-0.5,-0.5
1,1782,36,after_integrate,1.7819999999999145,1.7809999999999147,0.001,0,0,0.5,0.0,0.0,,6.578617541777715,1.400642721421764e-16,6.719553868916193e-15,9.633811589987423e-15,0.0,0.0,27.582620111246605,6.578617541777714,-2.7137746143459044e-15,630.0632398656197,630.0632398656194,630.0097097752434,630.0097097752432,-0.1281556816938072,0.12815568169381983,0.45550615128729344,2.768225915504125e-17,870.1257080685025,870.125708068503,870.4472601241031,870.4472601241035,-0.5,-0.5,-0.5,-0.5
1,1783,36,after_integrate,1.7829999999999144,1.7819999999999145,0.001,0,0,0.5,0.0,0.0,,6.58627864227413,1.403227668814813e-16,6.729230991927982e-15,9.702115253896774e-15,0.0,0.0,27.598701302630708,6.58627864227413,-2.71791574275412e-15,630.1101538367378,630.1101538367375,630.0719473052956,630.0719473052953,-0.12811737231712647,0.12811737231711381,0.45550553981962494,3.8536837045598735e-18,869.7601582058422,869.7601582058427,869.9896626406924,869.9896626406928,-0.5,-0.5,-0.5,-0.5
1,1784,36,after_integrate,1.7839999999999143,1.7829999999999144,0.001,0,0,0.5,0.0,0.0,,6.59394420571034,1.4057788087008325e-16,6.739023043139692e-15,9.787466194461698e-15,0.0,0.0,27.614782472448827,6.59394420571034,-2.722709411284521e-15,630.1559023914006,630.1559023914002,630.1330208013096,630.1330208013094,-0.1280790200721106,0.128079020072098,0.4555049204350409,-9.745629223067826e-18,869.3947979341107,869.3947979341111,869.5322463614161,869.5322463614166,-0.5,-0.5,-0.5,-0.5
1,1785,36,after_integrate,1.7849999999999142,1.7839999999999143,0.001,0,0,0.5,0.0,0.0,,6.601614232106414,1.4082718198401158e-16,6.748789802883797e-15,9.838716635225637e-15,0.0,0.0,27.630863620420538,6.601614232106414,-2.728916417775097e-15,630.2004860640553,630.2004860640551,630.1929306906218,630.1929306906216,-0.12804062541779335,0.12804062541780595,0.4555042930909954,2.0074154796772618e-17,869.0296317314435,869.0296317314439,869.0750164409819,869.0750164409824,-0.5,-0.5,-0.5,-0.5
1,1786,36,after_integrate,1.785999999999914,1.7849999999999142,0.001,0,0,0.5,0.0,0.0,,6.609288721482366,1.4107585853359137e-16,6.7586391026944545e-15,9.817202234075454e-15,0.0,0.0,27.646944746263944,6.609288721482367,-2.7315044756367617e-15,630.2439054034804,630.2439054034802,630.2516774148611,630.2516774148609,-0.12800218881265044,0.1280021888126378,0.45550365774718826,-1.0070288406797729e-18,868.6646640762797,868.6646640762801,868.6179780346379,868.6179780346383,-0.5,-0.5,-0.5,-0.5
1,1787,36,after_integrate,1.786999999999914,1.785999999999914,0.001,0,0,0.5,0.0,0.0,,6.616967673858154,1.413201199070458e-16,6.768450879729304e-15,9.747292502806082e-15,0.0,0.0,27.66302584969576,6.616967673858154,-2.736004609772199e-15,630.2861609727839,630.2861609727836,630.3092614299273,630.3092614299271,-0.1279637107144992,0.1279637107144992,0.4555030143655623,1.6140997943460052e-18,868.2998994470086,868.299899447009,868.1611362979603,868.1611362979608,-0.5,-0.5,-0.5,-0.5
1,1788,36,after_integrate,1.7879999999999139,1.786999999999914,0.001,0,0,0.5,0.0,0.0,,6.624651089253682,1.4156090768363712e-16,6.778258737476445e-15,9.862716446070812e-15,0.0,0.0,27.67910693043139,6.624651089253683,-2.7415856264309523e-15,630.3272533494027,630.3272533494023,630.3656832059698,630.3656832059696,-0.1279251915806506,0.1279251915806506,0.4555023629102347,2.2819373834745006e-17,867.9353423216443,867.9353423216447,867.7044963866355,867.7044963866359,-0.5,-0.5,-0.5,-0.5
1,1789,36,after_integrate,1.7889999999999138,1.7879999999999139,0.001,0,0,0.5,0.0,0.0,,6.632338967688798,1.4179983640586865e-16,6.788163222959126e-15,9.885166059191528e-15,0.0,0.0,27.69518798818502,6.632338967688798,-2.743433338673231e-15,630.3671831250995,630.3671831250992,630.4209432273659,630.4209432273657,-0.12788663186779614,0.12788663186779614,0.45550170334750384,1.689916768652051e-17,867.5709971774475,867.5709971774479,867.2480634561985,867.2480634561989,-0.5,-0.5,-0.5,-0.5
1,1790,36,after_integrate,1.7899999999999137,1.7889999999999138,0.001,0,0,0.5,0.0,0.0,,6.640031309183298,1.4203606027743797e-16,6.798044481864984e-15,9.876753916751534e-15,0.0,0.0,27.711269022669658,6.640031309183298,-2.749010259139918e-15,630.4059509059608,630.4059509059605,630.4750419926984,630.4750419926982,-0.12784803203204623,0.12784803203205883,0.4555010356457841,4.393109572047487e-17,867.2068684906168,867.2068684906172,866.791842661838,866.7918426618385,-0.5,-0.5,-0.5,-0.5
1,1791,36,after_integrate,1.7909999999999136,1.7899999999999137,0.001,0,0,0.5,0.0,0.0,,6.647728113756924,1.4226907875390403e-16,6.807928574105582e-15,9.928768255172846e-15,0.0,0.0,27.727350033597247,6.647728113756924,-2.751706644972087e-15,630.443557312391,630.4435573123907,630.5279800147326,630.5279800147324,-0.127809392528994,0.127809392528994,0.45550035977559383,3.0702397656274465e-18,866.8429607359262,866.8429607359269,866.335839158139,866.3358391581395,-0.5,-0.5,-0.5,-0.5
1,1792,36,after_integrate,1.7919999999999134,1.7909999999999136,0.001,0,0,0.5,0.0,0.0,,6.655429381429364,1.4250421717162585e-16,6.817970284238689e-15,1.0034561558180636e-14,0.0,0.0,27.74343102067872,6.655429381429364,-2.7567257450753537e-15,630.4800029791077,630.4800029791073,630.5797578203951,630.5797578203949,-0.12777071381360197,0.1277707138136146,0.4554996757095123,2.0890669191829113e-17,866.4792783864178,866.4792783864183,865.8800580988708,865.8800580988712,-0.5,-0.5,-0.5,-0.5
1,1793,36,after_integrate,1.7929999999999133,1.7919999999999134,0.001,0,0,0.5,0.0,0.0,,6.663135112220257,1.4273666250071423e-16,6.8280459528712274e-15,1.0116923751585362e-14,0.0,0.0,27.759511983624066,6.663135112220256,-2.760536057788578e-15,630.5152885551356,630.5152885551354,630.6303759507483,630.630375950748,-0.1277319963403289,0.12773199634032892,0.4554989834221497,-9.510604632973617e-19,866.1158259131241,866.1158259131246,865.424504636827,865.4245046368275,-0.5,-0.5,-0.5,-0.5
1,1794,36,after_integrate,1.7939999999999132,1.7929999999999133,0.001,0,0,0.5,0.0,0.0,,6.670845306149187,1.4296690739204665e-16,6.8381594367094316e-15,1.016205327070462e-14,0.0,0.0,27.775592922142412,6.670845306149188,-2.76615289677024e-15,630.5494147037995,630.5494147037992,630.6798349609686,630.6798349609683,-0.12769324056302925,0.12769324056304188,0.4554982828901117,1.6903987565608296e-17,865.7526077846786,865.7526077846791,864.9691839235144,864.9691839235148,-0.5,-0.5,-0.5,-0.5
1,1795,36,after_integrate,1.794999999999913,1.7939999999999132,0.001,0,0,0.5,0.0,0.0,,6.678559963235688,1.4319606697078727e-16,6.848338422991774e-15,1.011081056235978e-14,0.0,0.0,27.791673835942106,6.678559963235688,-2.770559909803885e-15,630.5823821027162,630.582382102716,630.7281354203222,630.7281354203219,-0.12765444693506742,0.12765444693505482,0.4554975740919623,-3.4419406149538554e-17,865.3896284671155,865.3896284671159,864.5141011090551,864.5141011090556,-0.5,-0.5,-0.5,-0.5
1,1796,36,after_integrate,1.795999999999913,1.794999999999913,0.001,0,0,0.5,0.0,0.0,,6.686279083499244,1.4342115183582989e-16,6.858456454265903e-15,1.0119562324899232e-14,0.0,0.0,27.80775472473074,6.686279083499244,-2.7759986052820134e-15,630.6141914437862,630.614191443786,630.7752779121415,630.7752779121413,-0.12761561590919174,0.12761561590920437,0.4554968570081927,2.0644974106279897e-17,865.0268924234925,865.026892423493,864.0592613418954,864.0592613418959,-0.5,-0.5,-0.5,-0.5
1,1797,36,after_integrate,1.796999999999913,1.795999999999913,0.001,0,0,0.5,0.0,0.0,,6.694002666959288,1.436454517604347e-16,6.868597726199719e-15,1.0147108340108129e-14,0.0,0.0,27.823835588215264,6.694002666959288,-2.781433203571887e-15,630.6448434331838,630.6448434331836,630.8212630338003,630.8212630338,-0.12757674793767418,0.1275767479376742,0.45549613162118985,1.9969948942408756e-17,864.6644041136634,864.6644041136639,863.6046697686637,863.6046697686642,-0.5,-0.5,-0.5,-0.5
1,1798,36,after_integrate,1.7979999999999128,1.796999999999913,0.001,0,0,0.5,0.0,0.0,,6.701730713635206,1.438686217188895e-16,6.878747718017161e-15,1.0174833677129737e-14,0.0,0.0,27.839916426102047,6.701730713635206,-2.7846709889772384e-15,630.6743387913466,630.6743387913464,630.8660913966901,630.8660913966899,-0.1275378434721842,0.1275378434721968,0.4554953979151883,2.4454131143215296e-17,864.3021679939661,864.3021679939666,863.150331533941,863.1503315339414,-0.5,-0.5,-0.5,-0.5
1,1799,36,after_integrate,1.7989999999999127,1.7979999999999128,0.001,0,0,0.5,0.0,0.0,,6.709463223546331,1.4409444979061854e-16,6.888990729216727e-15,1.0270263644709025e-14,0.0,0.0,27.855997238096897,6.709463223546331,-2.7873724889784915e-15,630.7026782529653,630.702678252965,630.909763626195,630.9097636261947,-0.12749890296391575,0.12749890296391575,0.45549465587625165,1.792735633572303e-17,863.940188516974,863.9401885169744,862.6962517800945,862.6962517800949,-0.5,-0.5,-0.5,-0.5
1,1800,36,after_integrate,1.7999999999999126,1.7989999999999127,0.001,0,0,0.5,0.0,0.0,,6.717200196711951,1.443194458592661e-16,6.899253975345905e-15,1.029542565938151e-14,0.0,0.0,27.87207802390519,6.717200196711952,-2.7941231972058775e-15,630.7298625669711,630.7298625669708,630.9522803616674,630.952280361667,-0.12745992686348662,0.12745992686347404,0.45549390549222174,-3.3181997849798046e-18,863.5784701312556,863.578470131256,862.2424356471068,862.2424356471073,-0.5,-0.5,-0.5,-0.5
1,1801,37,after_integrate,1.8009999999999124,1.7999999999999126,0.001,0,0,0.48383766412734985,0.0,0.0,,6.724941633151304,1.4454579638156752e-16,6.909550103016949e-15,1.018780180903839e-14,0.0,0.0,27.888158783231866,6.724941633151304,-2.7971560994213183e-15,630.7558924965234,630.7558924965232,630.9936422564023,630.9936422564019,-0.12742091562100202,0.12742091562100202,0.4554931465332616,1.8941407458516722e-17,863.1831353676708,863.1831353676713,861.7550063589491,861.7550063589496,-0.5,-0.5,-0.5,-0.5
1,1802,37,after_integrate,1.8019999999999123,1.8009999999999124,0.001,0,0,0.48383766412734985,0.0,0.0,,6.732687532871713,1.4477055296548913e-16,6.919747840873454e-15,1.0242592779229169e-14,0.0,0.0,27.904239515774417,6.732687532871713,-2.8027762494035147e-15,630.7806705701656,630.7806705701654,631.0337515337887,631.0337515337885,-0.12738186955029948,0.12738186955028685,0.4554923794580952,-4.315792768900586e-18,862.8280714963919,862.8280714963923,861.3078530519243,861.3078530519248,-0.5,-0.5,-0.5,-0.5
1,1803,37,after_integrate,1.8029999999999122,1.8019999999999123,0.001,0,0,0.48383766412734985,0.0,0.0,,6.7404378958894755,1.4499492309357606e-16,6.930047876100033e-15,1.0166738309087545e-14,0.0,0.0,27.920320221235517,6.740437895889475,-2.8084733611751407e-15,630.8042026862963,630.804202686296,631.072613981682,631.0726139816818,-0.1273427890817971,0.12734278908178448,0.4554916034204064,3.3469329820695694e-18,862.3935061735226,862.3935061735231,860.7812040792621,860.7812040792626,-0.5,-0.5,-0.5,-0.5
1,1804,37,after_integrate,1.8039999999999121,1.8029999999999122,0.001,0,0,0.48383766412734985,0.0,0.0,,6.748192722174704,1.4521694365899864e-16,6.9403035940186e-15,1.0397957051055206e-14,0.0,0.0,27.936400899308893,6.7481927221747044,-2.813576226432157e-15,630.8263849930244,630.826384993024,631.110125435766,631.1101254357657,-0.12730367411708757,0.12730367411708757,0.4554908187943585,2.4949609848232656e-17,861.9580670469992,861.9580670469996,860.2536889986171,860.2536889986176,-0.5,-0.5,-0.5,-0.5
1,1805,37,after_integrate,1.804999999999912,1.8039999999999121,0.001,0,0,0.48383766412734985,0.0,0.0,,6.755952011713347,1.4543890905429506e-16,6.950742495449383e-15,1.0507830384203157e-14,0.0,0.0,27.952481549686308,6.755952011713348,-2.8193813986091493e-15,630.8471984510803,630.8471984510801,631.1462667316066,631.1462667316063,-0.12726452477413197,0.12726452477413197,0.4554900253180181,2.528239238019812e-18,861.5198714286155,861.5198714286159,859.7234259066508,859.7234259066515,-0.5,-0.5,-0.5,-0.5
1,1806,37,after_integrate,1.805999999999912,1.804999999999912,0.001,0,0,0.48383766412734985,0.0,0.0,,6.7637157644815264,1.4566091283243032e-16,6.961302206074739e-15,1.0584110361966538e-14,0.0,0.0,27.968562172051396,6.763715764481526,-2.821879066427103e-15,630.8666396294577,630.8666396294575,631.1810343652846,631.1810343652843,-0.12722534107566805,0.12722534107566805,0.4554892226821923,-7.63059377363022e-18,861.080423098471,861.0804230984714,859.1919190544431,859.1919190544436,-0.5,-0.5,-0.5,-0.5
1,1807,37,after_integrate,1.8069999999999118,1.805999999999912,0.001,0,0,0.48383766412734985,0.0,0.0,,6.771483980455556,1.45881330607236e-16,6.9718903563431884e-15,1.0628522162605416e-14,0.0,0.0,27.984642766075286,6.771483980455556,-2.827034254249359e-15,630.8847067203089,630.8847067203087,631.2144264650798,631.2144264650793,-0.12718612306857752,0.12718612306856492,0.4554884105129671,-2.4717523354407238e-17,860.6407527148078,860.6407527148083,858.6601995168886,858.6601995168893,-0.5,-0.5,-0.5,-0.5
1,1808,37,after_integrate,1.8079999999999117,1.8069999999999118,0.001,0,0,0.48383766412734985,0.0,0.0,,6.779256659611822,1.4610317276876241e-16,6.982572935186461e-15,1.0649457143046402e-14,0.0,0.0,28.000723331414754,6.779256659611822,-2.8316030750491464e-15,630.901399743076,630.9013997430758,631.246442997748,631.2464429977475,-0.1271468708213808,0.1271468708213808,0.4554875883813312,2.842808106343846e-18,860.201352959356,860.2013529593564,858.1287603251457,858.1287603251463,-0.5,-0.5,-0.5,-0.5
1,1809,37,after_integrate,1.8089999999999116,1.8079999999999117,0.001,0,0,0.48383766412734985,0.0,0.0,,6.787033801926961,1.4632229976244845e-16,6.993226959203445e-15,1.071195790878406e-14,0.0,0.0,28.01680386771053,6.787033801926961,-2.839841081445196e-15,630.9167197006827,630.9167197006825,631.2770849238864,631.277084923886,-0.12710758442494055,0.12710758442494058,0.4554867558158176,2.219646133770511e-17,859.7624366991165,859.762436699117,857.5978146333986,857.5978146333993,-0.5,-0.5,-0.5,-0.5
1,1810,37,after_integrate,1.8099999999999115,1.8089999999999116,0.001,0,0,0.48383766412734985,0.0,0.0,,6.794815407377959,1.465423302158619e-16,7.0039932441025554e-15,1.078262624527288e-14,0.0,0.0,28.032884374586015,6.794815407377959,-2.841662493941853e-15,630.9306680511493,630.930668051149,631.3063536693681,631.3063536693677,-0.1270682639921851,0.1270682639921851,0.45548591231340124,-4.199344897333286e-18,859.3240980561282,859.3240980561286,857.0674567896928,857.0674567896934,-0.5,-0.5,-0.5,-0.5
1,1811,37,after_integrate,1.8109999999999113,1.8099999999999115,0.001,0,0,0.48383766412734985,0.0,0.0,,6.802601475942179,1.4676171069412123e-16,7.014777833400788e-15,1.0734478366051736e-14,0.0,0.0,28.04896485164633,6.802601475942178,-2.8503875495136185e-15,630.9432464670592,630.943246467059,631.3342508852178,631.3342508852173,-0.12702890965710095,0.12702890965708835,0.45548505734881445,-2.4196402656780378e-17,858.8863853554705,858.8863853554709,856.5377352814971,856.5377352814978,-0.5,-0.5,-0.5,-0.5
1,1812,37,after_integrate,1.8119999999999112,1.8109999999999113,0.001,0,0,0.48383766412734985,0.0,0.0,,6.810392007597384,1.4698017104761908e-16,7.0256149210312085e-15,1.0900336445476352e-14,0.0,0.0,28.065045298477724,6.810392007597384,-2.8553471268425415e-15,630.9544567389048,630.9544567389046,631.3607783515771,631.3607783515766,-0.126989521573305,0.1269895215733176,0.455484190382621,2.633538700535153e-17,858.4493301040242,858.4493301040246,856.0086817107333,856.008681710734,-0.5,-0.5,-0.5,-0.5
1,1813,37,after_integrate,1.8129999999999111,1.8119999999999112,0.001,0,0,0.48383766412734985,0.0,0.0,,6.818187002321719,1.4719944570767278e-16,7.036564973435412e-15,1.100526824451038e-14,0.0,0.0,28.08112571464716,6.81818700232172,-2.860153805830195e-15,630.9643007383547,630.9643007383544,631.3859379415835,631.3859379415832,-0.12695009991262812,0.12695009991262812,0.45548331086828514,1.8314775831435505e-17,858.0129576850454,858.0129576850459,855.4803214846874,855.480321484688,-0.5,-0.5,-0.5,-0.5
1,1814,37,after_integrate,1.813999999999911,1.8129999999999111,0.001,0,0,0.48383766412734985,0.0,0.0,,6.825986460093706,1.4741769738436794e-16,7.0475615686838686e-15,1.1071576656127448e-14,0.0,0.0,28.09720609970224,6.825986460093706,-2.8642170019550127e-15,630.9727804042872,630.9727804042869,631.4097316079249,631.4097316079244,-0.1269106448635201,0.12691064486350748,0.4554824182583265,1.1623969743238537e-18,857.577291119905,857.5772911199055,854.9526775746261,854.9526775746268,-0.5,-0.5,-0.5,-0.5
1,1815,37,after_integrate,1.814999999999911,1.813999999999911,0.001,0,0,0.48383766412734985,0.0,0.0,,6.833790380892243,1.4763571703089132e-16,7.058679927434001e-15,1.1034648157364615e-14,0.0,0.0,28.113286453171238,6.833790380892243,-2.869568144070766e-15,630.9798977370127,630.9798977370124,631.4321613774551,631.4321613774547,-0.12687115662954618,0.12687115662955878,0.45548151200973613,2.4477210272499704e-17,857.1423523476882,857.1423523476886,854.4257717930246,854.4257717930253,-0.5,-0.5,-0.5,-0.5
1,1816,37,after_integrate,1.8159999999999108,1.814999999999911,0.001,0,0,0.48383766412734985,0.0,0.0,,6.841598764696593,1.4785103369704869e-16,7.069763544864665e-15,1.1124228538110648e-14,0.0,0.0,28.129366774563373,6.841598764696593,-2.874117066499649e-15,630.9856547953385,630.9856547953382,631.4532293485343,631.4532293485339,-0.1268316354280518,0.12683163542806442,0.4554805915886525,4.9618834102299986e-17,856.7081626507118,856.7081626507122,853.8996252174469,853.8996252174476,-0.5,-0.5,-0.5,-0.5
1,1817,37,after_integrate,1.8169999999999107,1.8159999999999108,0.001,0,0,0.48383766412734985,0.0,0.0,,6.849411611486383,1.4806281979121553e-16,7.080882458197935e-15,1.1167053851880479e-14,0.0,0.0,28.145447063369183,6.849411611486384,-2.8783293264390906e-15,630.9900536946143,630.9900536946141,631.4729376892242,631.4729376892237,-0.1267920814886071,0.1267920814886197,0.4554796564744316,5.169927529952271e-17,856.2747427946949,856.2747427946954,853.3742583298186,853.3742583298193,-0.5,-0.5,-0.5,-0.5
1,1818,37,after_integrate,1.8179999999999106,1.8169999999999107,0.001,0,0,0.48383766412734985,0.0,0.0,,6.857228921241604,1.4827775805268667e-16,7.092155725215371e-15,1.126507077317784e-14,0.0,0.0,28.161527319061122,6.857228921241604,-2.8808138636900015e-15,630.9930966051222,630.9930966051219,631.4912886357226,631.4912886357223,-0.1267524950517721,0.12675249505178474,0.45547870616309216,2.3960014927230428e-17,855.8421130759463,855.8421130759467,852.849691063348,852.8496910633487,-0.5,-0.5,-0.5,-0.5
1,1819,37,after_integrate,1.8189999999999105,1.8179999999999106,0.001,0,0,0.48383766412734985,0.0,0.0,,6.865050693942608,1.4848985576108514e-16,7.103416207829834e-15,1.127891010352288e-14,0.0,0.0,28.177607541094133,6.865050693942608,-2.8880415676864027e-15,630.9947857506031,630.9947857506029,631.5082844908309,631.5082844908304,-0.1267128763677924,0.1267128763677798,0.45547774017026915,-2.7963522228857946e-17,855.4102933385076,855.410293338508,852.3259428200371,852.3259428200378,-0.5,-0.5,-0.5,-0.5
1,1820,37,after_integrate,1.8199999999999104,1.8189999999999105,0.001,0,0,0.48383766412734985,0.0,0.0,,6.872876929570115,1.4869953631064071e-16,7.114696529640642e-15,1.1320492078049449e-14,0.0,0.0,28.193687728906443,6.872876929570115,-2.8927834110620042e-15,630.995123406855,630.9951234068548,631.5239276224002,631.5239276223998,-0.12667322569531472,0.12667322569530212,0.45547675803366144,-9.58325431719122e-19,854.9793029819009,854.9793029819014,851.8030324793343,851.803032479335,-0.5,-0.5,-0.5,-0.5
1,1821,37,after_integrate,1.8209999999999102,1.8199999999999104,0.001,0,0,0.48383766412734985,0.0,0.0,,6.88070762810521,1.4890811982032005e-16,7.126014360340553e-15,1.1245297432022491e-14,0.0,0.0,28.209767881920378,6.880707628105209,-2.899053533751092e-15,630.9941119003743,630.9941119003739,631.538220461739,631.5382204617385,-0.12663354330029725,0.1266335433003099,0.45547575931505463,2.2921121549679602e-17,854.5491609658108,854.5491609658112,851.2809784042487,851.2809784042494,-0.5,-0.5,-0.5,-0.5
1,1822,37,after_integrate,1.8219999999999101,1.8209999999999102,0.001,0,0,0.48383766412734985,0.0,0.0,,6.888542789529355,1.491132301938162e-16,7.13732228777303e-15,1.1346949086680437e-14,0.0,0.0,28.225847999543223,6.888542789529354,-2.9027159938100005e-15,630.9917536070387,630.9917536070385,631.5511655019859,631.5511655019855,-0.12659382945487663,0.12659382945487663,0.4554747436019631,-2.0968336757407636e-18,854.1198858138556,854.1198858138561,850.7597984469684,850.7597984469691,-0.5,-0.5,-0.5,-0.5
1,1823,37,after_integrate,1.82299999999991,1.8219999999999101,0.001,0,0,0.48383766412734985,0.0,0.0,,6.896382413824387,1.493182996609889e-16,7.148669116772036e-15,1.1345845974260147e-14,0.0,0.0,28.241928081168172,6.896382413824388,-2.909524185044732e-15,630.9880509508255,630.9880509508253,631.5627652964475,631.5627652964471,-0.12655408443625424,0.12655408443626687,0.4554737105089004,2.1576000328281517e-17,853.69149561691,853.6914956169104,850.2395099544902,850.2395099544909,-0.5,-0.5,-0.5,-0.5
1,1824,37,after_integrate,1.82399999999991,1.82299999999991,0.001,0,0,0.48383766412734985,0.0,0.0,,6.904226500972535,1.4952205731214395e-16,7.160031611564242e-15,1.1454731301312969e-14,0.0,0.0,28.25800812617531,6.904226500972535,-2.9137421915006815e-15,630.9830064025629,630.9830064025626,631.5730224569108,631.5730224569105,-0.12651430852581563,0.12651430852581563,0.45547265967833866,-1.3655353825024682e-18,853.2640080363265,853.2640080363269,849.7201297744772,849.7201297744779,-0.5,-0.5,-0.5,-0.5
1,1825,37,after_integrate,1.8249999999999098,1.82399999999991,0.001,0,0,0.48383766412734985,0.0,0.0,,6.9120750509564175,1.4972491543712703e-16,7.17149209318405e-15,1.1343724656861516e-14,0.0,0.0,28.274088133932626,6.912075050956417,-2.9194577077249712e-15,630.9766224787159,630.9766224787155,631.5819396519339,631.5819396519335,-0.12647450200805535,0.12647450200806798,0.45547159078140687,2.253107457891056e-17,852.8374403071763,852.8374403071767,849.2016742614836,849.2016742614843,-0.5,-0.5,-0.5,-0.5
1,1826,37,after_integrate,1.8259999999999097,1.8249999999999098,0.001,0,0,0.48383766412734985,0.0,0.0,,6.919928063759057,1.49925436932375e-16,7.182852928457952e-15,1.1440422368309414e-14,0.0,0.0,28.290168103796972,6.919928063759057,-2.923779276405559e-15,630.968901740202,630.9689017402018,631.589519605119,631.5895196051185,-0.12643466516987414,0.12643466516987414,0.4554705035183028,-1.86209320952786e-18,852.41180924124,852.4118092412405,848.6841592832116,848.6841592832122,-0.5,-0.5,-0.5,-0.5
1,1827,37,after_integrate,1.8269999999999096,1.8259999999999097,0.001,0,0,0.48383766412734985,0.0,0.0,,6.927785539363891,1.5012714939356156e-16,7.194348995566553e-15,1.1452653569243862e-14,0.0,0.0,28.306248035115186,6.927785539363891,-2.92845337164412e-15,630.95984679124,630.9598467912397,631.5957650933742,631.5957650933738,-0.12639479829960457,0.12639479829960457,0.4554693976185215,2.4435777852970458e-17,851.9871312302064,851.9871312302068,848.1676002272415,848.1676002272421,-0.5,-0.5,-0.5,-0.5
1,1828,37,after_integrate,1.8279999999999095,1.8269999999999096,0.001,0,0,0.48383766412734985,0.0,0.0,,6.935647477754777,1.5032794535050352e-16,7.205795159243184e-15,1.1453761441160827e-14,0.0,0.0,28.322327927225057,6.935647477754777,-2.9357128231731887e-15,630.9494602782248,630.9494602782246,631.6006789451687,631.6006789451684,-0.12635490168637173,0.12635490168637173,0.45546827284084657,-3.0067884144330783e-18,851.5634222486541,851.5634222486545,847.6520120077478,847.6520120077485,-0.5,-0.5,-0.5,-0.5
1,1829,37,after_integrate,1.8289999999999094,1.8279999999999095,0.001,0,0,0.48383766412734985,0.0,0.0,,6.943513878916008,1.5052654692570473e-16,7.217262289572701e-15,1.1462040180550355e-14,0.0,0.0,28.338407779456404,6.943513878916008,-2.9412163773817004e-15,630.9377448886341,630.9377448886338,631.604264038782,631.6042640387816,-0.1263149756193346,0.126314975619322,0.45546712897321734,-5.441410173263961e-18,851.1406978571217,851.1406978571222,847.1374090725183,847.137409072519,-0.5,-0.5,-0.5,-0.5
1,1830,37,after_integrate,1.8299999999999093,1.8289999999999094,0.001,0,0,0.48383766412734985,0.0,0.0,,6.9513847428323166,1.5072350150145232e-16,7.22872628900851e-15,1.1518072148915666e-14,0.0,0.0,28.35448759113208,6.9513847428323166,-2.946644313362536e-15,630.9247033499597,630.9247033499595,631.6065233005555,631.6065233005552,-0.1262750203870589,0.1262750203870589,0.4554659658324023,2.5433248457170304e-17,850.7189732051814,850.7189732051819,846.6238054101183,846.623805410119,-0.5,-0.5,-0.5,-0.5
1,1831,37,after_integrate,1.8309999999999091,1.8299999999999093,0.001,0,0,0.48383766412734985,0.0,0.0,,6.959260069488895,1.5092027030183373e-16,7.240246850983336e-15,1.1456219011301474e-14,0.0,0.0,28.370567361568977,6.959260069488894,-2.950282419570955e-15,630.9103384286666,630.9103384286663,631.607459703147,631.6074597031467,-0.12623503627697244,0.12623503627697244,0.4554647832635735,-4.691934092097561e-18,850.2982630344501,850.2982630344505,846.1112145571493,846.11121455715,-0.5,-0.5,-0.5,-0.5
1,1832,37,after_integrate,1.831999999999909,1.8309999999999091,0.001,0,0,0.48383766412734985,0.0,0.0,,6.9671398588714,1.5111479262139332e-16,7.251713896756084e-15,1.151097088652794e-14,0.0,0.0,28.386647090079045,6.9671398588714,-2.955968246019572e-15,630.8946529291765,630.8946529291761,631.6070762637919,631.6070762637916,-0.12619502357475115,0.12619502357476375,0.4554635811397628,2.6833813353388748e-17,849.8785816816995,849.8785816817,845.5996496056939,845.5996496056946,-0.5,-0.5,-0.5,-0.5
1,1833,37,after_integrate,1.832999999999909,1.831999999999909,0.001,0,0,0.48383766412734985,0.0,0.0,,6.975024110965966,1.5131153308413028e-16,7.263294762071985e-15,1.1556842820873617e-14,0.0,0.0,28.40272677597023,6.975024110965966,-2.9610733975814448e-15,630.8776496928751,630.8776496928748,631.605376042574,631.6053760425735,-0.12615498256393787,0.12615498256393787,0.45546235936120955,-2.262783923500017e-18,849.4599430819279,849.4599430819284,845.0891232108224,845.0891232108231,-0.5,-0.5,-0.5,-0.5
1,1834,37,after_integrate,1.8339999999999088,1.832999999999909,0.001,0,0,0.48383766412734985,0.0,0.0,,6.982912825759217,1.5150814510214206e-16,7.274899390814458e-15,1.1656995058281029e-14,0.0,0.0,28.418806418547458,6.982912825759216,-2.9679733745831124e-15,630.8593315971431,630.8593315971428,631.6023621407084,631.602362140708,-0.12611491352544069,0.12611491352545331,0.455461117854668,5.228725846104404e-17,849.0423607714764,849.0423607714769,844.5796475982065,844.5796475982072,-0.5,-0.5,-0.5,-0.5
1,1835,37,after_integrate,1.8349999999999087,1.8339999999999088,0.001,0,0,0.48383766412734985,0.0,0.0,,6.990806003238281,1.517080672823843e-16,7.286605152699445e-15,1.174405456575822e-14,0.0,0.0,28.434886017113524,6.990806003238281,-2.972212710898323e-15,630.8397015544087,630.8397015544084,631.5980376988402,631.59803769884,-0.12607481673722665,0.12607481673723928,0.4554598565726077,5.1443052092242417e-17,848.6258478911814,848.6258478911818,844.0712345718085,844.071234571809,-0.5,-0.5,-0.5,-0.5
1,1836,37,after_integrate,1.8359999999999086,1.8349999999999087,0.001,0,0,0.48383766412734985,0.0,0.0,,6.9987036433907965,1.5190835766401085e-16,7.298347596686187e-15,1.1752630737940682e-14,0.0,0.0,28.450965570970038,6.998703643390796,-2.9769960691426845e-15,630.8187625112212,630.8187625112209,631.5924058953592,631.592405895359,-0.12603469247397045,0.12603469247395782,0.45545857549239366,6.907354472962478e-19,848.2104171895252,848.2104171895256,843.5638955215923,843.5638955215927,-0.5,-0.5,-0.5,-0.5
1,1837,37,after_integrate,1.8369999999999085,1.8359999999999086,0.001,0,0,0.48383766412734985,0.0,0.0,,7.0066057462049285,1.521077580654265e-16,7.310097334918334e-15,1.17754144650422e-14,0.0,0.0,28.467045079418213,7.0066057462049285,-2.9824195557771236e-15,630.7965174473442,630.796517447344,631.5854699447331,631.5854699447327,-0.12599454100672064,0.12599454100670807,0.45545727461541946,-2.1670923200771828e-17,847.7960810259325,847.796081025933,843.0576414313933,843.0576414313938,-0.5,-0.5,-0.5,-0.5
1,1838,37,after_integrate,1.8379999999999084,1.8369999999999085,0.001,0,0,0.48383766412734985,0.0,0.0,,7.014512311669377,1.523082449657941e-16,7.321926373883844e-15,1.1863497829535239e-14,0.0,0.0,28.483124541759754,7.014512311669377,-2.9864866775749883e-15,630.7729693748682,630.772969374868,631.5772330958627,631.5772330958624,-0.1259543626027987,0.12595436260278609,0.4554559539662011,-4.12342406492967e-19,847.3828513739467,847.3828513739471,842.5524828866437,842.5524828866442,-0.5,-0.5,-0.5,-0.5
1,1839,37,after_integrate,1.8389999999999083,1.8379999999999084,0.001,0,0,0.48383766412734985,0.0,0.0,,7.02242333977339,1.5251267192466106e-16,7.333876537721104e-15,1.1939474257100445e-14,0.0,0.0,28.499203957297645,7.02242333977339,-2.9920584902930037e-15,630.7481213373422,630.748121337342,631.5676986304587,631.5676986304585,-0.12591415752551371,0.12591415752551371,0.4554546135914625,2.336154157484478e-17,846.9707398246405,846.970739824641,842.0484300823268,842.0484300823273,-0.5,-0.5,-0.5,-0.5
1,1840,37,after_integrate,1.8399999999999082,1.8389999999999083,0.001,0,0,0.48383766412734985,0.0,0.0,,7.030338830506774,1.5271472886196326e-16,7.345802604967145e-15,1.195701240208457e-14,0.0,0.0,28.515283325336902,7.030338830506774,-3.0012495601326924e-15,630.7219764089205,630.7219764089202,631.5568698614433,631.556869861443,-0.12587392603409622,0.12587392603409622,0.4554532535592044,2.2662196559320604e-17,846.5597575898921,846.5597575898926,841.5454928307327,841.5454928307331,-0.5,-0.5,-0.5,-0.5
1,1841,37,after_integrate,1.840999999999908,1.8399999999999082,0.001,0,0,0.48383766412734985,0.0,0.0,,7.038258783859905,1.5291598971807493e-16,7.357762998960931e-15,1.1954322855932617e-14,0.0,0.0,28.531362645185325,7.038258783859906,-3.0050137488265414e-15,630.6945376935272,630.6945376935269,631.5447501313752,631.5447501313749,-0.1258336683834976,0.12583366838351026,0.4554518739577821,4.986522802951199e-17,846.1499155058971,846.1499155058975,841.0436805694077,841.0436805694081,-0.5,-0.5,-0.5,-0.5
1,1842,37,after_integrate,1.841999999999908,1.840999999999908,0.001,0,0,0.48383766412734985,0.0,0.0,,7.046183199823736,1.5311729903573728e-16,7.369724617139824e-15,1.2001408013494901e-14,0.0,0.0,28.547441916154174,7.046183199823736,-3.0085008805192532e-15,630.6658083240363,630.6658083240361,631.531342810903,631.5313428109026,-0.12579338482447253,0.12579338482447253,0.4554504748949497,2.6902698775815493e-17,845.7412240365861,845.7412240365866,840.543002368951,840.5430023689514,-0.5,-0.5,-0.5,-0.5
1,1843,37,after_integrate,1.8429999999999078,1.841999999999908,0.001,0,0,0.48383766412734985,0.0,0.0,,7.054112078389812,1.5331930562065212e-16,7.38172816948298e-15,1.1941620111084344e-14,0.0,0.0,28.563521137558887,7.054112078389812,-3.012362824659428e-15,630.6357914614667,630.6357914614665,631.5166512972452,631.5166512972448,-0.12575307560339907,0.12575307560339907,0.45544905649696277,2.4430945267112946e-17,845.3336932771871,845.3336932771875,840.0434669408644,840.0434669408648,-0.5,-0.5,-0.5,-0.5
1,1844,37,after_integrate,1.8439999999999077,1.8429999999999078,0.001,0,0,0.48383766412734985,0.0,0.0,,7.062045419550278,1.5352008772266266e-16,7.393673823030105e-15,1.1944883955901041e-14,0.0,0.0,28.579600308719645,7.062045419550278,-3.0190873042799747e-15,630.6044902941891,630.6044902941888,631.5006790126987,631.5006790126985,-0.12571274096244486,0.12571274096243226,0.455447618907638,9.770086122770152e-20,844.9273329578692,844.9273329578697,839.5450826453985,839.5450826453989,-0.5,-0.5,-0.5,-0.5
1,1845,37,after_integrate,1.8449999999999076,1.8439999999999077,0.001,0,0,0.48383766412734985,0.0,0.0,,7.069983223297884,1.5371937790654045e-16,7.405619411466656e-15,1.1995512843343017e-14,0.0,0.0,28.59567942896202,7.069983223297884,-3.023683107643357e-15,630.5719080371493,630.5719080371491,631.483429403177,631.4834294031766,-0.12567238113947132,0.12567238113948395,0.4554461622874834,2.4831054767122433e-17,844.5221524473351,844.5221524473355,839.0478574992659,839.0478574992663,-0.5,-0.5,-0.5,-0.5
1,1846,37,after_integrate,1.8459999999999075,1.8449999999999076,0.001,0,0,0.48383766412734985,0.0,0.0,,7.077925489625998,1.5391931860689264e-16,7.417633274333727e-15,1.2012688692458394e-14,0.0,0.0,28.611758497617554,7.077925489625998,-3.030294502772574e-15,630.5380479311023,630.538047931102,631.4649059367767,631.4649059367764,-0.12563199636828204,0.12563199636828204,0.4554446868128048,2.4656820299598475e-17,844.1181607566281,844.1181607566285,838.551799183441,838.5517991834414,-0.5,-0.5,-0.5,-0.5
1,1847,37,after_integrate,1.8469999999999074,1.8459999999999075,0.001,0,0,0.48383766412734985,0.0,0.0,,7.085872218528616,1.5412013159948405e-16,7.429693829460826e-15,1.2034542129272978e-14,0.0,0.0,28.62783751402428,7.085872218528616,-3.032574393296325e-15,630.5029132418571,630.5029132418568,631.4451121023777,631.4451121023775,-0.1255915868785472,0.1255915868785472,0.4554431926748567,2.2230075866972684e-17,843.7153665428655,843.7153665428659,838.0569150507928,838.0569150507932,-0.5,-0.5,-0.5,-0.5
1,1848,37,after_integrate,1.8479999999999073,1.8469999999999074,0.001,0,0,0.48383766412734985,0.0,0.0,,7.093823410000363,1.5432024388232512e-16,7.441721412216078e-15,1.2036195092440065e-14,0.0,0.0,28.643916477527227,7.093823410000363,-3.0406358520644565e-15,630.466507259536,630.4665072595358,631.4240514082717,631.4240514082715,-0.1255511528960708,0.1255511528960708,0.4554416800790275,2.372268629000085e-17,843.3137781131322,843.3137781131327,837.5632121337419,837.5632121337424,-0.5,-0.5,-0.5,-0.5
1,1849,37,after_integrate,1.8489999999999072,1.8479999999999073,0.001,0,0,0.48383766412734985,0.0,0.0,,7.101779064036507,1.5451915308546582e-16,7.453759494725576e-15,1.2046377483551053e-14,0.0,0.0,28.659995387478947,7.101779064036507,-3.045238171020089e-15,630.4288332978416,630.4288332978413,631.4017273808228,631.4017273808225,-0.1255106946428977,0.12551069464291031,0.45544014924401355,4.8917163789877486e-17,842.9134034284089,842.9134034284093,837.070697151842,837.0706971518424,-0.5,-0.5,-0.5,-0.5
1,1850,37,after_integrate,1.849999999999907,1.8489999999999072,0.001,0,0,0.48383766412734985,0.0,0.0,,7.109739180632964,1.5471883304805866e-16,7.465816454063859e-15,1.2056371291876031e-14,0.0,0.0,28.676074243239892,7.109739180632963,-3.0495564770386675e-15,630.3898946933347,630.3898946933344,631.3781435631616,631.3781435631614,-0.12547021233756128,0.12547021233757388,0.45543860040107653,3.142897778999364e-17,842.5142501075784,842.5142501075788,836.5793765192967,836.5793765192972,-0.5,-0.5,-0.5,-0.5
1,1851,38,after_integrate,1.850999999999907,1.849999999999907,0.001,0,0,0.4597177803516388,0.0,0.0,,7.117703759786302,1.5491799206344088e-16,7.477887758436672e-15,1.2061334888878127e-14,0.0,0.0,28.692153044178934,7.117703759786303,-3.054822921205951e-15,630.3496948047236,630.3496948047234,631.3533035139097,631.3533035139095,-0.1254297061951829,0.12542970619519547,0.45543703346718534,5.485341198073757e-17,842.0657537181586,842.065753718159,836.0386846390725,836.0386846390729,-0.5,-0.5,-0.5,-0.5
1,1852,38,after_integrate,1.8519999999999068,1.850999999999907,0.001,0,0,0.4597177803516388,0.0,0.0,,7.125672801476016,1.5511737708118295e-16,7.489954924186583e-15,1.2083590272138945e-14,0.0,0.0,28.708231789663586,7.125672801476016,-3.0587983964044886e-15,630.3080954586868,630.3080954586866,631.3270689736563,631.3270689736561,-0.12538917622594123,0.12538917622595383,0.4554354494350321,2.882604527715986e-17,841.6851276586646,841.685127658665,835.5658354619417,835.5658354619421,-0.5,-0.5,-0.5,-0.5
1,1853,38,after_integrate,1.8529999999999067,1.8519999999999068,0.001,0,0,0.4597177803516388,0.0,0.0,,7.133646305699262,1.5531693161061446e-16,7.502054391788146e-15,1.2108370796757761e-14,0.0,0.0,28.724310479079683,7.133646305699262,-3.063237373134763e-15,630.2651282670107,630.2651282670104,631.2994717868021,631.2994717868019,-0.12534862265101104,0.12534862265099841,0.45543384729027975,-2.0624977474904662e-17,841.1878127559472,841.1878127559477,834.9762684541706,834.9762684541711,-0.5,-0.5,-0.5,-0.5
1,1854,38,after_integrate,1.8539999999999066,1.8529999999999067,0.001,0,0,0.4597177803516388,0.0,0.0,,7.141624272386407,1.5551656108921537e-16,7.514160953029812e-15,1.2094904927805661e-14,0.0,0.0,28.74038911180847,7.141624272386406,-3.069954030079918e-15,630.2206374168949,630.2206374168946,631.2703560043091,631.2703560043087,-0.12530804491678918,0.1253080449168018,0.45543222789262766,5.358932972812064e-17,840.6905770809211,840.6905770809216,834.3867525400897,834.3867525400901,-0.5,-0.5,-0.5,-0.5
1,1855,38,after_integrate,1.8549999999999065,1.8539999999999066,0.001,0,0,0.4597177803516388,0.0,0.0,,7.149606701491834,1.5571612812746763e-16,7.526262758264414e-15,1.2112372192838352e-14,0.0,0.0,28.756467687239653,7.149606701491833,-3.0737221359761308e-15,630.1745976056667,630.1745976056663,631.2396964680248,631.2396964680245,-0.1252674427832304,0.12526744278321778,0.4554305911677922,1.0093029559014786e-19,840.1899122643199,840.1899122643204,833.7937785188058,833.7937785188062,-0.5,-0.5,-0.5,-0.5
1,1856,38,after_integrate,1.8559999999999064,1.8549999999999065,0.001,0,0,0.4597177803516388,0.0,0.0,,7.157593592955914,1.5591685671174013e-16,7.538372000248901e-15,1.2089257556585558e-14,0.0,0.0,28.77254620476226,7.157593592955914,-3.0809803331555132e-15,630.127005030523,630.1270050305228,631.2074895840981,631.2074895840979,-0.12522681586410267,0.12522681586409007,0.4554289369879987,-2.3641420645305795e-17,839.6877964514753,839.6877964514757,833.199323317491,833.1993233174915,-0.5,-0.5,-0.5,-0.5
1,1857,38,after_integrate,1.8569999999999063,1.8559999999999064,0.001,0,0,0.4597177803516388,0.0,0.0,,7.165584946719796,1.5611527156218584e-16,7.550463833526963e-15,1.2095601891570647e-14,0.0,0.0,28.788624663758693,7.165584946719796,-3.088242471957479e-15,630.0778578654486,630.0778578654483,631.1737337383869,631.1737337383867,-0.12518616380296255,0.12518616380296255,0.45542726514065424,2.944049433406742e-17,839.185646064837,839.1856460648374,832.6048021230978,832.6048021230982,-0.5,-0.5,-0.5,-0.5
1,1858,38,after_integrate,1.8579999999999062,1.8569999999999063,0.001,0,0,0.4597177803516388,0.0,0.0,,7.173580762725166,1.5631300966734763e-16,7.56256086133268e-15,1.2098443169364336e-14,0.0,0.0,28.80470306360226,7.173580762725165,-3.09206968106686e-15,630.0271568103784,630.0271568103782,631.1384298489713,631.1384298489711,-0.1251454862693782,0.12514548626939082,0.4554255753400361,2.657744606429964e-17,838.6841504204071,838.6841504204076,832.0109029786988,832.0109029786993,-0.5,-0.5,-0.5,-0.5
1,1859,38,after_integrate,1.858999999999906,1.8579999999999062,0.001,0,0,0.4597177803516388,0.0,0.0,,7.18158104091449,1.5651227374543593e-16,7.574673666251136e-15,1.2126804958391352e-14,0.0,0.0,28.82078140365504,7.18158104091449,-3.096910997879465e-15,629.9749039412796,629.9749039412794,631.1015802148252,631.1015802148249,-0.12510478296032304,0.12510478296031044,0.45542386724369865,-1.873496434702239e-17,838.1836113167155,838.183611316716,831.417926380931,831.4179263809315,-0.5,-0.5,-0.5,-0.5
1,1860,38,after_integrate,1.859999999999906,1.858999999999906,0.001,0,0,0.4597177803516388,0.0,0.0,,7.189585781231158,1.5671208017484486e-16,7.586800116095008e-15,1.2127888420930865e-14,0.0,0.0,28.83685968326602,7.189585781231158,-3.1044988077883165e-15,629.9211019706264,629.9211019706262,631.0631877757462,631.0631877757459,-0.1250640536002653,0.12506405360027792,0.45542214046670454,5.826123695852269e-17,837.6841606694496,837.6841606694501,830.8260029179072,830.8260029179077,-0.5,-0.5,-0.5,-0.5
1,1861,38,after_integrate,1.8609999999999058,1.859999999999906,0.001,0,0,0.4597177803516388,0.0,0.0,,7.19759498361954,1.5691138005177264e-16,7.598990932165735e-15,1.2212033313780683e-14,0.0,0.0,28.85293790176992,7.19759498361954,-3.109448336716649e-15,629.8657539023085,629.8657539023081,631.0232557675614,631.0232557675612,-0.1250232979404391,0.12502329794045172,0.45542039459380285,2.769150858339878e-17,837.1858616567099,837.1858616567104,830.2351944126957,830.2351944126962,-0.5,-0.5,-0.5,-0.5
1,1862,38,after_integrate,1.8619999999999057,1.8609999999999058,0.001,0,0,0.4597177803516388,0.0,0.0,,7.205608648024991,1.571104824527845e-16,7.611205563726742e-15,1.224407171181573e-14,0.0,0.0,28.869016058486338,7.205608648024991,-3.1127589026683547e-15,629.808862887561,629.8088628875607,630.9817875786831,630.9817875786828,-0.1249825157573106,0.12498251575732322,0.4554186291899876,5.1105783268544755e-17,836.6887506027688,836.6887506027692,829.6455358033323,829.6455358033328,-0.5,-0.5,-0.5,-0.5
1,1863,38,after_integrate,1.8629999999999056,1.8619999999999057,0.001,0,0,0.4597177803516388,0.0,0.0,,7.2136267743938465,1.5731174337755053e-16,7.623453497076331e-15,1.2247895001982857e-14,0.0,0.0,28.885094152719137,7.2136267743938465,-3.118436523638139e-15,629.7504321674312,629.7504321674309,630.9387866932358,630.9387866932354,-0.12494170685097157,0.12494170685097157,0.45541684380972663,1.4168290435696648e-18,836.1928533881991,836.1928533881995,829.0570515489957,829.0570515489961,-0.5,-0.5,-0.5,-0.5
1,1864,38,after_integrate,1.8639999999999055,1.8629999999999056,0.001,0,0,0.4597177803516388,0.0,0.0,,7.221649362673406,1.5751243654214569e-16,7.635701414881278e-15,1.225826726532752e-14,0.0,0.0,28.90117218375633,7.221649362673406,-3.123860102689966e-15,629.6904650498477,629.6904650498475,630.8942566686948,630.8942566686945,-0.12490087104349037,0.12490087104349037,0.455415038005056,2.7940680031782942e-18,835.6981916930314,835.6981916930318,828.4697618697612,828.4697618697617,-0.5,-0.5,-0.5,-0.5
1,1865,38,after_integrate,1.8649999999999054,1.8639999999999055,0.001,0,0,0.4597177803516388,0.0,0.0,,7.229676412811923,1.577128440503094e-16,7.647919165299869e-15,1.2182118910296205e-14,0.0,0.0,28.917250150870114,7.229676412811923,-3.1317097402831717e-15,629.6289649000222,629.628964900022,630.8482011267246,630.8482011267243,-0.12486000817727898,0.12486000817726635,0.455413211332639,3.7627686511157686e-18,835.2047853349989,835.2047853349993,827.8836850822336,827.883685082234,-0.5,-0.5,-0.5,-0.5
1,1866,38,after_integrate,1.8659999999999053,1.8649999999999054,0.001,0,0,0.4597177803516388,0.0,0.0,,7.237707924758587,1.5791367822404983e-16,7.660152563462508e-15,1.2257440820164054e-14,0.0,0.0,28.93332805331712,7.2377079247585865,-3.134738214752994e-15,629.5659351358986,629.5659351358984,630.8006237489205,630.8006237489203,-0.12481911811348971,0.12481911811350234,0.455411363359917,2.9475793770063586e-17,834.7126531395904,834.7126531395909,827.2988384678621,827.2988384678625,-0.5,-0.5,-0.5,-0.5
1,1867,38,after_integrate,1.8669999999999052,1.8659999999999053,0.001,0,0,0.4597177803516388,0.0,0.0,,7.2457438984635205,1.5811692636904984e-16,7.672414691160491e-15,1.2267435919790012e-14,0.0,0.0,28.949405890338916,7.2457438984635205,-3.142381479318148e-15,629.5013792255083,629.501379225508,630.7515282743241,630.7515282743237,-0.12477820073057115,0.12477820073057115,0.4554094936704196,3.336607507941441e-17,834.2218132644787,834.2218132644791,826.7152385964141,826.7152385964146,-0.5,-0.5,-0.5,-0.5
1,1868,38,after_integrate,1.867999999999905,1.8669999999999052,0.001,0,0,0.4597177803516388,0.0,0.0,,7.253784333877767,1.5832045043576654e-16,7.684732151992043e-15,1.2304220059014303e-14,0.0,0.0,28.96548366116269,7.253784333877767,-3.1462972316533558e-15,629.4353006850598,629.4353006850596,630.700918497543,630.7009184975427,-0.12473725592265424,0.12473725592266685,0.4554076018683098,5.5202679267229577e-17,833.7322833225021,833.7322833225026,826.1329014487924,826.1329014487928,-0.5,-0.5,-0.5,-0.5
1,1869,38,after_integrate,1.868999999999905,1.867999999999905,0.001,0,0,0.4597177803516388,0.0,0.0,,7.2618292309532855,1.585233848369244e-16,7.697032616161236e-15,1.238219830747994e-14,0.0,0.0,28.981561365002023,7.2618292309532855,-3.1516964142740383e-15,629.3677030773267,629.3677030773265,630.6487982670576,630.6487982670574,-0.12469628359832431,0.12469628359832431,0.4554056875822568,2.5805892770605853e-17,833.2440804302431,833.2440804302436,825.5518424661138,825.5518424661143,-0.5,-0.5,-0.5,-0.5
1,1870,38,after_integrate,1.8699999999999048,1.868999999999905,0.001,0,0,0.4597177803516388,0.0,0.0,,7.26987858964295,1.587281314017081e-16,7.709414377724703e-15,1.236832683914982e-14,0.0,0.0,28.997639001057863,7.26987858964295,-3.1558534238816453e-15,629.2985900101723,629.298590010172,630.595171483558,630.5951714835578,-0.1246552836792117,0.12465528367922432,0.4554037504686546,3.0218296622669866e-17,832.7572212292953,832.7572212292957,824.9720765721146,824.972076572115,-0.5,-0.5,-0.5,-0.5
1,1871,38,after_integrate,1.8709999999999047,1.8699999999999048,0.001,0,0,0.4597177803516388,0.0,0.0,,7.277932409900544,1.5893390847897871e-16,7.72179732967777e-15,1.2393434884828387e-14,0.0,0.0,29.013716568519495,7.277932409900544,-3.1608926519762763e-15,629.2279651351523,629.227965135152,630.5400420982668,630.5400420982666,-0.12461425609874115,0.12461425609874115,0.45540179021430244,3.12255257621372e-17,832.2717218973273,832.2717218973278,824.3936181859068,824.3936181859073,-0.5,-0.5,-0.5,-0.5
1,1872,38,after_integrate,1.8719999999999046,1.8709999999999047,0.001,0,0,0.4597177803516388,0.0,0.0,,7.2859906916807615,1.591402641776314e-16,7.734188047448604e-15,1.239974428554397e-14,0.0,0.0,29.029794066565746,7.2859906916807615,-3.1660042374885467e-15,629.1558321461711,629.1558321461708,630.4834141112316,630.4834141112314,-0.12457320080096469,0.12457320080096469,0.45539980653855566,4.942691657541475e-18,831.7875981552571,831.7875981552576,823.8164812313485,823.8164812313489,-0.5,-0.5,-0.5,-0.5
1,1873,38,after_integrate,1.8729999999999045,1.8719999999999046,0.001,0,0,0.4597177803516388,0.0,0.0,,7.2940534349392125,1.5934786464725858e-16,7.746594838668994e-15,1.2412316289728018e-14,0.0,0.0,29.045871494366057,7.2940534349392125,-3.1716067197735035e-15,629.0821947781844,629.0821947781841,630.4252915695885,630.4252915695881,-0.12453211773945269,0.12453211773945269,0.45539779919502194,3.0183145600681075e-17,831.3048652730105,831.3048652730109,823.2406791454524,823.2406791454529,-0.5,-0.5,-0.5,-0.5
1,1874,38,after_integrate,1.8739999999999044,1.8729999999999045,0.001,0,0,0.4597177803516388,0.0,0.0,,7.302120639632417,1.5955617402096346e-16,7.759006217261295e-15,1.2412236492022074e-14,0.0,0.0,29.06194885108186,7.302120639632416,-3.1777453336817027e-15,629.0070568059401,629.0070568059399,630.3656785658004,630.3656785658001,-0.12449100687621713,0.12449100687621713,0.4553957679728418,4.885397139553793e-18,830.8235380745941,830.8235380745946,822.6662248864806,822.666224886481,-0.5,-0.5,-0.5,-0.5
1,1875,38,after_integrate,1.8749999999999043,1.8739999999999044,0.001,0,0,0.4597177803516388,0.0,0.0,,7.310192305717814,1.5976501172900977e-16,7.771422044057652e-15,1.243244877814286e-14,0.0,0.0,29.078026135867702,7.310192305717814,-3.183797893062532e-15,628.930422042759,628.9304220427588,630.3045792358762,630.3045792358758,-0.12444986818074441,0.12444986818074441,0.45539371269759715,4.8528361203359905e-18,830.3436309429343,830.3436309429347,822.09313094217,822.0931309421704,-0.5,-0.5,-0.5,-0.5
1,1876,38,after_integrate,1.8759999999999042,1.8749999999999043,0.001,0,0,0.4597177803516388,0.0,0.0,,7.318268433153768,1.599740786173502e-16,7.783859315372162e-15,1.2435756435196888e-14,0.0,0.0,29.0941033478727,7.318268433153768,-3.1904420539824853e-15,628.8522943393515,628.8522943393513,630.241997757576,630.2419977575757,-0.12440870162908499,0.12440870162908499,0.4553916332319075,5.141674451124936e-18,829.8651578245127,829.8651578245132,821.521409338047,821.5214093380474,-0.5,-0.5,-0.5,-0.5
1,1877,38,after_integrate,1.876999999999904,1.8759999999999042,0.001,0,0,0.4597177803516388,0.0,0.0,,7.326349021899567,1.601836326770737e-16,7.796301770085488e-15,1.2450334715387585e-14,0.0,0.0,29.110180486241713,7.326349021899567,-3.1954487515480718e-15,628.7726775826682,628.7726775826679,630.1779383486078,630.1779383486075,-0.1243675072029765,0.12436750720298913,0.4553895294756934,3.090042887987061e-17,829.3881322339679,829.3881322339683,820.9510716459625,820.951071645963,-0.5,-0.5,-0.5,-0.5
1,1878,38,after_integrate,1.877999999999904,1.876999999999904,0.001,0,0,0.4597177803516388,0.0,0.0,,7.334434071915436,1.6039644480748925e-16,7.808811504559589e-15,1.2552214342128116e-14,0.0,0.0,29.126257550116787,7.334434071915436,-3.200161512152638e-15,628.6915756947851,628.6915756947849,630.1124052648223,630.1124052648221,-0.12432628488912464,0.12432628488912464,0.45538740136622274,7.044351565210554e-18,828.9125672585353,828.9125672585358,820.382128992684,820.3821289926844,-0.5,-0.5,-0.5,-0.5
1,1879,38,after_integrate,1.8789999999999039,1.877999999999904,0.001,0,0,0.4597177803516388,0.0,0.0,,7.3425235831625395,1.6061046221430959e-16,7.821355342952226e-15,1.2564516388903889e-14,0.0,0.0,29.14233453863837,7.3425235831625395,-3.2089307426786535e-15,628.6089926318206,628.6089926318203,630.0454027984092,630.0454027984089,-0.1242850346783912,0.1242850346783786,0.4553852488779159,-2.114971406513337e-17,828.4384755625343,828.4384755625348,819.8145920687184,819.8145920687189,-0.5,-0.5,-0.5,-0.5
1,1880,38,after_integrate,1.8799999999999037,1.8789999999999039,0.001,0,0,0.4597177803516388,0.0,0.0,,7.350617555602989,1.6082475984030758e-16,7.833919680363232e-15,1.2570966170487636e-14,0.0,0.0,29.158411450946655,7.350617555602988,-3.214565715461956e-15,628.5249323828816,628.5249323828814,629.9769352760978,629.9769352760976,-0.12424375656519022,0.12424375656519022,0.455383072021931,3.015347211571708e-17,827.9658693917589,827.9658693917594,819.24847113718,819.2484711371804,-0.5,-0.5,-0.5,-0.5
1,1881,38,after_integrate,1.8809999999999036,1.8799999999999037,0.001,0,0,0.4597177803516388,0.0,0.0,,7.35871598919985,1.6103940821359323e-16,7.846484031759235e-15,1.2570997599185683e-14,0.0,0.0,29.17448828618294,7.35871598919985,-3.2201352968853262e-15,628.4393989690416,628.4393989690413,629.9070070573712,629.9070070573708,-0.12420245054691655,0.12420245054691655,0.4553808708456064,1.9361818023718925e-18,827.494760577851,827.4947605778515,818.6837760427609,818.6837760427613,-0.5,-0.5,-0.5,-0.5
1,1882,38,after_integrate,1.8819999999999035,1.8809999999999036,0.001,0,0,0.4597177803516388,0.0,0.0,,7.366818883917154,1.6125373281680065e-16,7.859061524960391e-15,1.2637203798299527e-14,0.0,0.0,29.19056504349076,7.366818883917154,-3.226176902491649e-15,628.3523964423445,628.3523964423441,629.8356225326901,629.8356225326899,-0.12416111662335567,0.12416111662334306,0.4553786454317334,-1.9709519074737255e-17,827.0251605426655,827.025160542666,818.1205162207772,818.1205162207776,-0.5,-0.5,-0.5,-0.5
1,1883,38,after_integrate,1.8829999999999034,1.8819999999999035,0.001,0,0,0.4597177803516388,0.0,0.0,,7.374926239719899,1.6146953762241874e-16,7.871699964642818e-15,1.2574839388029376e-14,0.0,0.0,29.206641722017228,7.374926239719899,-3.234011602489432e-15,628.2639288848374,628.263928884837,629.762786121737,629.7627861217367,-0.12411975479617589,0.1241197547961885,0.45537639589771695,2.98006473083146e-17,826.5570803025826,826.557080302583,817.5587007062222,817.5587007062227,-0.5,-0.5,-0.5,-0.5
1,1884,38,after_integrate,1.8839999999999033,1.8829999999999034,0.001,0,0,0.4597177803516388,0.0,0.0,,7.383038056574065,1.6168456555577246e-16,7.88428466874915e-15,1.2608679691101897e-14,0.0,0.0,29.222718320914208,7.383038056574065,-3.2392435840191563e-15,628.1740004076267,628.1740004076264,629.6885022716783,629.6885022716781,-0.12407836506864137,0.12407836506865398,0.45537412239461333,3.6855691450375084e-17,826.0905304729106,826.090530472911,816.9983381429375,816.998338142938,-0.5,-0.5,-0.5,-0.5
1,1885,38,after_integrate,1.8849999999999032,1.8839999999999033,0.001,0,0,0.4597177803516388,0.0,0.0,,7.391154334446616,1.6190244083470342e-16,7.896953445405411e-15,1.2709359657571287e-14,0.0,0.0,29.238794839339484,7.391154334446616,-3.2439010182530596e-15,628.0826151499616,628.0826151499614,629.61277545545,629.6127754554498,-0.12403694744509139,0.124036947445104,0.45537182510609797,5.674725746745522e-17,825.6255212721982,825.6255212721986,816.439436792715,816.4394367927155,-0.5,-0.5,-0.5,-0.5
1,1886,38,after_integrate,1.885999999999903,1.8849999999999032,0.001,0,0,0.4597177803516388,0.0,0.0,,7.399275073305512,1.6212335349683883e-16,7.909702316114323e-15,1.2802425179677708e-14,0.0,0.0,29.254871276457877,7.399275073305511,-3.24821216233419e-15,627.9897772783377,627.9897772783374,629.5356101700675,629.5356101700672,-0.12399550193070281,0.12399550193071542,0.4553695042473437,5.5493012425487554e-17,825.1620625265912,825.1620625265916,815.8820045444198,815.8820045444203,-0.5,-0.5,-0.5,-0.5
1,1887,38,after_integrate,1.886999999999903,1.885999999999903,0.001,0,0,0.4597177803516388,0.0,0.0,,7.407400273119717,1.6234490888778653e-16,7.9224972678249e-15,1.2815727735485944e-14,0.0,0.0,29.270947631442358,7.407400273119718,-3.2531742801898e-15,627.8954909856249,627.8954909856245,629.4570109349631,629.4570109349628,-0.12395402853122103,0.12395402853122103,0.4553671600638462,8.704418373342756e-18,824.700163674216,824.7001636742165,815.3260489231144,815.3260489231149,-0.5,-0.5,-0.5,-0.5
1,1888,38,after_integrate,1.8879999999999029,1.886999999999903,0.001,0,0,0.4597177803516388,0.0,0.0,,7.415529933859202,1.6256701108577473e-16,7.93531290683043e-15,1.2821136132231146e-14,0.0,0.0,29.287023903475074,7.415529933859203,-3.2601237569109315e-15,627.7997604902162,627.7997604902159,629.3769822903538,629.3769822903536,-0.12391252725270878,0.1239125272527214,0.4553647928302176,5.979506152240763e-17,824.2398337696036,824.239833769604,814.7715770991805,814.771577099181,-0.5,-0.5,-0.5,-0.5
1,1889,38,after_integrate,1.8889999999999028,1.8879999999999029,0.001,0,0,0.4597177803516388,0.0,0.0,,7.4236640554949584,1.6278942518182897e-16,7.948133401453183e-15,1.2831016661631136e-14,0.0,0.0,29.303100091748412,7.423664055494958,-3.263111169812756e-15,627.7025900351962,627.7025900351958,629.2955287956371,629.2955287956368,-0.12387099810142585,0.12387099810142585,0.45536240284892915,5.901976433747111e-18,823.7810814880738,823.7810814880743,814.2185958973214,814.2185958973218,-0.5,-0.5,-0.5,-0.5
1,1890,38,after_integrate,1.8899999999999026,1.8889999999999028,0.001,0,0,0.4597177803516388,0.0,0.0,,7.431802637999003,1.6301168978694926e-16,7.960968282971968e-15,1.279807982251637e-14,0.0,0.0,29.31917619546586,7.431802637999003,-3.2708710499052835e-15,627.6039838875274,627.6039838875271,629.2126550278223,629.212655027822,-0.12382944108366399,0.12382944108366399,0.45535999044904346,3.1725527512577436e-17,823.3239151302213,823.3239151302217,813.6671118055916,813.6671118055921,-0.5,-0.5,-0.5,-0.5
1,1891,38,after_integrate,1.8909999999999025,1.8899999999999026,0.001,0,0,0.4597177803516388,0.0,0.0,,7.439945681344384,1.6323219692847744e-16,7.973719233278027e-15,1.2787600033746843e-14,0.0,0.0,29.335252213843006,7.439945681344383,-3.2772994477147066e-15,627.503946337258,627.5039463372577,629.128365579993,629.1283655799926,-0.12378785620566211,0.12378785620567473,0.455357555984932,6.039105811155357e-17,822.8683426263601,822.8683426263606,813.1171309843025,813.117130984303,-0.5,-0.5,-0.5,-0.5
1,1892,38,after_integrate,1.8919999999999024,1.8909999999999025,0.001,0,0,0.4597177803516388,0.0,0.0,,7.448093185505189,1.6345429816482608e-16,7.986560481481312e-15,1.2905687560887964e-14,0.0,0.0,29.351328146108372,7.448093185505188,-3.278281412144015e-15,627.4024816967425,627.4024816967423,629.0426650598062,629.0426650598059,-0.12374624347363959,0.12374624347362699,0.4553550998349912,-1.609605485922295e-17,822.4143715411308,822.4143715411312,812.5686592749576,812.568659274958,-0.5,-0.5,-0.5,-0.5
1,1893,38,after_integrate,1.8929999999999023,1.8919999999999024,0.001,0,0,0.4597177803516388,0.0,0.0,,7.45624515045655,1.6367859920192425e-16,7.999502531104893e-15,1.2937850162280578e-14,0.0,0.0,29.367403991504258,7.45624515045655,-3.28772364334565e-15,627.2995942998823,627.299594299882,628.9555580880259,628.9555580880256,-0.12370460289364409,0.12370460289365671,0.4553526224003585,3.3679109124109993e-17,821.9620090779777,821.9620090779781,812.021702208964,812.0217022089645,-0.5,-0.5,-0.5,-0.5
1,1894,38,after_integrate,1.8939999999999022,1.8929999999999023,0.001,0,0,0.4597177803516388,0.0,0.0,,7.464401576174652,1.6390087715982952e-16,8.012434648349576e-15,1.2960501367711534e-14,0.0,0.0,29.38347974928748,7.464401576174652,-3.2931801772016295e-15,627.1952885013786,627.1952885013784,628.8670492970942,628.8670492970939,-0.12366293447177054,0.12366293447178316,0.45535012410364406,5.635237915030971e-17,821.5112620837933,821.5112620837938,811.476265016365,811.4762650163655,-0.5,-0.5,-0.5,-0.5
1,1895,38,after_integrate,1.894999999999902,1.8939999999999022,0.001,0,0,0.4597177803516388,0.0,0.0,,7.4725624626367315,1.6412375882445926e-16,8.025390323387986e-15,1.3011931906566892e-14,0.0,0.0,29.399555418730152,7.4725624626367315,-3.2982884869684443e-15,627.0895686760025,627.0895686760023,628.7771433297398,628.7771433297396,-0.12362123821407968,0.12362123821407968,0.45534760538767144,8.237776983318434e-18,821.0621370535863,821.0621370535868,810.9323526344664,810.9323526344668,-0.5,-0.5,-0.5,-0.5
1,1896,38,after_integrate,1.895999999999902,1.894999999999902,0.001,0,0,0.4597177803516388,0.0,0.0,,7.480727809821094,1.643478118456067e-16,8.038404173838709e-15,1.2962172390757236e-14,0.0,0.0,29.415630999120346,7.480727809821094,-3.3035344529899105e-15,626.9824392178773,626.982439217877,628.6858448376238,628.6858448376236,-0.12357951412676124,0.12357951412674864,0.45534506671424585,6.347046110199046e-18,820.6146401351791,820.6146401351796,810.3899697163471,810.3899697163475,-0.5,-0.5,-0.5,-0.5
1,1897,38,after_integrate,1.8969999999999019,1.895999999999902,0.001,0,0,0.4597177803516388,0.0,0.0,,7.488897617707103,1.6457118152652485e-16,8.051355427001691e-15,1.2971482983133315e-14,0.0,0.0,29.431706489762725,7.488897617707103,-3.310588225347434e-15,626.873904539774,626.8739045397738,628.593158480024,628.5931584800238,-0.12353776221622374,0.12353776221622374,0.4553425085629422,3.462628364403181e-17,820.1687771338712,820.1687771338717,809.8491206391827,809.8491206391832,-0.5,-0.5,-0.5,-0.5
1,1898,38,after_integrate,1.8979999999999018,1.8969999999999019,0.001,0,0,0.4597177803516388,0.0,0.0,,7.497071886275197,1.6479483642612646e-16,8.064326095297136e-15,1.2972775450686367e-14,0.0,0.0,29.447781889979236,7.497071886275197,-3.315545327774894e-15,626.7639690724201,626.7639690724199,628.4990889225589,628.4990889225586,-0.12349598248931397,0.12349598248931397,0.45533993142992724,3.511816466315545e-17,819.7245535173596,819.72455351736,809.3098095126553,809.3098095126558,-0.5,-0.5,-0.5,-0.5
1,1899,38,after_integrate,1.8989999999999017,1.8979999999999018,0.001,0,0,0.4597177803516388,0.0,0.0,,7.505250615506885,1.6502084489106412e-16,8.077339719656034e-15,1.3049717282310546e-14,0.0,0.0,29.463857199109555,7.505250615506885,-3.3201488954913356e-15,626.652637263819,626.6526372638187,628.4036408359497,628.4036408359493,-0.1234541749534638,0.1234541749534638,0.4553373358268079,7.594152400187272e-18,819.2819744204565,819.281974420457,808.7720401870135,808.772040187014,-0.5,-0.5,-0.5,-0.5
1,1900,38,after_integrate,1.8999999999999015,1.8989999999999017,0.001,0,0,0.4597177803516388,0.0,0.0,,7.51343380538475,1.6524716347075738e-16,8.090382761916522e-15,1.3056296610992006e-14,0.0,0.0,29.47993241651167,7.513433805384751,-3.3287295189986827e-15,626.5399135785816,626.5399135785814,628.306818894821,628.3068188948207,-0.12341233961685202,0.12341233961683942,0.4553347222795242,-1.858364207279222e-17,818.8410446500669,818.8410446500674,808.2358162612154,808.2358162612159,-0.5,-0.5,-0.5,-0.5
1,1901,39,after_integrate,1.9009999999999014,1.8999999999999015,0.001,0,0,0.4356020390987396,0.0,0.0,,7.521621455892457,1.6547300692625683e-16,8.103433474379341e-15,1.3075830648573945e-14,0.0,0.0,29.496007541562385,7.521621455892457,-3.3342770783783055e-15,626.4258024972675,626.4258024972672,628.2086277765433,628.2086277765429,-0.12337047648870719,0.12337047648870719,0.45533209100390587,6.818836164148296e-18,818.3513975939804,818.3513975939809,807.6507699947041,807.6507699947045,-0.5,-0.5,-0.5,-0.5
1,1902,39,after_integrate,1.9019999999999013,1.9009999999999014,0.001,0,0,0.4356020390987396,0.0,0.0,,7.529813566997063,1.6569960064406234e-16,8.116510825099807e-15,1.3088420070415214e-14,0.0,0.0,29.512082573647866,7.5298135669970625,-3.340886568739356e-15,626.3101683034539,626.3101683034537,628.1089316740231,628.1089316740228,-0.12332858537923437,0.12332858537922176,0.4553294433054474,-1.2887273030173318e-17,817.9332361819314,817.9332361819319,807.1371049119424,807.1371049119429,-0.5,-0.5,-0.5,-0.5
1,1903,39,after_integrate,1.9029999999999012,1.9019999999999013,0.001,0,0,0.4356020390987396,0.0,0.0,,7.5380101386851095,1.6592639786730544e-16,8.129643145554769e-15,1.3208495559961929e-14,0.0,0.0,29.528157512184013,7.53801013868511,-3.349315421313411e-15,626.1930595995149,626.1930595995145,628.0077794434284,628.0077794434281,-0.12328666632864277,0.12328666632864277,0.4553267784679452,3.331833522685244e-17,817.4009090117365,817.400909011737,806.5091681416943,806.5091681416948,-0.5,-0.5,-0.5,-0.5
1,1904,39,after_integrate,1.903999999999901,1.9029999999999012,0.001,0,0,0.4356020390987396,0.0,0.0,,7.54621117087917,1.661532908140319e-16,8.142834053523438e-15,1.3163911199846168e-14,0.0,0.0,29.544232356591692,7.546211170879171,-3.3534315449883373e-15,626.0743194459934,626.0743194459932,627.9050139780566,627.9050139780562,-0.12324471863625217,0.12324471863625217,0.4553240976556562,3.358209777004006e-17,816.8700263635261,816.8700263635266,805.8825710182476,805.8825710182481,-0.5,-0.5,-0.5,-0.5
1,1905,39,after_integrate,1.904999999999901,1.903999999999901,0.001,0,0,0.4356020390987396,0.0,0.0,,7.55441666352551,1.6638194421103859e-16,8.156041203342686e-15,1.320159355074868e-14,0.0,0.0,29.560307106311885,7.55441666352551,-3.3583721888014854e-15,625.9539268616667,625.9539268616664,627.8006144172922,627.8006144172919,-0.12320274190755237,0.12320274190755237,0.45532140111089225,9.553703295600626e-18,816.3365752041669,816.3365752041674,805.2532998381206,805.253299838121,-0.5,-0.5,-0.5,-0.5
1,1906,39,after_integrate,1.9059999999999009,1.904999999999901,0.001,0,0,0.4356020390987396,0.0,0.0,,7.5626266165572895,1.6660850474459374e-16,8.169235496553483e-15,1.3274920534527584e-14,0.0,0.0,29.576381760796114,7.56262661655729,-3.3677104708331065e-15,625.8318804293302,625.8318804293299,627.6945795171454,627.6945795171453,-0.12316073561082437,0.123160735610837,0.45531868903317885,3.032436854114739e-17,815.802526714576,815.8025267145764,804.6233247971227,804.6233247971229,-0.5,-0.5,-0.5,-0.5
1,1907,39,after_integrate,1.9069999999999008,1.9059999999999009,0.001,0,0,0.4356020390987396,0.0,0.0,,7.570841029909093,1.66835850040475e-16,8.182510938385216e-15,1.3277967136731498e-14,0.0,0.0,29.592456319500897,7.570841029909093,-3.3731024828469654e-15,625.7081806885742,625.708180688574,627.586909986476,627.5869099864758,-0.12311869924940366,0.12311869924939108,0.45531596154300197,5.409038246384306e-18,815.2693181413974,815.2693181413979,803.9940821808967,803.994082180897,-0.5,-0.5,-0.5,-0.5
1,1908,39,after_integrate,1.9079999999999007,1.9069999999999008,0.001,0,0,0.4356020390987396,0.0,0.0,,7.579059903516667,1.6706265005257826e-16,8.195776950615647e-15,1.3275733869661602e-14,0.0,0.0,29.60853078188547,7.579059903516667,-3.3791249371311352e-15,625.5828307935719,625.5828307935717,627.4776091483889,627.4776091483888,-0.12307663235745367,0.12307663235744108,0.4553132186927136,-2.0931881428027617e-17,814.7376632381782,814.7376632381787,803.3662847844753,803.3662847844755,-0.5,-0.5,-0.5,-0.5
1,1909,39,after_integrate,1.9089999999999006,1.9079999999999007,0.001,0,0,0.4356020390987396,0.0,0.0,,7.587283237317171,1.6728818554160033e-16,8.209047703995214e-15,1.3304925241189089e-14,0.0,0.0,29.624605147409856,7.5872832373171715,-3.385995311025533e-15,625.4558353396284,625.455835339628,627.3666817652668,627.3666817652667,-0.12303453450163203,0.1230345345016194,0.4553104604822362,-1.6967413962269e-17,814.2078848983617,814.2078848983622,802.7402545543691,802.7402545543694,-0.5,-0.5,-0.5,-0.5
1,1910,39,after_integrate,1.9099999999999004,1.9089999999999006,0.001,0,0,0.4356020390987396,0.0,0.0,,7.595511031249333,1.675152978921036e-16,8.222343940789036e-15,1.3289804675821088e-14,0.0,0.0,29.640679415533093,7.595511031249333,-3.3940325399589603e-15,625.3271996051352,625.3271996051349,627.2541332800968,627.2541332800968,-0.12299240528130616,0.12299240528129353,0.45530768687263296,-2.4919381123490664e-17,813.6801292378274,813.6801292378278,802.1161366748759,802.1161366748759,-0.5,-0.5,-0.5,-0.5
1,1911,39,after_integrate,1.9109999999999003,1.9099999999999004,0.001,0,0,0.4356020390987396,0.0,0.0,,7.603743285253504,1.6774078054963156e-16,8.235578950265493e-15,1.3217025318117338e-14,0.0,0.0,29.656753585712206,7.603743285253504,-3.400692246461584e-15,625.1969291899543,625.196929189954,627.1399694550856,627.1399694550855,-0.12295024432775699,0.12295024432775699,0.45530489779769523,1.6195144277847378e-17,813.1544672456721,813.1544672456725,801.4940012174646,801.4940012174649,-0.5,-0.5,-0.5,-0.5
1,1912,39,after_integrate,1.9119999999999002,1.9109999999999003,0.001,0,0,0.4356020390987396,0.0,0.0,,7.611979999271669,1.6796549272256842e-16,8.248806027977108e-15,1.323013506448995e-14,0.0,0.0,29.67282765740138,7.611979999271669,-3.4099528364902103e-15,625.0650298580482,625.065029858048,627.0241962148667,627.0241962148666,-0.12290805130282426,0.12290805130282426,0.4553020931739528,3.333669803564427e-17,812.6309386142756,812.630938614276,800.8738869673977,800.8738869673979,-0.5,-0.5,-0.5,-0.5
1,1913,39,after_integrate,1.9129999999999001,1.9119999999999002,0.001,0,0,0.4356020390987396,0.0,0.0,,7.620221173247432,1.681891355578937e-16,8.262029191123527e-15,1.3239148450573487e-14,0.0,0.0,29.688901630051596,7.620221173247432,-3.4124915905708774e-15,624.9315074708791,624.9315074708787,626.9068195805343,626.906819580534,-0.12286582589722757,0.12286582589724017,0.45529927290937194,2.9243617554925886e-17,812.1095699131245,812.1095699131249,800.2558195937503,800.2558195937505,-0.5,-0.5,-0.5,-0.5
1,1914,39,after_integrate,1.9139999999999,1.9129999999999001,0.001,0,0,0.4356020390987396,0.0,0.0,,7.628466807126009,1.6841499392494733e-16,8.275273545136134e-15,1.3263170640753784e-14,0.0,0.0,29.704975503110347,7.628466807126009,-3.4191210713931075e-15,624.796367958958,624.7963679589576,626.7878456417496,626.7878456417495,-0.1228235678290053,0.1228235678290053,0.45529643691093113,7.662142545971013e-18,811.590382000142,811.5903820001424,799.6398190574148,799.639819057415,-0.5,-0.5,-0.5,-0.5
1,1915,39,after_integrate,1.9149999999999,1.9139999999999,0.001,0,0,0.4356020390987396,0.0,0.0,,7.6367169008542,1.686412797744092e-16,8.288534451910311e-15,1.327769577370958e-14,0.0,0.0,29.72104927602192,7.6367169008542,-3.4263734590481138e-15,624.6596173090688,624.6596173090686,626.6672805444051,626.667280544405,-0.1227812768417679,0.12278127684178053,0.4552935850911925,6.141882155832282e-17,811.07339302593,811.0733930259305,799.0259026127037,799.0259026127039,-0.5,-0.5,-0.5,-0.5
1,1916,39,after_integrate,1.9159999999998998,1.9149999999999,0.001,0,0,0.4356020390987396,0.0,0.0,,7.644971454380378,1.68870486469e-16,8.301856958536288e-15,1.338027372820067e-14,0.0,0.0,29.737122948227505,7.644971454380378,-3.4303754757726746e-15,624.5212615578841,624.5212615578839,626.5451304845461,626.5451304845459,-0.12273895270327137,0.12273895270327137,0.45529071737395105,3.344434993400396e-17,810.5586196517933,810.5586196517937,798.4140860235481,798.4140860235483,-0.5,-0.5,-0.5,-0.5
1,1917,39,after_integrate,1.9169999999998997,1.9159999999998998,0.001,0,0,0.4356020390987396,0.0,0.0,,7.653230467654472,1.691023438758479e-16,8.315269832502978e-15,1.3414345081483414e-14,0.0,0.0,29.753196519165886,7.653230467654471,-3.4368632237325855e-15,624.3813067881958,624.3813067881956,626.4214017047857,626.4214017047856,-0.12269659520372002,0.12269659520372002,0.4552878336990767,8.608306977434452e-18,810.0460775470132,810.0460775470136,797.804384059679,797.8043840596793,-0.5,-0.5,-0.5,-0.5
1,1918,39,after_integrate,1.9179999999998996,1.9169999999998997,0.001,0,0,0.4356020390987396,0.0,0.0,,7.661493940627959,1.693342182139753e-16,8.328668129759616e-15,1.3483991522313635e-14,0.0,0.0,29.7692699882739,7.661493940627959,-3.4443670022747993e-15,624.2397591262392,624.2397591262388,626.2961004916907,626.2961004916906,-0.12265420415445569,0.12265420415446827,0.45528493402662207,3.429520129712816e-17,809.5357815953163,809.5357815953167,797.1968107027279,797.1968107027282,-0.5,-0.5,-0.5,-0.5
1,1919,39,after_integrate,1.9189999999998995,1.9179999999998996,0.001,0,0,0.4356020390987396,0.0,0.0,,7.669761873253842,1.695677618458232e-16,8.342156188875972e-15,1.3500310939845615e-14,0.0,0.0,29.78534335498741,7.669761873253843,-3.4494898436059053e-15,624.096624739486,624.0966247394857,626.1692331735317,626.1692331735316,-0.12261177938650225,0.12261177938651487,0.45528201834022575,5.933534501981969e-17,809.0277459840407,809.0277459840412,796.5913792356588,796.591379235659,-0.5,-0.5,-0.5,-0.5
1,1920,39,after_integrate,1.9199999999998993,1.9189999999998995,0.001,0,0,0.4356020390987396,0.0,0.0,,7.678034265486654,1.6980227668808284e-16,8.355649604537586e-15,1.3503057208526278e-14,0.0,0.0,29.80141661874204,7.678034265486654,-3.4537912789401695e-15,623.9519098346642,623.951909834664,626.0408061181599,626.0408061181598,-0.12256932074927027,0.12256932074927027,0.4552790866499349,5.775893697519902e-18,808.521984245775,808.5219842457755,795.9881022852667,795.9881022852669,-0.5,-0.5,-0.5,-0.5
1,1921,39,after_integrate,1.9209999999998992,1.9199999999998993,0.001,0,0,0.4356020390987396,0.0,0.0,,7.686311117282444,1.700369966909414e-16,8.369152010994988e-15,1.3529833329823038e-14,0.0,0.0,29.81748977897427,7.686311117282444,-3.4599200638070806e-15,623.8056206558961,623.8056206558958,625.9108257309208,625.9108257309207,-0.12252682810924387,0.12252682810925647,0.4552761389944675,4.979480809307823e-17,808.0185092807468,808.0185092807473,795.3869918459156,795.3869918459159,-0.5,-0.5,-0.5,-0.5
1,1922,39,after_integrate,1.9219999999998991,1.9209999999998992,0.001,0,0,0.4356020390987396,0.0,0.0,,7.6945924285987655,1.7027005050147606e-16,8.382480482219239e-15,1.3039164136131296e-14,0.0,0.0,29.833562835122404,7.6945924285987655,-3.468339769179276e-15,623.6577634829175,623.6577634829173,625.7792984525669,625.7792984525668,-0.12248430134893963,0.12248430134893963,0.45527317544298235,-6.910655465004745e-19,807.5173333712787,807.5173333712792,794.7880592958381,794.7880592958384,-0.5,-0.5,-0.5,-0.5
1,1923,39,after_integrate,1.922999999999899,1.9219999999998991,0.001,0,0,0.4356020390987396,0.0,0.0,,7.702878199394684,1.7049684230480742e-16,8.395365694169332e-15,1.2891726850188433e-14,0.0,0.0,29.849635786627704,7.702878199394684,-3.474239091851945e-15,623.5083446293578,623.5083446293576,625.6462307571676,625.6462307571675,-0.12244174036567274,0.1224417403656601,0.45527019609639247,4.2486831166567624e-18,807.0184681929635,807.018468192964,794.1913154105287,794.1913154105289,-0.5,-0.5,-0.5,-0.5
1,1924,39,after_integrate,1.923999999999899,1.922999999999899,0.001,0,0,0.4356020390987396,0.0,0.0,,7.711168429630763,1.7072435005246548e-16,8.408188265764903e-15,1.261647287712131e-14,0.0,0.0,29.865708632935572,7.711168429630763,-3.480073986457829e-15,623.3573704410737,623.3573704410734,625.5116291500112,625.5116291500111,-0.12239914507054388,0.12239914507054388,0.455267201088295,2.4740890759043775e-18,806.5219248243861,806.5219248243866,793.5967703750547,793.5967703750549,-0.5,-0.5,-0.5,-0.5
1,1925,39,after_integrate,1.9249999999998988,1.923999999999899,0.001,0,0,0.4356020390987396,0.0,0.0,,7.719463119269063,1.7095014346899544e-16,8.420676225262614e-15,1.2478127924825235e-14,0.0,0.0,29.88178137349664,7.719463119269064,-3.486322857816899e-15,623.2048472945312,623.2048472945309,625.375500165506,625.3755001655059,-0.12235651538752275,0.12235651538752275,0.455264190585545,-3.648049119311876e-18,806.0277137562852,806.0277137562856,793.0044337961058,793.004433796106,-0.5,-0.5,-0.5,-0.5
1,1926,39,after_integrate,1.9259999999998987,1.9249999999998988,0.001,0,0,0.4356020390987396,0.0,0.0,,7.7277622682731435,1.711756383616938e-16,8.432986374933538e-15,1.212309119135853e-14,0.0,0.0,29.897854007768025,7.727762268273144,-3.493097769570953e-15,623.0507815952354,623.0507815952353,625.2378503650822,625.2378503650821,-0.12231385125246368,0.12231385125246368,0.45526116478851164,2.0947654615461645e-17,805.5358449002955,805.5358449002957,792.4143147138863,792.4143147138865,-0.5,-0.5,-0.5,-0.5
1,1927,39,after_integrate,1.9269999999998986,1.9259999999998987,0.001,0,0,0.4356020390987396,0.0,0.0,,7.736065876608058,1.7140315692904938e-16,8.444994967618866e-15,1.192404274219051e-14,0.0,0.0,29.913926535214497,7.736065876608057,-3.496555505208508e-15,622.8951797762041,622.8951797762041,625.0986863351047,625.0986863351046,-0.12227115261232926,0.12227115261234192,0.4552581239310537,5.184769112840856e-17,805.046327597591,805.046327597591,791.8264216141299,791.8264216141301,-0.5,-0.5,-0.5,-0.5
1,1928,39,after_integrate,1.9279999999998985,1.9269999999998986,0.001,0,0,0.4356020390987396,0.0,0.0,,7.744373944240354,1.7163606746966345e-16,8.456806080648161e-15,1.1820783971568951e-14,0.0,0.0,29.929998955309618,7.744373944240353,-3.5028096430190183e-15,622.7380482964833,622.7380482964833,624.9580146847946,624.9580146847946,-0.122228419424372,0.12222841942437203,0.45525506828026024,-1.4015255145899131e-19,804.5591706273104,804.5591706273104,791.2407624400741,791.2407624400741,-0.5,-0.5,-0.5,-0.5
1,1929,39,after_integrate,1.9289999999998984,1.9279999999998985,0.001,0,0,0.4356020390987396,0.0,0.0,,7.752686471138073,1.7187226754944923e-16,8.468457045255714e-15,1.1402535752322542e-14,0.0,0.0,29.946071267536954,7.752686471138073,-3.5106972437561132e-15,622.5793936397058,622.5793936397058,624.8158420441702,624.8158420441702,-0.12218565165543598,0.122185651655436,0.4552519981359699,5.778066429235333e-18,804.0743822149714,804.0743822149714,790.657344604573,790.657344604573,-0.5,-0.5,-0.5,-0.5
1,1930,39,after_integrate,1.9299999999998982,1.9289999999998984,0.001,0,0,0.4356020390987396,0.0,0.0,,7.76100345727075,1.721113048744134e-16,8.479809176783226e-15,1.1307389398779464e-14,0.0,0.0,29.9621434713912,7.76100345727075,-3.5149684308576017e-15,622.4192223126885,622.4192223126885,624.6721750620065,624.6721750620065,-0.12214284928130299,0.1221428492812904,0.4552489138301168,2.0762536641810895e-18,803.5919700408024,803.5919700408024,790.0761750022424,790.0761750022424,-0.5,-0.5,-0.5,-0.5
1,1931,39,after_integrate,1.9309999999998981,1.9299999999998982,0.001,0,0,0.4356020390987396,0.0,0.0,,7.769324902609415,1.7235548641165077e-16,8.490986317789546e-15,1.1099264822098841e-14,0.0,0.0,29.978215566379333,7.769324902609415,-3.5196690992128793e-15,622.2575408440692,622.2575408440692,624.5270204038209,624.5270204038209,-0.12210001228608401,0.12210001228608404,0.4552458157258934,2.5343307958267988e-17,803.1119412479795,803.1119412479795,789.4972600215918,789.4972600215918,-0.5,-0.5,-0.5,-0.5
1,1932,39,after_integrate,1.931999999999898,1.9309999999998981,0.001,0,0,0.4356020390987396,0.0,0.0,,7.777650807126593,1.7260726940653497e-16,8.502018244558465e-15,1.1021494967844604e-14,0.0,0.0,29.994287552021653,7.7776508071265935,-3.523327326995829e-15,622.0943557829793,622.0943557829794,624.3803847498849,624.3803847498849,-0.12205714066174289,0.12205714066173028,0.4552427042168155,-2.328477940280172e-17,802.6343024508295,802.6343024508293,788.9206055571773,788.9206055571773,-0.5,-0.5,-0.5,-0.5
1,1933,39,after_integrate,1.932999999999898,1.931999999999898,0.001,0,0,0.4356020390987396,0.0,0.0,,7.785981170796302,1.7286631930252174e-16,8.512911412061605e-15,1.086177230174015e-14,0.0,0.0,30.010359427852837,7.785981170796302,-3.5319530576597802e-15,621.929673697753,621.9296736977531,624.2322747932682,624.2322747932684,-0.12201423440751255,0.12201423440749995,0.4552395797256406,-2.5548609249955527e-17,802.1590597429887,802.1590597429885,788.3462170217363,788.346217021736,-0.5,-0.5,-0.5,-0.5
1,1934,39,after_integrate,1.9339999999998978,1.932999999999898,0.001,0,0,0.4356020390987396,0.0,0.0,,7.794315993594058,1.7313219959591696e-16,8.523654641695976e-15,1.0592772499563312e-14,0.0,0.0,30.026431193423015,7.794315993594058,-3.53699682815764e-15,621.7635011746708,621.7635011746709,624.0826972379137,624.0826972379139,-0.12197129352959564,0.12197129352958304,0.45523644270320796,-3.1210296092149465e-17,801.6862187055347,801.6862187055344,787.7740993583127,787.7740993583125,-0.5,-0.5,-0.5,-0.5
1,1935,39,after_integrate,1.9349999999998977,1.9339999999998978,0.001,0,0,0.4356020390987396,0.0,0.0,,7.802655275496872,1.7340471387111293e-16,8.534085417650768e-15,1.0333754834093325e-14,0.0,0.0,30.042502848298657,7.802655275496872,-3.54453589001214e-15,621.5958448167363,621.5958448167364,623.9316587967504,623.9316587967508,-0.12192831804069372,0.12192831804069373,0.45523329362720755,-2.0024903220454016e-18,801.2157844150904,801.2157844150902,787.2042570523188,787.2042570523183,-0.5,-0.5,-0.5,-0.5
1,1936,39,after_integrate,1.9359999999998976,1.9349999999998977,0.001,0,0,0.4356020390987396,0.0,0.0,,7.810999016483252,1.7368590119483887e-16,8.544313724428664e-15,1.0120379515832342e-14,0.0,0.0,30.058574392063555,7.810999016483252,-3.5489455490944585e-15,621.426711242485,621.4267112424851,623.7791661898425,623.7791661898427,-0.12188530795975762,0.12188530795975765,0.4552301330008661,2.7617747120084065e-17,800.7477614519023,800.7477614519021,786.6366941435605,786.6366941435602,-0.5,-0.5,-0.5,-0.5
1,1937,39,after_integrate,1.9369999999998975,1.9359999999998976,0.001,0,0,0.4356020390987396,0.0,0.0,,7.819347216533202,1.739772125213254e-16,8.554370793742483e-15,1.00206158547647e-14,0.0,0.0,30.07464582431968,7.819347216533201,-3.55464305669447e-15,621.256107084823,621.2561070848232,623.6252261425784,623.6252261425785,-0.12184226331166596,0.12184226331165338,0.45522696135162566,-2.006319291093971e-18,800.282153907851,800.2821539078508,786.071414238113,786.0714142381128,-0.5,-0.5,-0.5,-0.5
1,1938,39,after_integrate,1.9379999999998974,1.9369999999998975,0.001,0,0,0.4356020390987396,0.0,0.0,,7.827699875628222,1.7427668864690988e-16,8.564252915058736e-15,9.792937253199583e-15,0.0,0.0,30.09071714468802,7.8276998756282214,-3.559541578931049e-15,621.0840389898965,621.0840389898966,623.4698453839014,623.4698453839015,-0.12179918412701163,0.12179918412699905,0.45522377922974117,-2.577013872863133e-17,799.8189653945617,799.8189653945615,785.5084205202427,785.5084205202425,-0.5,-0.5,-0.5,-0.5
1,1939,39,after_integrate,1.9389999999998973,1.9379999999998974,0.001,0,0,0.4356020390987396,0.0,0.0,,7.8360569937513125,1.7458515385152593e-16,8.573937657733552e-15,9.642664592305372e-15,0.0,0.0,30.106788352809307,7.8360569937513125,-3.5663701725724734e-15,620.9105136159884,620.9105136159885,623.313030644582,623.3130306445821,-0.12175607044195531,0.12175607044195533,0.45522058720690034,-4.937436052079015e-18,799.3581990513853,799.3581990513851,784.9477157641154,784.9477157641152,-0.5,-0.5,-0.5,-0.5
1,1940,39,after_integrate,1.9399999999998971,1.9389999999998973,0.001,0,0,0.4356020390987396,0.0,0.0,,7.844418570886963,1.7490066690402547e-16,8.583425731658092e-15,9.33682024131255e-15,0.0,0.0,30.122859448344855,7.844418570886962,-3.5717037490005426e-15,620.7355376324437,620.7355376324438,623.1547886555351,623.1547886555352,-0.12171292229804576,0.12171292229804577,0.45521738587480637,-6.124873091526564e-19,798.8998575534578,798.8998575534575,784.3893023454664,784.3893023454661,-0.5,-0.5,-0.5,-0.5
1,1941,39,after_integrate,1.940999999999897,1.9399999999998971,0.001,0,0,0.4356020390987396,0.0,0.0,,7.85278460702116,1.752233739400813e-16,8.592616516156659e-15,9.035589126306683e-15,0.0,0.0,30.13893043097714,7.852784607021161,-3.577195005249981e-15,620.5591177186197,620.5591177186202,622.9951261461804,622.9951261461805,-0.12166973974214643,0.12166973974213384,0.45521417584377216,-2.3490591858763458e-18,798.4439431196956,798.443943119695,783.8331822531085,783.8331822531082,-0.5,-0.5,-0.5,-0.5
1,1942,39,after_integrate,1.941999999999897,1.940999999999897,0.001,0,0,0.4356020390987396,0.0,0.0,,7.861155102141387,1.7555546115201444e-16,8.601584550149235e-15,9.00420967816327e-15,0.0,0.0,30.155001300410465,7.861155102141386,-3.5784467963564465e-15,620.3812605628631,620.3812605628633,622.8340498428508,622.8340498428511,-0.12162652282636563,0.12162652282636566,0.4552109577413145,1.9541639811323598e-17,797.9904575208178,797.9904575208174,783.2793571003417,783.2793571003415,-0.5,-0.5,-0.5,-0.5
1,1943,39,after_integrate,1.9429999999998968,1.941999999999897,0.001,0,0,0.4356020390987396,0.0,0.0,,7.869530056236613,1.7590150578159366e-16,8.610466565109504e-15,8.791447073071623e-15,0.0,0.0,30.171072056371564,7.869530056236613,-3.584576068548822e-15,620.2019728615088,620.201972861509,622.6715664672442,622.6715664672444,-0.12158327160804137,0.12158327160802877,0.4552077322107583,-2.4692881169441995e-17,797.5394020873849,797.5394020873845,782.7278281362396,782.7278281362394,-0.5,-0.5,-0.5,-0.5
1,1944,39,after_integrate,1.9439999999998967,1.9429999999998968,0.001,0,0,0.4356020390987396,0.0,0.0,,7.877909469297298,1.762597868383093e-16,8.619195180462673e-15,8.624247149609753e-15,0.0,0.0,30.187142698610135,7.877909469297297,-3.589567825542277e-15,620.0212613179054,620.0212613179058,622.5076827349243,622.5076827349244,-0.12153998614970463,0.12153998614970465,0.4552044999098739,2.695754992822587e-17,797.0907777178223,797.0907777178219,782.1785962567833,782.1785962567831,-0.5,-0.5,-0.5,-0.5
1,1945,39,after_integrate,1.9449999999998966,1.9439999999998967,0.001,0,0,0.4356020390987396,0.0,0.0,,7.886293341315388,1.7663121418415125e-16,8.62774326287679e-15,8.525517980257868e-15,0.0,0.0,30.203213226899255,7.886293341315388,-3.593849171247763e-15,619.8391326414609,619.8391326414611,622.3424053538681,622.3424053538682,-0.12149666651922343,0.12149666651922346,0.4552012615095271,2.5377311703483664e-17,796.6445848864028,796.6445848864023,781.6316620158,781.6316620157997,-0.5,-0.5,-0.5,-0.5
1,1946,39,after_integrate,1.9459999999998965,1.9449999999998966,0.001,0,0,0.4356020390987396,0.0,0.0,,7.894681672284308,1.7701534310459105e-16,8.636192582305161e-15,8.400951485783715e-15,0.0,0.0,30.21928364103589,7.894681672284308,-3.596347949067248e-15,619.6555935467104,619.6555935467107,622.1757410230605,622.1757410230608,-0.12145331278975958,0.12145331278975961,0.4551980176923595,-7.078797966439764e-18,796.2008236513459,796.2008236513454,781.0870256358755,781.0870256358751,-0.5,-0.5,-0.5,-0.5
1,1947,39,after_integrate,1.9469999999998964,1.9459999999998965,0.001,0,0,0.4356020390987396,0.0,0.0,,7.903074462198966,1.7741184365168554e-16,8.64447236414608e-15,8.254219363918099e-15,0.0,0.0,30.235353940841275,7.9030744621989655,-3.60211759962642e-15,619.4706507524053,619.4706507524055,622.0076964311372,622.0076964311376,-0.12140992503991953,0.12140992503993218,0.4551947691515089,2.087145407005123e-17,795.7594936627745,795.759493662774,780.5446870189375,780.544687018937,-0.5,-0.5,-0.5,-0.5
1,1948,39,after_integrate,1.9479999999998963,1.9469999999998964,0.001,0,0,0.4356020390987396,0.0,0.0,,7.911471711055742,1.7782065562073012e-16,8.652673913899434e-15,8.272785948670032e-15,0.0,0.0,30.251424126161233,7.911471711055741,-3.60509858752543e-15,619.284310980622,619.2843109806222,621.8382782550746,621.8382782550749,-0.12136650335391891,0.12136650335390636,0.4551915165893573,-2.324546024798099e-18,795.3205941708196,795.3205941708192,780.0046457568444,780.004645756844,-0.5,-0.5,-0.5,-0.5
1,1949,39,after_integrate,1.9489999999998961,1.9479999999998963,0.001,0,0,0.4356020390987396,0.0,0.0,,7.919873418852482,1.7824643447295226e-16,8.660911010456785e-15,8.045291347688658e-15,0.0,0.0,30.26749419686652,7.919873418852482,-3.608116678752519e-15,619.0965809558905,619.0965809558909,621.6674931589279,621.6674931589282,-0.12132304782157435,0.1213230478215744,0.4551882607163276,5.62176614959453e-19,794.8841240336404,794.88412403364,779.4669011417063,779.4669011417059,-0.5,-0.5,-0.5,-0.5
1,1950,39,after_integrate,1.949999999999896,1.9489999999998961,0.001,0,0,0.4356020390987396,0.0,0.0,,7.928279585588499,1.7868428546438611e-16,8.668926726103477e-15,8.14586086378407e-15,0.0,0.0,30.283564152853035,7.928279585588499,-3.613674138594968e-15,618.9074674043414,618.9074674043418,621.4953477926173,621.4953477926176,-0.12127955853867498,0.12127955853867499,0.4551850022497086,2.861168655972076e-17,794.450081725464,794.4500817254635,778.9314521760505,778.93145217605,-0.5,-0.5,-0.5,-0.5
1,1951,40,after_integrate,1.950999999999896,1.949999999999896,0.001,0,0,0.41149306297302246,0.0,0.0,,7.936690211264561,1.7913670862656695e-16,8.677027919674447e-15,8.00505994598834e-15,0.0,0.0,30.29963399404207,7.936690211264562,-3.617465246271773e-15,618.7169770528708,618.7169770528711,621.3218487907599,621.3218487907601,-0.12123603560701648,0.1212360356070165,0.4551817415928389,-5.441567895919481e-19,793.9684248949177,793.9684248949172,778.3482571331115,778.348257133111,-0.5,-0.5,-0.5,-0.5
1,1952,40,after_integrate,1.9519999999998958,1.950999999999896,0.001,0,0,0.41149306297302246,0.0,0.0,,7.945105295865293,1.7960125435999495e-16,8.684995432320309e-15,7.99769492817115e-15,0.0,0.0,30.315703720370927,7.945105295865294,-3.621961842057443e-15,618.5249781206803,618.5249781206805,621.1468639978182,621.1468639978185,-0.12119247893650492,0.12119247893649235,0.4551784802402382,-2.814407596856469e-17,793.561949602892,793.5619496028916,777.8401143864168,777.8401143864163,-0.5,-0.5,-0.5,-0.5
1,1953,40,after_integrate,1.9529999999998957,1.9519999999998958,0.001,0,0,0.41149306297302246,0.0,0.0,,7.953524839396497,1.8007781925308099e-16,8.69290427381823e-15,7.958309318755053e-15,0.0,0.0,30.33177333181357,7.953524839396498,-3.627221338832202e-15,618.3315365188247,618.3315365188249,620.9704593186565,620.9704593186567,-0.1211488886855442,0.12114888868554423,0.45517521764553115,2.6293474221572798e-17,793.043962849248,793.0439628492476,777.2203310462356,777.2203310462352,-0.5,-0.5,-0.5,-0.5
1,1954,40,after_integrate,1.9539999999998956,1.9529999999998957,0.001,0,0,0.41149306297302246,0.0,0.0,,7.961948841802653,1.8056773231641354e-16,8.700777576302662e-15,7.76014156583036e-15,0.0,0.0,30.347842828353645,7.961948841802653,-3.628619135907066e-15,618.1364940173823,618.1364940173826,620.7924760480169,620.7924760480172,-0.12110526430459989,0.12110526430459993,0.45517195513818104,2.3578888577757573e-17,792.5286808361772,792.5286808361767,776.6031262284363,776.6031262284358,-0.5,-0.5,-0.5,-0.5
1,1955,40,after_integrate,1.9549999999998955,1.9539999999998956,0.001,0,0,0.41149306297302246,0.0,0.0,,7.9703773030512135,1.8106856513858382e-16,8.708501419337955e-15,7.672132837281847e-15,0.0,0.0,30.363912210001647,7.9703773030512135,-3.6317780415155095e-15,617.9398339502268,617.939833950227,620.612897343852,620.6128973438523,-0.12106160553989055,0.12106160553989061,0.4551686931300111,2.2907218342326752e-17,792.0115278985684,792.0115278985679,775.9839253924819,775.9839253924814,-0.5,-0.5,-0.5,-0.5
1,1956,40,after_integrate,1.9559999999998954,1.9549999999998955,0.001,0,0,0.41149306297302246,0.0,0.0,,7.978810223097139,1.8158082736932572e-16,8.716135888404626e-15,7.676787231464427e-15,0.0,0.0,30.37998147678443,7.978810223097139,-3.635817011105078e-15,617.7415569294132,617.7415569294134,620.4317236866314,620.4317236866316,-0.12101791200756669,0.12101791200756673,0.4551654319919605,2.5162475515857994e-17,791.4944563272655,791.4944563272651,775.3646816890474,775.364681689047,-0.5,-0.5,-0.5,-0.5
1,1957,40,after_integrate,1.9569999999998953,1.9559999999998954,0.001,0,0,0.41149306297302246,0.0,0.0,,7.987247601897129,1.8210489355347512e-16,8.723761694790187e-15,7.594338781651905e-15,0.0,0.0,30.396050628739808,7.987247601897129,-3.6402488540588094e-15,617.5416654868719,617.5416654868721,620.2489574704068,620.2489574704072,-0.12097418336175109,0.12097418336175114,0.4551621720122523,2.5217227950544914e-17,790.9789108488349,790.9789108488344,774.7468407422889,774.7468407422884,-0.5,-0.5,-0.5,-0.5
1,1958,40,after_integrate,1.9579999999998952,1.9569999999998953,0.001,0,0,0.41149306297302246,0.0,0.0,,7.995689439409308,1.8264115102342173e-16,8.731362624185251e-15,7.632593599503478e-15,0.0,0.0,30.41211966591418,7.995689439409308,-3.642677192564914e-15,617.3401648314488,617.340164831449,620.0646037638086,620.0646037638089,-0.12093041929001949,0.12093041929003216,0.45515891340653025,4.9301309237438534e-17,790.4656204337059,790.4656204337055,774.1311324343391,774.1311324343386,-0.5,-0.5,-0.5,-0.5
1,1959,40,after_integrate,1.958999999999895,1.9579999999998952,0.001,0,0,0.41149306297302246,0.0,0.0,,8.004135735593499,1.8318721554434362e-16,8.738899438384396e-15,7.558149260488329e-15,0.0,0.0,30.428188588360275,8.004135735593499,-3.645305021908042e-15,617.1370616557844,617.1370616557846,619.878669115422,619.8786691154222,-0.12088661951527102,0.1208866195152837,0.455155656332786,2.6339184020210858e-17,789.954921854323,789.9549218543225,773.5178944724267,773.5178944724263,-0.5,-0.5,-0.5,-0.5
1,1960,40,after_integrate,1.959999999999895,1.958999999999895,0.001,0,0,0.41149306297302246,0.0,0.0,,8.012586490411373,1.8374324249008526e-16,8.746431355193008e-15,7.454059065012637e-15,0.0,0.0,30.44425739613539,8.012586490411373,-3.648107754617223e-15,616.9323633629198,616.93236336292,619.6911607798075,619.6911607798078,-0.12084278379611632,0.12084278379610378,0.4551524009042682,-2.796320001412221e-17,789.4469686696309,789.4469686696305,772.9072813768447,772.9072813768443,-0.5,-0.5,-0.5,-0.5
1,1961,40,after_integrate,1.9609999999998948,1.959999999999895,0.001,0,0,0.41149306297302246,0.0,0.0,,8.021041703826505,1.8430602481563468e-16,8.75379718268157e-15,7.344110398885062e-15,0.0,0.0,30.46032608929997,8.021041703826505,-3.653918114759261e-15,616.7260776886067,616.7260776886069,619.5020863400974,619.5020863400977,-0.12079891192615622,0.12079891192615627,0.4551491472005579,-3.460459238924189e-19,788.941832843011,788.9418328430105,772.2993660971656,772.2993660971651,-0.5,-0.5,-0.5,-0.5
1,1962,40,after_integrate,1.9619999999998947,1.9609999999998948,0.001,0,0,0.41149306297302246,0.0,0.0,,8.02950137580439,1.8487913654079106e-16,8.761107115263166e-15,7.300532121474518e-15,0.0,0.0,30.476394667916665,8.029501375804392,-3.654801424491672e-15,616.5182125301604,616.5182125301608,619.3114535375003,619.3114535375005,-0.12075500373282703,0.12075500373281448,0.4551458952771234,8.520515533082936e-20,788.4395504208461,788.4395504208456,771.6941856869026,771.6941856869022,-0.5,-0.5,-0.5,-0.5
1,1963,40,after_integrate,1.9629999999998946,1.9619999999998947,0.001,0,0,0.41149306297302246,0.0,0.0,,8.037965506312412,1.854635739020673e-16,8.768366304114425e-15,7.296432296375198e-15,0.0,0.0,30.49246313204963,8.037965506312412,-3.660721025055247e-15,616.3087758702995,616.3087758702998,619.119270195867,619.1192701958672,-0.12071105907566233,0.12071105907564973,0.45514264517367964,4.624179131101617e-18,787.9401415251463,787.9401415251458,771.0917612917815,771.091761291781,-0.5,-0.5,-0.5,-0.5
1,1964,40,after_integrate,1.9639999999998945,1.9629999999998946,0.001,0,0,0.41149306297302246,0.0,0.0,,8.046434095319835,1.860566495557341e-16,8.775658832299877e-15,7.2986302735827e-15,0.0,0.0,30.508531481764056,8.046434095319837,-3.663239313570231e-15,616.0977757429223,616.0977757429225,618.9255441881389,618.9255441881392,-0.12066707784482456,0.12066707784481198,0.45513939692141747,-2.1596302617898454e-17,787.4436190269633,787.4436190269629,770.4921068191442,770.4921068191437,-0.5,-0.5,-0.5,-0.5
1,1965,40,after_integrate,1.9649999999998944,1.9639999999998945,0.001,0,0,0.41149306297302246,0.0,0.0,,8.054907142797768,1.8665819642716471e-16,8.782950271065613e-15,7.314622378581783e-15,0.0,0.0,30.524599717126097,8.054907142797768,-3.669271133111372e-15,615.8852202171571,615.8852202171573,618.7302834209621,618.7302834209623,-0.12062305995938452,0.12062305995937195,0.4551361505493007,-2.3679249293364698e-17,786.9499923027095,786.949992302709,769.8952326908859,769.8952326908855,-0.5,-0.5,-0.5,-0.5
1,1966,40,after_integrate,1.9659999999998943,1.9649999999998944,0.001,0,0,0.41149306297302246,0.0,0.0,,8.063384648719142,1.8726496058707246e-16,8.790160063421144e-15,7.127655073507644e-15,0.0,0.0,30.540667838202854,8.06338464871914,-3.675551376448278e-15,615.6711173893544,615.6711173893548,618.5334958271235,618.5334958271237,-0.1205790053658453,0.12057900536583273,0.4551329060894826,-2.5516988586797375e-18,786.4592688646867,786.4592688646862,769.3011474713289,769.3011474713285,-0.5,-0.5,-0.5,-0.5
1,1967,40,after_integrate,1.9669999999998942,1.9659999999998943,0.001,0,0,0.41149306297302246,0.0,0.0,,8.071866613058686,1.8787742133975088e-16,8.797244132441247e-15,7.11609036315201e-15,0.0,0.0,30.556735845062555,8.071866613058685,-3.6767701362968376e-15,615.4554753785512,615.4554753785515,618.3351893613395,618.3351893613398,-0.120534914036533,0.12053491403653306,0.4551296635819557,2.0517002988689188e-18,785.9714550729901,785.9714550729897,768.7098585771769,768.7098585771764,-0.5,-0.5,-0.5,-0.5
1,1968,40,after_integrate,1.967999999999894,1.9669999999998942,0.001,0,0,0.41149306297302246,0.0,0.0,,8.080353035792909,1.8849844249705076e-16,8.804361164613274e-15,7.183060636730408e-15,0.0,0.0,30.572803737774944,8.080353035792909,-3.68056047825136e-15,615.2383023234678,615.2383023234681,618.1353719974663,618.1353719974666,-0.12049078596822198,0.12049078596822202,0.4551264230784683,-2.878060925550681e-19,785.4865564505219,785.4865564505214,768.1213725912597,768.1213725912593,-0.5,-0.5,-0.5,-0.5
1,1969,40,after_integrate,1.968999999999894,1.967999999999894,0.001,0,0,0.41149306297302246,0.0,0.0,,8.088843916900075,1.8912876596909198e-16,8.811487190904741e-15,7.100053556519094e-15,0.0,0.0,30.588871516411785,8.088843916900075,-3.684644696427104e-15,615.0196063802053,615.0196063802056,617.9340517263053,617.9340517263055,-0.12044662118066574,0.12044662118066579,0.455123184645826,5.672478669215842e-19,785.0045778261965,785.004577826196,767.5356954050814,767.5356954050809,-0.5,-0.5,-0.5,-0.5
1,1970,40,after_integrate,1.9699999999998938,1.968999999999894,0.001,0,0,0.41149306297302246,0.0,0.0,,8.097339256360183,1.8976640955947616e-16,8.818591753815032e-15,7.072870412190243e-15,0.0,0.0,30.604939181047435,8.097339256360183,-3.688363473896158e-15,614.7993957202763,614.7993957202765,617.7312365536502,617.7312365536505,-0.12040241971532482,0.1204024197153375,0.4551199483685936,2.937139222667678e-17,784.5255234034645,784.525523403464,766.9528322872387,766.9528322872383,-0.5,-0.5,-0.5,-0.5
1,1971,40,after_integrate,1.9709999999998937,1.9699999999998938,0.001,0,0,0.41149306297302246,0.0,0.0,,8.10583905415496,1.9041042487389752e-16,8.825665762684375e-15,7.107910957435912e-15,0.0,0.0,30.621006731759472,8.10583905415496,-3.692454237088532e-15,614.5776785288148,614.5776785288151,617.5269344984295,617.5269344984297,-0.12035818163410208,0.12035818163408953,0.4551167143512766,-2.850290236467432e-17,784.0493967964028,784.0493967964023,766.3727879199193,766.3727879199189,-0.5,-0.5,-0.5,-0.5
1,1972,40,after_integrate,1.9719999999998936,1.9709999999998937,0.001,0,0,0.41149306297302246,0.0,0.0,,8.114343310267834,1.910598292961932e-16,8.832711848199836e-15,6.99903734117634e-15,0.0,0.0,30.637074168629507,8.114343310267834,-3.696371364875488e-15,614.3544630028925,614.3544630028929,617.321153590879,617.3211535908792,-0.12031390701808449,0.12031390701807192,0.4551134827200508,-1.964980441643977e-17,783.5762010516446,783.5762010516441,765.7955664216674,765.795566421667,-0.5,-0.5,-0.5,-0.5
1,1973,40,after_integrate,1.9729999999998935,1.9719999999998936,0.001,0,0,0.41149306297302246,0.0,0.0,,8.122852024683931,1.9171674252311615e-16,8.839764151973714e-15,7.140924621899363e-15,0.0,0.0,30.653141491743952,8.122852024683931,-3.701511533597402e-15,614.1297573499126,614.1297573499128,617.1139018707283,617.1139018707286,-0.12026959596649558,0.12026959596649564,0.45511025362403507,1.7401692462945526e-18,783.1059386639479,783.1059386639474,765.2211713641952,765.2211713641948,-0.5,-0.5,-0.5,-0.5
1,1974,40,after_integrate,1.9739999999998934,1.9729999999998935,0.001,0,0,0.41149306297302246,0.0,0.0,,8.131365197390052,1.9238020041813269e-16,8.846935880682366e-15,7.29044298570996e-15,0.0,0.0,30.66920870119485,8.131365197390053,-3.704014876129052e-15,613.9035697860638,613.903569786064,616.905187385389,616.9051873853892,-0.1202252485955777,0.12022524859556513,0.4551070272362217,-2.671372740740593e-17,782.6386115889479,782.6386115889475,764.6496057867145,764.649605786714,-0.5,-0.5,-0.5,-0.5
1,1975,40,after_integrate,1.9749999999998933,1.9739999999998934,0.001,0,0,0.41149306297302246,0.0,0.0,,8.139882828374661,1.9305029005944772e-16,8.854207322054031e-15,7.241120139605894e-15,0.0,0.0,30.685275797080717,8.139882828374661,-3.71045898202058e-15,613.6759085348327,613.675908534833,616.6950181881496,616.6950181881499,-0.12018086503758402,0.12018086503759667,0.45510380375405585,5.33401419582341e-17,782.1742212545471,782.1742212545466,764.0808722092021,764.0808722092016,-0.5,-0.5,-0.5,-0.5
1,1976,40,after_integrate,1.9759999999998932,1.9749999999998933,0.001,0,0,0.41149306297302246,0.0,0.0,,8.148404917627891,1.9372451691985243e-16,8.861439497593191e-15,7.263470083953289e-15,0.0,0.0,30.701342779507428,8.148404917627891,-3.7118812179737954e-15,613.4467818255646,613.4467818255649,616.4834023363766,616.4834023363768,-0.12013644543988958,0.12013644543988963,0.4551005833997146,4.1039566504647904e-19,781.712768571698,781.7127685716976,763.5149726453321,763.5149726453317,-0.5,-0.5,-0.5,-0.5
1,1977,40,after_integrate,1.976999999999893,1.9759999999998932,0.001,0,0,0.41149306297302246,0.0,0.0,,8.15693146514151,1.9440324340725569e-16,8.868692864403006e-15,7.262821236793544e-15,0.0,0.0,30.717409648589157,8.15693146514151,-3.71485677020216e-15,613.2161978920736,613.216197892074,616.2703478897281,616.2703478897284,-0.12009198996402236,0.12009198996400981,0.45509736642013704,3.0612764723282743e-18,781.2542539446916,781.2542539446912,762.9519086151141,762.9519086151137,-0.5,-0.5,-0.5,-0.5
1,1978,40,after_integrate,1.977999999999893,1.976999999999893,0.001,0,0,0.41149306297302246,0.0,0.0,,8.165462470908924,1.950853561715503e-16,8.875939535760404e-15,7.176241775586562e-15,0.0,0.0,30.73347640444911,8.165462470908924,-3.7191540641397146e-15,612.984164971299,612.9841649712994,616.0558629083823,616.0558629083827,-0.1200474987849275,0.12004749878491493,0.45509415308680373,6.183696631066054e-19,780.7986772813268,780.7986772813264,762.3916811576047,762.3916811576042,-0.5,-0.5,-0.5,-0.5
1,1979,40,after_integrate,1.9789999999998928,1.977999999999893,0.001,0,0,0.41149306297302246,0.0,0.0,,8.173997934925174,1.957682612352039e-16,8.883098999060115e-15,7.2846263936984e-15,0.0,0.0,30.74954304722053,8.173997934925174,-3.7240981310911534e-15,612.7506913020067,612.750691302007,615.8399554512854,615.8399554512856,-0.12000297209016238,0.12000297209016242,0.45509094369534236,1.1617172067342698e-19,780.3460380028323,780.3460380028318,761.8342908435197,761.8342908435193,-0.5,-0.5,-0.5,-0.5
1,1980,40,after_integrate,1.9799999999998927,1.9789999999998928,0.001,0,0,0.41149306297302246,0.0,0.0,,8.182537857186912,1.964559181783131e-16,8.890376299998368e-15,7.235565498902629e-15,0.0,0.0,30.765609577047435,8.182537857186912,-3.7271846226289e-15,612.5157851235332,612.5157851235335,615.6226335744223,615.6226335744226,-0.11995841007922484,0.1199584100792375,0.4550877385649389,4.8887510891016484e-17,779.8963350536329,779.8963350536325,761.2797377878159,761.2797377878154,-0.5,-0.5,-0.5,-0.5
1,1981,40,after_integrate,1.9809999999998926,1.9799999999998927,0.001,0,0,0.41149306297302246,0.0,0.0,,8.1910822376924,1.971461687497393e-16,8.89760058594051e-15,7.301451694039386e-15,0.0,0.0,30.78167599408553,8.191082237692399,-3.7292542242012795e-15,612.2794546745711,612.2794546745713,615.4039053291137,615.4039053291141,-0.11991381296288767,0.11991381296290034,0.4550845380376067,5.071269737645186e-17,779.4495669110702,779.4495669110697,760.7280216623021,760.7280216623017,-0.5,-0.5,-0.5,-0.5
1,1982,40,after_integrate,1.9819999999998925,1.9809999999998926,0.001,0,0,0.41149306297302246,0.0,0.0,,8.199631076441504,1.9784055916002485e-16,8.904891087591505e-15,7.292147836462957e-15,0.0,0.0,30.79774229850291,8.199631076441506,-3.730203111958615e-15,612.0417081919956,612.0417081919958,615.1837787603425,615.1837787603428,-0.11986918096260188,0.11986918096260193,0.4550813424773373,2.5221005539590607e-17,779.0057315949236,779.0057315949232,760.1791417081336,760.1791417081331,-0.5,-0.5,-0.5,-0.5
1,1983,40,after_integrate,1.9829999999998924,1.9819999999998925,0.001,0,0,0.41149306297302246,0.0,0.0,,8.208184373435685,1.985368209885756e-16,8.91216740655117e-15,7.299079804118917e-15,0.0,0.0,30.813808490480884,8.208184373435683,-3.733271189211889e-15,611.8025539097284,611.8025539097287,614.96226190511,614.9622619051103,-0.11982451430997,0.11982451430995743,0.45507815226913734,-2.3958842915977092e-17,778.5648266769168,778.5648266769164,759.6330967483204,759.63309674832,-0.5,-0.5,-0.5,-0.5
1,1984,40,after_integrate,1.9839999999998923,1.9829999999998924,0.001,0,0,0.41149306297302246,0.0,0.0,,8.216742128677987,1.9923436183890477e-16,8.919407228369072e-15,7.219282908095006e-15,0.0,0.0,30.829874570214702,8.21674212867799,-3.739293494834058e-15,611.5620000576399,611.5620000576403,614.739362790829,614.7393627908293,-0.1197798132462367,0.1197798132462494,0.4550749678179736,2.443839989909372e-17,778.1268492900203,778.1268492900199,759.0898852000496,759.0898852000491,-0.5,-0.5,-0.5,-0.5
1,1985,40,after_integrate,1.9849999999998922,1.9839999999998923,0.001,0,0,0.41149306297302246,0.0,0.0,,8.225304342173036,1.9993374564312782e-16,8.926631806608495e-15,7.24089457851787e-15,0.0,0.0,30.845940537914174,8.225304342173036,-3.7400453256159605e-15,611.3200548604871,611.3200548604873,614.5150894337502,614.5150894337505,-0.11973507802194959,0.11973507802194965,0.4550717895476698,2.6213332199236153e-18,777.691796137837,777.6917961378365,758.549505087097,758.5495050870966,-0.5,-0.5,-0.5,-0.5
1,1986,40,after_integrate,1.985999999999892,1.9849999999998922,0.001,0,0,0.41149306297302246,0.0,0.0,,8.233871013927022,2.006366307461129e-16,8.933863952387583e-15,7.251992008061715e-15,0.0,0.0,30.862006393804375,8.233871013927022,-3.745833799264768e-15,611.0767265368851,611.0767265368854,614.2894498374284,614.2894498374286,-0.11969030889641134,0.11969030889642401,0.45506861789972347,5.049154482544042e-17,777.2596635037074,777.259663503707,758.0119540519288,758.0119540519283,-0.5,-0.5,-0.5,-0.5
1,1987,40,after_integrate,1.986999999999892,1.985999999999892,0.001,0,0,0.41149306297302246,0.0,0.0,,8.242442143947706,2.013426398811508e-16,8.941103900133473e-15,7.445230715712937e-15,0.0,0.0,30.878072138126218,8.242442143947706,-3.74658213701589e-15,610.8320232983143,610.8320232983145,614.0624519912263,614.0624519912266,-0.11964550613747683,0.11964550613747689,0.4550654533321039,1.15078846442317e-17,776.8304472599054,776.830447259905,757.4772293678591,757.4772293678586,-0.5,-0.5,-0.5,-0.5
1,1988,40,after_integrate,1.9879999999998919,1.986999999999892,0.001,0,0,0.41149306297302246,0.0,0.0,,8.251017732244396,2.0205931558389882e-16,8.948727981339887e-15,7.723260040003002e-15,0.0,0.0,30.89413777113708,8.251017732244396,-3.7489528588671624e-15,610.5859533481571,610.5859533481574,613.8341038688619,613.8341038688621,-0.11960067002117876,0.11960067002116621,0.4550622963179963,-1.5644506605938927e-17,776.404142876686,776.4041428766856,756.9453279510028,756.9453279510024,-0.5,-0.5,-0.5,-0.5
1,1989,40,after_integrate,1.9889999999998917,1.9879999999998919,0.001,0,0,0.41149306297302246,0.0,0.0,,8.259597778827947,2.027792175203052e-16,8.956541990414504e-15,7.899315105310957e-15,0.0,0.0,30.910203293111202,8.259597778827947,-3.755673521850446e-15,610.3385248807672,610.3385248807675,613.6044134269935,613.6044134269937,-0.11955580083147231,0.11955580083148495,0.45505914734456326,3.8837995408107763e-17,775.9807454312955,775.9807454312951,756.4162463721374,756.4162463721369,-0.5,-0.5,-0.5,-0.5
1,1990,40,after_integrate,1.9899999999998916,1.9889999999998917,0.001,0,0,0.41149306297302246,0.0,0.0,,8.268182283710757,2.0350290709657493e-16,8.964597014716886e-15,8.302905409102149e-15,0.0,0.0,30.926268704340224,8.268182283710757,-3.757564367142429e-15,610.0897460805678,610.0897460805681,613.3733886038522,613.3733886038523,-0.11951089886009696,0.119510898860097,0.45505600691166265,1.1474464718265197e-17,775.5602496168974,775.560249616897,755.889980868373,755.8899808683727,-0.5,-0.5,-0.5,-0.5
1,1991,40,after_integrate,1.9909999999998915,1.9899999999998916,0.001,0,0,0.41149306297302246,0.0,0.0,,8.276771246906742,2.042324406164718e-16,8.973047268020256e-15,8.568468967227089e-15,0.0,0.0,30.942334005133635,8.276771246906742,-3.7627933214343155e-15,609.8396251211791,609.8396251211792,613.1410373179144,613.1410373179145,-0.11946596440627905,0.11946596440629172,0.4550528755305919,6.125069556129158e-17,775.1426497514838,775.1426497514833,755.3665273547456,755.3665273547454,-0.5,-0.5,-0.5,-0.5
1,1992,40,after_integrate,1.9919999999998914,1.9909999999998915,0.001,0,0,0.41149306297302246,0.0,0.0,,8.285364668431349,2.0496390489847308e-16,8.981756702134125e-15,8.889449757927964e-15,0.0,0.0,30.958399195819094,8.285364668431349,-3.764565632992946e-15,609.5881701645723,609.5881701645726,612.9073674666213,612.9073674666213,-0.11942099777669063,0.1194209977767033,0.4550497537228288,3.138499696050049e-17,774.7279397866782,774.7279397866778,754.8458814355779,754.8458814355779,-0.5,-0.5,-0.5,-0.5
1,1993,40,after_integrate,1.9929999999998913,1.9919999999998914,0.001,0,0,0.41149306297302246,0.0,0.0,,8.29396254830153,2.0569628151867848e-16,8.990737796008535e-15,9.100587769400499e-15,0.0,0.0,30.97446427674284,8.29396254830153,-3.769019158999686e-15,609.3353893602517,609.335389360252,612.6723869251418,612.6723869251418,-0.11937599928528604,0.11937599928528608,0.4550466420187906,1.1676231902163673e-17,774.3161133165456,774.3161133165452,754.3280384157486,754.3280384157486,-0.5,-0.5,-0.5,-0.5
1,1994,40,after_integrate,1.9939999999998912,1.9929999999998913,0.001,0,0,0.41149306297302246,0.0,0.0,,8.302564886535734,2.0642779560618841e-16,8.999984578349802e-15,9.415930013639613e-15,0.0,0.0,30.990529248269887,8.302564886535736,-3.774373420999574e-15,609.0812908444609,609.081290844461,612.4361035451803,612.4361035451803,-0.11933096925321748,0.11933096925321754,0.45504354095661503,3.444666743317718e-17,773.9071635862877,773.9071635862874,753.8129933117275,753.8129933117275,-0.5,-0.5,-0.5,-0.5
1,1995,40,after_integrate,1.994999999999891,1.9939999999998912,0.001,0,0,0.41149306297302246,0.0,0.0,,8.311171683153908,2.071578350703689e-16,9.00948065005493e-15,9.609634357183408e-15,0.0,0.0,31.00659411078437,8.311171683153908,-3.7774337087510246e-15,608.8258827394135,608.8258827394136,612.1985251538313,612.1985251538313,-0.11928590800883014,0.11928590800884281,0.4550404510809648,3.8714957557422423e-17,773.5010835009579,773.5010835009574,753.300740862494,753.300740862494,-0.5,-0.5,-0.5,-0.5
1,1996,40,after_integrate,1.995999999999891,1.994999999999891,0.001,0,0,0.41149306297302246,0.0,0.0,,8.319782938177472,2.078853667610791e-16,9.019243284003393e-15,9.787579223351358e-15,0.0,0.0,31.022658864689703,8.319782938177472,-3.78154179427358e-15,608.5691731525487,608.569173152549,611.9596595524782,611.9596595524782,-0.11924081588764754,0.11924081588763494,0.45503737294187563,1.0826024259933942e-17,773.097865634098,773.0978656340975,752.7912755402548,752.7912755402548,-0.5,-0.5,-0.5,-0.5
1,1997,40,after_integrate,1.9969999999998909,1.995999999999891,0.001,0,0,0.41149306297302246,0.0,0.0,,8.32839865162932,2.086063439805267e-16,9.029152809021415e-15,1.0214204890214755e-14,0.0,0.0,31.038723510408737,8.32839865162932,-3.787375567826837e-15,608.3111701758088,608.3111701758089,611.7195145157378,611.7195145157378,-0.11919569323228407,0.11919569323228413,0.45503430709359927,3.3708075069682794e-17,772.697502236334,772.6975022363338,752.2845915609848,752.2845915609848,-0.5,-0.5,-0.5,-0.5
1,1998,40,after_integrate,1.9979999999998908,1.9969999999998909,0.001,0,0,0.41149306297302246,0.0,0.0,,8.3370188235338,2.0932398607984654e-16,9.039399326740888e-15,1.0273817576354252e-14,0.0,0.0,31.054788048383934,8.3370188235338,-3.791959771615988e-15,608.0518818849383,608.0518818849384,611.478097790452,611.478097790452,-0.1191505403926001,0.11915054039260015,0.4550312540935455,1.1787160736917873e-17,772.2999852438838,772.2999852438836,751.7806828947279,751.7806828947279,-0.5,-0.5,-0.5,-0.5
1,1999,40,after_integrate,1.9989999999998906,1.9979999999998908,0.001,0,0,0.41149306297302246,0.0,0.0,,8.345643453916706,2.1003403043595853e-16,9.049782849735766e-15,1.0445027374860858e-14,0.0,0.0,31.070852479077406,8.345643453916706,-3.796297834369803e-15,607.7913163388046,607.7913163388047,611.2354170947215,611.2354170947215,-0.11910535772567017,0.11910535772567023,0.4550282145012042,3.624679128028152e-17,771.9053062871594,771.9053062871592,751.2795432758569,751.2795432758569,-0.5,-0.5,-0.5,-0.5
1,2000,40,after_integrate,1.9999999999998905,1.9989999999998906,0.001,0,0,0.41149306297302246,0.0,0.0,,8.35427254280527,2.1073634108901752e-16,9.060317756334887e-15,1.0710308451443758e-14,0.0,0.0,31.08691680297104,8.354272542805273,-3.800518619906106e-15,607.5294815787395,607.5294815787396,610.9914801169868,610.9914801169868,-0.1190601455958796,0.11906014559589227,0.4550251888771381,3.776609525020471e-17,771.5134566991219,771.5134566991217,750.7811662129359,750.7811662129359,-0.5,-0.5,-0.5,-0.5
